mbti,comments
1,밀당 아닌가요
1,저 분들 심리 를 공부 를 좀 해보니 밀당 은 또 아닌거 같더라구요 저희 랑 생각 자체 가 너무 달랐어요 멀어지려고 하면 쓱 다가오고 그래서 다가가면 또 멀어지고 뭔가 싶네요
1,애정결핍 같기도
1,제 글 한번 반 보고 와주시면 감사하겠습니다
1,스며들 기하 는 법좀 알려 즈 세 요
1,와 멋있어요 직접 그 리신 건가 요 감탄 하고 갑니다
1,오 맞아요 인 프제 가 친절하기만 하면 별로 안 친한거고 저런 장난 치면 친해진 거 예요
1,간택 을 축하 합니다
1,그 인 프제 외모 가 맘 에 드신거에요
1,솔직히 외모 가 마음 에 들었느냐고 하면 잘 모르겠어요 그냥 같이 있는 동안 웃기 고 재미있어서 좋아지게 됐어요 처음 보는데 엄청 편했고 어색하지도 않고 말 도 나름 잘 통 하는 것 같았구여 그래서 아 나 이 사람 이랑 좀 더 좋은 관계 로 발전 하고 싶다 생각 했어용
1,그렇다면 애매하네요 지금 은 그 와 같은 모습 이 안 보이는데 계속 하시고 싶으신 거 죠 글 쓰신거만 볼때 는 인 프제 는 마음 이 없는거 같아요 좋아하면 저렇게 까지 단답하지는 않아요
1,그렇 군 여 괜히 더 끌다가 서로 힘들 바 에는 그냥 솔직한 맘 을 듣고 이 관계 에 대해 서 확실히 하고 싶네요
1,얘기 안 해줄거 같아요 전 아예 밀어 보셨으면 하는데요 당겨지기만 하신거 같아서 톡 도 단답 하시고 연락 먼저 하시지 마시고요 마음 이 조금 이라도 있다면 이러면 오히려 관심 생겨서 어떻게 해서든 연락 이 올거 같아요 제 말 만 정답 이 아니니까 다른 분 의견 도 듣고 해보시면 좋을거 같아요 잘 못 되면 아예 영영 연락 이 끊기는거니까 요 미실 때 약속 도 미루거나 취소 하셨으면 좋겠어요 지금 은 만나는게 더 독일 거 같아요
1,넹 안 그래도 계속 연락 만 기다리는게 힘들 기도 해서 조금 밀어 보려고요 조언 감사해요
1,넘 따숩다
1,따뜻한 엔 푸제 전 생각 만 하고 소심해서 시도 조차 못 하는 뎈 역시 엔 프제 제 워 너비 에 오
1,
1,저 말 은 부정 의 뜻 이 맞는데 아주 철벽 도 아닌거 같아서 이대로 지내시되 너무 호감 티 는 내지 마시구요 인 프제 남도 추측 이지 확실히 아는건 아니니 호감 표시 안하 심 내 가 착각 했나 할거거든요 그러다 보면 잘 될수도 있는거니깐 요 장기전 으로 가셔 야할 듯 요
1,아직 완전 접 을 필요 는 없다고 생각 해요 저 도 가능성 아예 없는거 아니라고 생각 합니당
1,얘기 들은 거 티나 게 어색해지시는거 피하 면 좋을거 같아요
1,좋아하는 사람 내 치 지 않아요 인 프제 는 고마운거잖아요 날 좋아해준다는건 부담 안주시 면 될 듯 하고 먼저 다가올 때 까지 기다리시고 많은 대화 를 해보시면 될듯 해 요
1,정말 글 을 잘쓰셨네요
1,오 되려 용기 를 주는 위로 법 두 있군요 뭔가 지금 너무 힘들어 보 여서 더 잘 할 수 있다구 말 하는게 어렵더라구요
1,완전 다르네요 사고 가 저 는 지금 당장 이 중요하거든요 감사합니다
1,잘 극복 할 수 있다구 응원 해주기 기억 할 게 여
1,앗넵
1,오오 따뜻한 말이네요 정말 뭔가 주변 사람 에게 힘들단 말 진짜 안 하는 거 같아요 걱정 시키는 것 도 싫어하는 거 같구 참고 하겠습니다 감사해요
1,맞아여 딱 그래여 진짜 안쓰럽고 짠해요 왜 그렇게 스스로 를 혹사 시킬까 생각 두 들고 하 넘 짠해서 속상한데 뭐 해줄 수 있는 거두 없구 어찌 할까 요 안 그래도 그냥 옆 에만 붙어있으라고 말 한적 이 있었는데 그게 진짜 인가 보네요 노드 님 댓글 을 보니 문득 떠올랐어요 믿고 기다려주기 기억 할게요
1,앗 오해 를 드려 죄송합니다 오피셜 은 아니에요 그냥 추측 이에요 제목 을 수정 하였습니다 어디서 밝히시지는 않았어요
1,아닙니다
1,앗 오해 를 드려 죄송합니다 오피셜 은 아니에요 그냥 추측 이에요 제목 을 수정 하였습니다 그런데 맞는거 같아요
1,흔 치 않은 경우 네 욤 본인 이야기 가 흔 치 않은 일이 라 숨기 고 싶을 수도 있고 그래서 현실 에 숨는 것일 수도 있을 가능성 이 있습니다 윗 분 말 처럼 인 프제 가 아닐 수도 있구요
1,평생 한번 도 안 해봤어요 고백 공격 1 번 빼고 상대방 마음 100 확인 되면 형식 상 합니다
1,오 포기
1,저 에게 빠졌다고 생각 했는데 통화 나 만남 은 좀 미루는 것 에서 뭔가 자신감 이 떨어지네요 거기 다 카페 와 서 infj 와 썸 타는 글 몇 개 읽어 보니 단순 친절 인지 다정한 것 인지 구분 하는 것 을 보니 더 어려워집니다 INFP 특유 의 자신감 없음 상황 발생 이 요
1,그럴수도 있겠군요 같이 어디 놀러 가자 이런 이야기 는 하는데 정확한 시점 은 언급 이 없긴 합니다 사실 저 는 당장 가서 만날 수 있는 상황 이에요 그리고 저 학생 아닙니다 직장 생활 10년 차 넘었습니다 지금 은 여자 분 이 12월 까지는 많이 바쁘다고 하네요 일단 은 지금 처럼 스며들어 봐야겠어요 저 도 가능성 반 반 으로 보고 오픈 엔딩 으로 생각 은 하고 있긴 한데 할 수 있는 것 은 해보고 싶군요
1,아하 넵 맞아요 인프피 는 그렇습니다 한번 에 쑥 빠져들고 못 빠져나오져 덕분 에 고삐 한번 잡고 다음 에는 진지한 대답 도 들어 봐야겠네요
1,음 뭔가 글 쓴이가 좋지만 국제 연애 니까 나이 차이 두 10 살이 상 차이가나구 또 미래 를 생각 하면 복잡해서 저렇게 할 수도 있다고 생각 해요
1,이경우 는 재회 가능성 매우 낮 을 거 같아요
1,전부 다 애매하기도 하고 확실히 좋아하는 맘 을 알수있는건 안 느껴지고 약간 알고싶은 맘 정보 전달 같아요
1,인 프제 는 좋아하면 대부분 인생 결말 까지 생각 하고 미래 를 그려요 그런 의미 로 한 얘기 같네요
1,의미 있다고 보여요 탐색 같은 느낌이네요
1,짐 짜 한번 도 못 만나 봐서 넘 궁금해요 앵 뿌 제 남자 지인 으로만 봤는데 지인 에게도 너 뮤 친절하고 계속 챙겨주더라구요 남자 에게도 골든 리트리버 그 잡채
1,다정한 남자 말 이쁘게 하는 남자 나 소중히 대하 는 남자 진짜 최고 공감 합니다
1,그 쵸 내 가 가진 걸 소중히하 쟈
1,맞아요 그럴 가치 가 있을 때 소중히하자
1,엔 프제 최고 불도저 표현 을 너무 잘 하죠
1,엔 프제 엔 프피 나오는 남자친구 라 그런지 첫 과정 부터 다 공감 요 3년 차인데 한결같은 편이 에요
1,ENFPENFJ 이긴 해 요 JP 다른 조합 이 더 좋은 거 같아요
1,계속 올려주세요
1,꺄 알겠습니다 먼가 관계 에 진전 이 있다면 꼬옥 올릴게 용
1,머 를 용
1,다른 말 다 종합 해 봤을 땨 제 가 느끼 기 엔 간접 고백 같진 않았어요 토요일 에 만나기로 해서 다시 말 해보려고요
1,넵 감사해요
1,좋아해주시니 다행 이네 요 앞 으로도 자주 올려 볼 게 용
1,고 백 햇 을 때 저리 나오면 일단 냅 두는게 맞는거 같아요 아침 에 자잘한 인사 는 미안해서인듯
1,네 그게 나으실듯 자기 가 아쉬우면 다가올거에요
1,상대 가 호감 표시 하 면 거부 의 사 일 때 확실히 끊어주는게 인 프제 인데 저 분 은 거부 하면서 연락 한 다니 연애 는 하기 싫고 썸 은 타고싶은 건지 좋은 느낌 은 아니네요
1,네 그렇게 말 한 거 보면 확실히 아닌거니 작성자 님 을 위해 멀리 하세요
1,그런 가요 전 주위 사람 들 이 저 한테 호감 표시 하 면 손절 당한다는 얘기 들 을 우스갯소리 로 하는데 오해 받는게 싫고 특히 나 나 한테 호감 있는 사람 이랑은 제대로 된 대화 가 되지 않을것 같고 어떤 고민 상담 이든 나를 좋아하니 본인 유리한 쪽 으로 할것 같아서 이어 나갈 이유 가 없는것 같은데 이해 가 잘 안되네요
1,혼자 있고싶으면서 사람 을 그리워하는거 맞아요 주위 에서 벽 이 느껴진다고 하는데 그런 얘기 듣고 맘 을 터 놓고 애정 을 나누자는 생각 도 많이 들고요 나이 들수록 그냥 가벼운 인간관계 는 별로 맺고싶지가 않아요 소수 라도 진정 나를 이해 해주고 나도 이해 할 사람 만 옆 에 두고싶은 맘 이라 희망고문 으로 오해 받을 사람 은 옆 에 두고싶지가 않아요 그게 상대 를 위 한거라고도 생각 하고요
1,원래 인 프제 는 안 그런데 왜 저런 행동 을 하는지 무언가 빠진게 없나 싶기도 하네요 확실히 명확하게 우리 관계 뭐 냐 사귀는거니 나 좋아하니 라고 물어본게 맞나요 아니면 흘러가듯 장난 하 듯 스치듯 얘기 한 건가 요 저 도 ESTP 여성 과 비슷한 경험 이 있어서 좀 더 깊게 물어봅니다
1,그렇다면 명확하게 마음 을 전달 하셨네요 스킨 쉽이 포옹 했거나 키스 를 했다면 인 프제 가 아닌 저 사람 이 나쁜사람 이 맞네요 만약 그게 아닌 손잡기 정도 만 했다면 무언가 다른 이유 가 있을수 있습니다
1,과거 인 프제 나왔고 엣팁 에게 고백 도 받아 봤는데 제 가 여자 저런 멘트 는 확실한 거절 로 보시 면 되요 이 성적 으로는 요 기본 적 으로 성별 관계없이 다 그 정도 로 친절해서 종종 고백 들 하더라구요
1,신기하다 너무 너무 다르당 잇 팁 앞 에서 욕 하면 듣는 사람 은 나 인데 욕 은 좀 그렇지 않아 이미 지나간 일 인걸 아직 까지 마음 에 담아 두면 너 만 손해 야 아무튼 오늘 하루 너무 고생 많았어 기운 차려 엔 프제 의 사랑방 법도 교육 받고 갑니당 엔 프제 분 만나면 공범 새끼 의 어휘 를 이용 해서 간택 당해야 겠군 녀
1,인 프제 는 뭔가 저 로서 는 속 을 모르겠어여 아버지 가 인 프제 라니 너무 부러워여
1,헉 인 프제 가 괜찮은 사람인 지는 어떻게 알수있나 옄 그리고 인 프제 는 화낼때 어떻게 하는지 너무 궁금하네여
1,와 친절 과 다정 차이 공감 되네요 이렇게 알아주는 따님 이 있어 아버님 이 부럽네요
1,이 거 뭔 지 너무 잘알
1,일 의 노예
1,상대방 을 먼저 챙긴다 꾸준히 먼저 연락 한다 상대 가 좋아하는 행동 을 한다 티 안 나겠지만 의도 적 일것 임
1,저 는 요즘 사람 답지 못 하게 대면 보다 카톡 장문 이 가장 편하네요 요건 제 가 특이할지도
1,주것으요 근데 이제 동물 보면 살아나요 진짜 대단한 인간성 가진 사람 봐도 존경심 이 피어 오릅니다
1,앗 집 순이 는 문화 활동 하지 않습니다 산책 이 다 에요
1,카톡 유튜브 넷플릭스 엠헬 카페 봐요 저 는 항상 혼자 다녀요
1,앗 아뇨 애인 이 써요
1,한마디 로 저 와는 다른 매력 을 가진 사람 입니다
1,오 맞아요 저 라는 사람 을 있는 그대로 받아들여주는 사람 체고 사실 서로 비슷한 점 이 꽤 있는듯 해 요
1,피아노 마음먹기에 따라 완전히 다른 소리 를 낼수있다는 점 에서 피아노 같아요
1,좋아하는 인 프제 있으세요 역 질문
1,그럴것 같았습니다 요
1,언제 고백 하시나요 혹은 다가가시나요 다른 분들 처럼 썰 풀어주시길 은근 기대하는 중
1,좋은 소식 기대하겠습니다 기대 되는 잠재 적 커플 들 이 너무 많네요
1,아뇨 너무 감사합니다 절하 고 싶을듯 마음속 으로 했을지도 요
1,넵 썸 에서 발전 하시 기를 응원 합니다
1,강아지 는 분양 받으신 건가 요 받기전에 걱정 은 안되셨어요 받고나서 지금 은 후회 하지 않으신 가요 제 가 요새 강아지 랑 같이 캠핑 가는 로망 에 잡혀서요 키울 자신 이 없어서 걱정 입니다 강아지 에 마음 뺏긴 적은 3년 정도 된것 같아요 아는 지인 강아지 맡아서 3 개월 정도 챙긴 경험 이 있습니다
1,강아지 는 키운지 이제 5년 이 넘어가서 너무 익숙한 존재 입니다 키울 자신 이 없다면 추천 드리진 않습니다 특히 멍멍 이 애기 때 는 졸졸 쫒아다니면서 배변훈련 앉아 기다려 훈련 사회 화 훈련 등등 교육 시켜야 할게 많고 이갈이 시기 에는 온 집안 물건 을 난장판 으로 만들어 놓는답니다 저희 집도 버린 물건 이 한두 개 가 아니에요 쇼파 도 버려졌어요 모든 마음 의 준비 가 다 되었을 때 고려 해보 심 이 좋을듯 합니다 좋은 선택 하세요
1,감사합니다 역시 쉬운게 아니네요 제 가 온전히 책 일질 수 있을 때 해야겠습니다
1,그나마 기를 충전 할수 있는 실내 로 들어가시거나 사람 이 많이 없는 곳 에서 둘 만의 오붓한 시간 을 보낸다거나 하면 좋을것 같아요 근데 내 향 인들 은 밖에 나오면 기 가 빨리 는게 디폴트 라서 너무 걱정 안 하셔도 돼요 그냥 두셔도 됩니다 본인 도 모르게 그런 순간 이 찾아오는거라서
1,엔 티제 가 주변 에 희귀 하고 잘 없어서 모르는데 엔 티 제의 연애스타일 은 어떤 가요
1,솔직함 돌직구 확실하게 표현 이 삼박자 가 잘 어우러진 사람 이라고 봅니다 근데 이제 엄청난 일중독 자 에요
1,글 을 적으 심 에 흡수 력 이 있으시네요 읽다 보면 빠져들어요 술술 읽히고요
1,앗 좋게 봐주셔서 감사합니다
1,
1,인 프제 나 는 함께 하지 못 한 15년 의 시간 을 알 고 있잖아요 그때 누나 는 얼마나 더 예뻤을까 엣팁 아 15년 엔 못 비비지 킹 정이 누 부럽다 진짜
1,성향 차이 가 뚜렷하네요 인 프제 가 계속 저러니 제 가 더 소중히 대하 려 하다가 가끔 고장 납니다
1,와 역대 급
1,인 프제 참 사랑스럽습니다
1,오 갑자기 제 소개팅 남 인 프제 가 순간 생각난 순간 이 엿 어 갑자기 확 스쳐 지나가네요
1,잘 버리셨습니다 단호
1,다른 사랑 찾아 떠나는 중 입니다
1,달달 하네요 제 잇 티 제 남친 은 10년 전 드라마 보고 송혜교 이쁘다는 저 에게 10년 전엔 자기 가 더 이뻤어하더라구요 알 고 지낸지 1년 도 안 됐는데 10년 전의 절 본줄
1,앞 으로도 뭐 든 다 얘기 할 겁니다 전혀 고민 거리 도 아닌데 혼자 생각 많이 하다 사고 칠 뻔했네요 저 달달 함 이 얼마나 갈까 요
1,요즘 장 꾸미가 스물 스물 올라와서 저런 멘트 는 별로 없긴 합니다 연애 좋은 거 네 요 진작 에 할 걸
1,인 프제 에 대한 환상 이
1,인 프제 절미
1,주접 에도 길 들여지거나 맞장구 쳐 주는 인 프제 가 있다면 그럼에도 순수하다면 앙 깨물어줘야 쥬
1,많이 달라 요 엔프피 는 덜렁대서 손 이 많이 가는 쪽 이 라면 엔 프제 는 일부러 손 이 가게 만드는 거뭘 함께하고 싶다던지 빼고는 차분하고 생각 이 많아서 그런 일 은 잘 없어요
1,제 가 지웠어여 부끄러워 성
1,네 엥 알겠 습 니당
1,부끄러우실수도 있죠 뭐 저 는 괜찮아요 뭔 일 있나 했어요 댓글 에서 험악한 뭐 가 있었나
1,아 녜 요 감사합니당
1,먼가 따수운 인류 애 느껴지는 글 이 네 여
1,읽는 내내 함께 행복해지네요 인 프제 분 도 작성자 님 도 서로 를 알아보고 이런 사랑 도 주고받는다는게 좋은 사람 이고 성숙한 사람 이기 에 가능한거겠죠 주는 기쁨 받는 기쁨 이 같이 어우러지는게 진정한 사랑 이라고 봐요 항상 감사하는 마음 으로 서 롤 바라본다면 쭈욱 계속 되지 않을까 싶어요 행복한 사랑 하세요
1,좋아해주셔서 감사합니다 전화하는 거 그거 별거 아니더라고요 오늘 도 행복하게 보내세요
1,앗 감사합니다 종종 올려 보도록 할게요
1,몽글 너무 좋아요 이렇게만 달달 해 쥬세 요 서로 를 이해 하고 배려 하는 모습 이 아주
1,가끔 은 지나친 배려 는 독 이 될거 같기도 하지 만요 참 다른 두 사람 이기 에 더 많이 노력 해야 합니다
1,상대 분 의 마음 을 몰라서 혼자 삽질 하는 거 아닌가 싶어 갈팡질팡 하며 하나 씩 올려 봤을 뿐 인데 감사합니다
1,대충 떼쓰는 여우 이모티콘
1,뭔 지 아시겠죠 오늘 도 인 프제 분 은 떼 쓰는 중
1,저 도 글쓴이님 이랑 비슷해요 아프다고 하면 어디가 아픈지 병원 은 갔는지 필요한 건 있는지 이렇게 다 물어보고 많이 힘들겠다 까지 하는 편이 에요 근데 제 가 힘들고 피곤한 상태 에서 저렇게 너 가 F 였으면 좋겠다 라는 말 들으면 갑자기 피곤해지고 공감 해주기 싫어지 기도 해 요
1,저 도 그렇게 무지 성 공감 아니네요
1,귀찮은 거 죠 굳이 관심 도 없는데 부딫히는게 요
1,안 친한데 관심 있으면 속 으로 의식 하죠 겉 으론 티 안내 요
1,전 주변 에서 힘들어하면 많이 챙겨주는 편이긴 한데 이성 이고 제 가 마음 이 없는 상대 라면 챙겨주는 행동 을 억제 하려고 노력 하는 편이 에요 혹시 오해 할 수 도 있으니
1,네 오 해소 지 있을것 같음 하지도 않을것 같은데 요즘 부쩍 선톡 주고 그러네요 흠 그냥 이성 이란 이유 로 더 그런것 같아서 그냥 사람 으로서 좋은 친구 로 전 받아들이게요
1,흠 남녀 간 친구 로 모든 게 가능합니다 인프재 는 동화 같은 친구 를 원하기 때문 에 그런 친구 가 되려 노력 해요 이 글 만 봐 서는 호감 인 진 알 수 없어서 더 필요해요 내용 이
1,흠 뭐 든 절 세워주더라구요 저 에 좋은 부분 들 을 더 부각시켜서 위로 해주고 상담사 같다가도 먼저 연락 주거 나 매일 은 아니더라도 가끔 연락 하자 이렇게 먼저 말 도 해주고 서로 어려워 하지말 자고 먼저 말 해주네요 제 가 워낙 힘든 부분 을 안 나누고 남 에게 부담 느끼게 하기 싫어해서 미리 언 지해 주는것 같아요
1,힘들어 하 거나 우울해하면 잘 챙겨줘요 남녀 를 불문 하고 챙겨주고 싶어요
1,넵 정말 고마운 존재 들
1,인류 애 를 박살 시킬 만큼 인 프제 의 가치관 을 부숴 버릴 만큼의 노답 인간 이 아니라면 남녀 불문 하고 챙겨주려는 표시 를 티 안 내게 하려고 하는 게 인 프제 입니다 다만 이 성적 으로 보는 것 하고는 또 다른 별개 의 문제 같아요 정말 내 사람 으로서의 관심 이 있느냐 와 오해 받을 소지 가 있냐 등 애매한 관계 가 되 버린다면 차라리 오해 안 사는 게 낫 죠
1,그냥 챙겨 주신거 같은데요 의미 부여 안 하셔도 될거 같습니다
1,네 저 부터가 건강하지못하는데 누굴 응원 하고 치료 한다고 오지랖 인지 그냥 그걸 핑계 로 계속 그 친구 옆 에 들러붙고싶었던거 같아요 그 친구 마음 뜬거 진작 알았는데도 글 쓰면서 확인 사살 받고싶었나 봐요 조언 감사해요 정신 차리겠습니다
1,처음 에 사랑받을 때 의 기억 이 너무 좋았어서 쉽게 놓아 버린 제 가 너무 후회 가 되서 여지 만 있다면 다시 잘 해보고싶었던건데 이제 는 진짜 부질없는거 깨 달았고 지나간 인연 더 는 붙잡지 않고 저 부터 좀 제대로 살 고 봐야겠어요
1,앞 전 글 에 제 가 미련 있어서 다시 잘 해보자고 했고 엔 프제 가 시간 달라 고 했다고 썼는데 저 는 꾸준히 그 친구 한테 미련 이 있어서 그렇게 말 했고 연락 하면서 다시 생각 해보겠다고 한 건 엔 프제 에요 그래서 저 는 엔 프제 마음 돌리기 위해 서 노력 한건데 어떤 점 이 제 마음대로 한다고 느끼신 걸까 요
1,아 제 가 글 쓴지가 좀 되서 미묘하게 다르게 기억 하고있었어요 근데 생각 할 시간 을 달라 고해 서 줬고 나중 에 연락 왔을 때 그 친구 가 분명히 여지 를 줬기 때문 에 저 는 나름 믿음 을 주 려고 노력 을 한거거든요 제 가 어떻게 했어야하는걸 까요 그때 연락 을 끊겠다고 결심 했을 때 끊었어야 됐던거죠 그랬으면 이번 글 은 쓸 필요 도 없었을텐데요
1,
1,애매하게 감정 이 남았다는 그 말 에 희망이 있는줄 알 고 여태 질질 끌려 왔네요 그때 딱 끊을걸 제 가 쉽게 헤어지 자고 한 잘못 으로 더 믿음 주 려고 나름 노력 한건데 다 부질없다는걸 알면서도 남 한테 들어야 정신 을 차리게 되네
1,지금 이라도 정신 을 차리는 게 어딥 니까 더 좋은 사람 만나시길 제 댓글 은 너무 세세한 썰이라 펑 할께오
1,넵 죄송해요 위 에 제 댓글 저기 서 끊은줄 몰랐어요 의도 적 으로 반말 한 게 아니니 양해 부탁드려요 더 좋은 사람 분명히 있겠죠 데 구르 르 님 도 좋은 분 만나시 길 요
1,헐 반말 인지도 몰랐어요 상관없습니다 화이팅 입니다
1,에 정말 요 계속 생각나구 연결 되어있는 느낌 이라 던데 그렇게 해석 할 수도 있군요
1,제 가 궁금한게 그럼 아르테 님 은 저 연결 되어 있다는 느낌 이라는 말 을 들었을 때 이해 가 되시는거죠
1,네 좀 너무 빠른 거 같고 진심 인지 신뢰 도도 떨어지는 거 같구 그냥 하는 말 인 건지 믿어도 되는 건지 듣기 좋은 말 처럼 빈말 하는 건지 어려워요 엔 프제 너무 너무
1,제 가 불안해서 망쳐 버릴까봐 걱정 되요 제 속도 에 맞추면 텐션 이 떨어지는 거 같아서요 아무래도 의심 이 기본 베이스 라서 너무 힘드네요 결혼 은 진짜 제 가 받아 쳐주면 해 버릴 거 같아서 결혼 얘기 는 적절히 쳐내고 있어요
1,상처 받을까봐 솔직히 신뢰 가 잘 안 간다구 말 은 못 했어요 왕도 대로 솔직하게 가볼게요 조언 감사합니다
1,에고 헤어짐을 준비 중 인거 같은데 관계 개선 의 의지 가 없고 저런 식 으로 행동 하는건 다시 만나도 작성자 님 이 너무 힘들어질 걸 로 보여져요 서운한거 다 참고 만나시는 관계 밖에는 안될 듯 하고 그런 관계 가 또 얼마나 지속 될지하는 생각 입니다
1,그 서운한 부분 이 누가 생각 해도 아닌 부분 이 라면 굳이 만나시는게 맞을까 싶고요 이대로 헤어질수도 있고 닥달하 면 닥달한다 고 헤어지거나 냅 두면 냅 둔다고 헤어지거나 좀 어려운 상황 같네요 싸워서도 아니고 불만 말 했다고 저런다니 상대 가 무안할 정도 로 몰아 부치신 거 아니라면 그 정도 의 마음 밖에는 안된다고 보이네요
1,그런 것 은 아니라고 생각 할 시간 이 필요하다 어떤 말 을 해야 할지 모르겠다 하고서 다음 날 인별 에 연관 사진 다 지워진거 보고 매우 당황 스럽네요 관계 는 서로 맞춰가는 것 이 매우 중요한데 대화 가 어떤 흐름 으로 되었는지는 모르겠지만 상대방 이 어떤 말 을 해야 할지 모르겠다 생각 할 시간 이 필요하다라고 했다면 저 역시 도 답답할듯 한데요 그냥 그대로 상대 결정 의견 수용 하고 흘러가는대로 받아들이시는 것 이 쓴이 님 께 도 가장 좋은 방법 일 것 같습니다
1,헤어지자 는 뜻 은 아니지만 기분 이 많이 상한 듯 하네요 생각 할 시간 이 조금 필요할 듯 싶습니다
1,혹시 어떤 점 이 서운하셨는지 여쭤 봐도 될까 요
1,제주도 여행 때 도 그랬는데 같은 문제 로 또 이야기 를 들었으면 생각 이 많아질거 같긴하네요 그 외 에 다른 문제 도 있었을수도 있어요 얘기 는 안 했지만 자신 은 이 게 생각 이 안 맞다 느꼈지만 그냥 이해 하고 넘어갔는데 상대 는 이런 나 를 이해 못 하고 서운해 하네 제주도 때 한번 그랬는데 또 다시 같은 문제 로 이러네 이러면서 맘 을 정리 하기 시작 했을수 있어요 저 문제 만 갖고 이렇게 까지 관계 가 위축 되는거는 이해 가 안되네요
1,어근 데 저 말 저희 남편 이 하던 말이네요 엔 프제 라서 가 아닌 거 같은
1,A 확실히 nf 스러운 이유 네 용 근데 보면 남자 나 여자 나 이성은 불편하게 여기는데 여자 들 은 동성 을 그렇게 불편하게 여기는게 남자 들 보다 좀 덜한 거 같아요 그래서 댓글 달았 습 니당 엔 푸제 분들 의 답 도 궁금하네요
1,아 그 얘기 하 니까 저 도 생각났는데 저 는 예전 에 레이저 제모 남의사 한테 받는거 상관없다고 했더니 남편 이 안된다고 해서 굳이 여의사 분 스케줄 맞춰서 햇었어 요 저 는 제 가 의료인 이라 이성 의 몸 을 보는게 일 할 때 라면 성적 인 자극 을 안 느끼니까 더욱 의식 을 안 했던 거 같네요 며칠 전 에 젊은 남자 환자 가 사타구니 쪽 이 아프다고 왔길래 환부 보려고 했더니 보는건 안된 대서 읭 했답니다 아니 안 보여줄 거 면 왜 왔지
1,저 도 남편 이 너무 소녀 같다고 느낄 때 가 많아요 저 보다 훨씬 새 침 고양이 결국 은 남편 들 제모 시키는건 불가능한 걸 로
1,N 들은 보편 적 인 성 역할 이나 특성 을 따라가지 않아서 상대 적 으로 여성 들 은 남성성 남성 들 은 여성성 을 띄는 거 같아요 근데 같은 N 이라도 NF 가 NT 보단 보편 적 인 여성성 을 보이는 거 같고 NT 중 에서는 INTJ 가 조금 더 남성 적 이고 ENTP 가 조금 더 여성 적 인 경향 을 보이는 것 으로 느껴져요 그래서 NT 여성 이신 노드 님 과 NF 남성 이신 남편 분 사이 에선 남편 분 이 조금 더 여성 스러 움 이 부각 될 수 있을 거 같고 같은 NT 끼리 지만 INTJ 인 제 가 ENTP 인 남편 보다 조금 더 털털 한 거 같다는 느낌 이 드네 요
1,수달 사진 보고 여친 분 생각나서 올린거 같고 웃긴 짤 은 왜 올렸는지 모르겠어요 시간 갖으면서 여친 분 마음 이 다시 돌아와주길 바라는거 같아요
1,스토리 를 보고 연락 오길 바라는 마음 에 한 행동 같아요 자신 의 잘못 으로 헤어지는거니 헤어지긴 싫고 귀여운 짤 웃긴 짤 보고 연락 이 오면 시간 을 갖는 상황 을 무마 시키려는 것 으로 보여요
1,레몬 님 은 지금 마음 이 어떠세요 헤어지고 싶으시면 단호 하게 헤어지자 고 하시는게 맞고 인 프제 는 정이 많아서 자기 의 잘못 이든 남 의 잘못 이든 일단 은 최대한 끌어안고 가다가 정 안되면 손 절하 는 타입 이라 희망이 조금 이라도 보이 면 인연 을 끊고싶지 않아 할거에요
1,네 제 가 일정 중 이라 답 이 조금씩 느려도 괜찮으시면 성의껏 답변 드릴게요
1,아무 의미 없는 것 같아요
1,이 성적 인 호감 보다는 그냥 친한 느낌 이에요
1,흠 제 가볼 땐 엣팁님 을 좋아하는데 님 이 호감 이나 좋아한다는 표현 을 안 하셔서 인 프제 가 다가가질 못 하고 있는듯 합니다 먼저 어디 간다 사진 도 보내고 하는건 좋아하니까 기다릴 썸녀 를 위해 보내는 배려 의 말 인데 엣팁님 이 그 에 대해 어떻게 반응 하는지가 글 에 안 나와있어서 아마도 그냥 대수롭지 않게 넘겼을것 같네요 그러면 인 프제 는 쟤 는 나 안 좋아하나보다 하고 답장 도 덜하게되 고 짝사랑 혹은 직 찹 남 되는거 싫어해서 부담 주기도 싫어하고 연락 텀 두는것 같네요 너 니까 주는거야 자체 가 이미 호감 표현 이 잖아요
1,글 쓴 이분 이 고백 을 받아줄거라는 확신 이 없어서 그래요 99 가 100 가 될 때 까지 각 을 잴 겁니다
1,그냥 그날 의 실수 라고 생각 할수도 있죠 아니면 여우 짓 이라고 생각 하 거나
1,넵 더 확실하게 플러팅 하세요 누가 봐도 100 받아줄 것 처럼 홧팅입니 다
1,그간 혼자 짝사랑 이 라며 뭐 했는지 모르겠네요 아루이님께 도 좋은 인연 이 다가오기를 바랍니다
1,오늘 정말 속 시원히 다 털었네요 저 는 생각 보다 오랫동안 저 를 좋아했던거에 놀랐고 응원 감사합니다
1,만약 저 도 표현 안 하고 직진 안 했다면 지금 도 서로 에이 나 만 좋아하는거야 그러다 접자 포기 하자 그랬겠죠 예쁘게 만나 가보겠습니다 감사합니다 아르테 님
1,그래서 남은 비타민 은 몇개 인가요
1,2 개 남았습니다 비타민 은 똑같이 만날 때 마다 줍니다
1,크리스마스 에는 아마도 안 만날 거 같습니다만 알 고 지낸 지는 1년 이 좀 넘었는데 이런 관계 가 될 거 라고는 생각 을 못 했습니다 속 시원하네요
1,예 쓰 주먹 불끈
1,먼 길 돌아왔습니다
1,감사합니다 쉬이 갈 길를 멀리 멀리 돌아왔네요
1,끼 야 그럼 어떤 좋아함 이 냔 뜻 은 이렇게 머 찐 누나 가 날 남자 로 조아할리 업는데 동생 으로서의 조아함이겟지 이런 생각 이 엇냐 구 요 흑 흑 너무 기엽다 그리고 6 살 연하 인 진 몰랐는데 더 부럽다
1,그렇게 얘기 하고 혼자 서 엄청 굴 파고 온갖 생각 다 했더라고요 저 에 대한 마음 이 생각 보다 더 커서 놀랐습니다 이래서 사람 은 본인 마음 다 얘기 하며 살아야 해 요
1,이제 시 작 이지 요 감사합니다
1,꺄 아악 축하 드려요 예쁜 연애 하세요
1,감사합니다
1,감사합니다 연애 하면서 일어나는 일 들 종종 올려 볼게요
1,시즌 2 연재 할만 한 얘기 들 이 있을까요 있었으면 좋겠습니다 예쁘게 만나겠습니다
1,어우 제목 보고 이제 끝난 비극 인 줄 그 반 대일 줄 야 진짜 추카 포카 합니당 냥 냥 한 연애 하세 욤
1,캄사캄 사합니다 비극 으로 끝나기엔 만난 지 5분 도 안되어 서로 웃으며 손 잡으며 관계 정립 됐어요
1,미쳤다 진짜 표현 을 해야 알아여 연애 는 암 살이 아 니야 추카 해여
1,맞아여 암살자 모드 로 뱅뱅 돌아봐야 모른다구요 앞 으로도 더 많이 표현 하며 예쁘게 만 나갈게요
1,성지순례 다녀갑니다
1,
1,오히려 11일 동안 못 본 게 서로 에게 화살 을 당겨 버렸네요 좋은 사람 이 되고 싶습니다 소중히 오래 만나가겠습니다 체리 에 이드 님 의 잇 팁 님 소식 도 종종 올려주세요
1,감사합니다 앙
1,진심 으로 축하 드려요 유자 님 오랫동안 서로 짝사랑 얘기 만들어도 인연 운명 같네 욬 저 도 기운 받아서 새러운 인연 기다립니다 또 잇 팁 이 면 질문 드릴 게 용 축하 드려요
1,감사합니다 서로 좋아하며 모른 척 지낸 시간 이 아깝지만 그만큼 더 소중히 아끼며 만날게요 뚜용 님 께 꼭 좋은 인연 이 찾아오기를
1,잘 만나셔서 웨딩 엔딩 하시면 글 올려주세 욬
1,그건 글쎄요 아직 이틀 째 인데
1,앜 나중 에 옄 몇 년 이 지난 뒤 이 이야기 의 연재 를 보고싶은 맘 작 필 스토리 너무 완벽해요
1,흠 뒷 얘기 를 계속 원하시는 분 들 이 많으셔서 뭔가 에피소드 가 있으면 올려 보겠습니다 감사해요
1,그래야겠어요 아무래도 제일 확실한건 서로 대화 하는거니까 요 서로 먼 거리 에 있으니까 이해 해줘야하는게 아닐까 하는 생각 이 자꾸 들었는데 아르테 님 말씀 대로 이제 라도 제 가 수용 하기 힘들다면 말 하고 조율 해보도록 할게요
1,감사합니다
0,눈빛 과 기류 를 보면 알 지 않나용 일단 진심 으로 이뻐하는 게 여기 까지 느껴지네요
0,저 도 눈빛 과 기류 를 보고 알수있다고 생각 해요
0,걱정 하지 마세요 엔 프제 라고 해서 다 조리 있게 말 하 지는 않더라구요 대신 공통점 이 칭찬 은 잘 하더라구요
0,네 말 도 많구 말 에 칭찬 이 많이 차지 하더라구요
0,멋져요
0,대박
0,소외 되는 사람 없이 다 함께 어울리는 걸 좋아하는 유형 이긴 하죠 소외 되는 게 아니라 자발 적 인 사람 도 있다는 사실 을 이해 할 필요 가 있을 것 같아요
0,네 자동 으로 눈 에 밟히고 관찰 하게 돼요 아무 도 말 안거는고 같음 제 가 먼저 걸어요
0,저 도 조용하게 지넀으면 서 혼자 있거나 겉도 는 친구 있으면 제 가 말 걸고 같이 다니고 그랬어요 mbti 가 유명하지 않을 적 엔 그냥 내 가 좀 이타 적 이구나 생각 했었었는데
0,네
0,웰시 님 께서 쓰신 글 보면 엔 프제 유형 을 잘 대변 해주시죠 아직도 현역 으로 카페 에서 활동 합니다
0,네 알 고 있습니다 어떻게 이렇게 논리 적 이고 엔 프제 의 마음 이나 심리 를 잘 파악 하고 표현 할까 싶어요
0,긍정 적 인 미래 를 그려주시고 잘 극복 할 수 있는 사람 이라고 용기 를 주시 면 어떨까 요
0,N 은 특히 NJ 는 현재 보다는 현재 로부터 파생 될 미래 를 그려 보는 경향 이 있습니다 현재 에 집중 하는 SJ 와는 확 연히 다른 느낌 이 예요 고로 긍정 적 인 미래 비 전이 중요하고 또 필요합니다
0,아 그리고 내적 가치 를 인정받는 것 도 좋아해요 잘 극복 할 수 있는 사람 이라는 설명 을 깜빡 했네요
0,잘 극복 할 수 있다 라기 보다 잘 극복 할 수 있는 내적인 힘 을 가진 사람 이다 가 포인트 입니다
0,지금 많이 힘들어 보이는데 당신 이 괜찮다고 하니까 믿고 곁 에 있어줄게 혹시 라도 마음 이 바뀌어서 나 한테 말 하고 싶은게 생기 면 그때 꼭 천천히 이야기 해줘 언제나 옆 에 내 가 있다는거 잊지 않았으면 좋겠어 힘들 때 내게 기대 알았지 제 가 엔 프제 친구 나 남편 한테 했던 말 들 이에요
0,엔 프제 들 이 되게 긍정 적 이고 밝은면만 있을것 같은데 그게 아니라 내 사람 들 고생 시키고 싶지 않아서 왠만하면 자기 가 안고 간다 하는 스타일 들 이라서 그래요 그래서 어떻 게 든 혼자 이겨내 보려고 하는 편이 라 옆 에서 보면 많이 안쓰럽고 짠하죠 그럴 때 어떻 게 든 해결 해줄려고 하는것보다는 지금 엔 프제 들 이 겪고 있는 마음 상태 에 대해 서 묵묵히 옆 에 있어줄께 라는 차원 에서 말씀 해주시면 더 감동 받고 좋아해요 엔 프제 들 이 원하는건 힘내 할수있어라는 말 도 좋지만 이런 상태 의 자기 자신 을 떠나지 않고 이런 모습 의 자신 까지 받아들여주는 사람 들인것 같더라구요 엔 프제 를 진심 으로 믿고 기다려주는 사람 들 을 좋아해요
0,영자 혹은 영숙 은 아니시죠
0,아니 추측 하시길래 기분 나쁘셨다면 죄송합니다
0,우왕 맞췄어요
0,INFJt 라면 16 Personalities 무료 검사 하신 것 같은데 그건 MBTI 검사 가 아니에요 MBTI 가 궁금하시면 정식 검사 를 해보시는 것 도 추천 드려요 INFJ 가 아닐지도
0,제 친구 는 관계 에 있어서 상처 를 받더니 istj 로 바뀌었다고 듣긴 했어요 아마 회복 중 이라서 그런게 아닐까 싶긴 해 요
0,저 도 끝 이 요
0,그런 가요 하 저 는 오히려 의외로 차가운 모습 이 많은 사람 이라 처음 에 야 불럿을때 우웅 야 하길래 맘 이 좀 풀렸나 싶었는데 아니였어요
0,엔 프제 이지만 제 가 보기 에도 가능성 이 희박해 보입니다
0,맞죠
0,어떤 유형 이던 다정한 사람 이 최고 인거 같습니다
0,의외로 esfp enfj 조합 좋아요
0,진짜 불도저 표현 그 잡채 입니다
0,진짜 저 랑 동갑 이신 데 엔 프제 남친 만나서 하루하루 행복하네요 항상 다정하구 예쁘게 말 해주고 오늘 도 퇴근 하고 만나는데 빨리 보고싶네요 제 남친 도 매일 이런 말 들 을 너무 아무렇지 않게 해용 최공
0,저희 랑 비슷하네요 진짜 표현 잘해주고 진짜 스윗 하고 사랑 꾼 그 잡채 얼마나 되셨어용 저 도오 늘 퇴근 하고 만나는데 그것 까지 똑같 네 용
0,저 이제 46일 째에용 아직 얼마 안되었는데도 잘 사귀면 결혼 할 수도 있겠다 싶을 정도 네 요 이런 감정 까지 느낀 사람 은 없었는데 인생 에 또 다시 다정한 사람 만나기는 힘들겠다 싶었는데 만난 것 같아 너무 행복해요
0,헐 저 도 요 너 무신 기해 요 저희 는 만난 지 3 주 됐는데 내년 2월 에 예비 신행 이라 면서 취소 불가한 해외 항공권 도 끊었어요 둘다 잘 만났으면 좋겠네요 오
0,우와 INTJ 와 ENFJ 의 조합 이라 뭔가 안 맞을 것 같은데 인연 이 또 있나 봐요 제 옆 에 있는 분도 한결같으면 좋겠네요
0,저 도 엔 프제 남친 완전 비슷하게 사겼고 결혼 준비 중이 랍니 다 이쁜 사랑 하세요
0,헤헤 좋네요
0,호감 이 110 로 가정 할수 있을 때 사귈 호감 까지가 8 이라 고하 면 아직 56 정도 로 사귈만큼의 호감 이나 신뢰 감 확신 은 들지 않아서 아닐까 요 저 라면 저 는 잘해준 후 같이 거리 둘것 같아요 생각 할 시간 충분히 주고 내 가 이렇게 잘 했지만 너 가 아직 만나고 싶지 않으면 어쩔 수 없지 이런 마음 으로 요
0,책임감 이 있는 편이 라 사 귀 기전 에 고민 을 많이 하는듯 해 요 지금 긴가 민가 한 상태 인 것 같은데 안 읽 씹 할거 같아요 나를 좋아하는 쥴 알 고 고민 중 이 였는데 연락 이 없네 뭐 지 이런 생각 들게요
0,힝 좋아 빨리 죽여줘
0,마자 요
0,정성 담은 편징 편지
0,남자친구 의 약점 하나 만 적어 주신다면
0,인 프제 를 악기 에 비유 한다면 뭐라고 생각 하시나요
0,오 이해 가 가네요 기본 적 으로 낮은 톤 부터 높은 톤 까지 소리낼수있는 범위 가 넓으니 과연
0,있습니다
0,뜨 끔
0,속도 를 올리자면 얼마 든지 올릴 수 있지만 되도록 이면 맞춰 가려구요
0,감사합니다
0,안녕하세용 INFJ 남 과 연애 한지 한 달 정도 되었는데 밖 에서 놀다 보면 텐션 이 낮아지는게 실시간 으로 보이더라구요 계속 끌고다니 기 에는 뭔가 미안해서 이럴 땐 어떻게 하는게 좋냐고 물어봤는데 그냥 가만히 놔두고 원래 대로 해도 된다고는 하는데 밖 에서 기 빨린 상태 에서는 어떻게 해주는게 좋은지 궁금합니다
0,집 에선 제 가 텐션 이 떨어지고 밖 에선 인 프제 가 텐션 떨어지고 반 반 씩 집 밖에 있어야 겠어요
0,글 을 읽었을 땐 남성 분 이 엔 프제 라고는 느낌 이 잘 안드네 요
0,어머 좋은 말씀 감사합니당 인 프제 분들 은 다 들 마음씨 도 따뜻하고 말 한 마디 가 참 마음 을 움직이는 것 같아요 항상 서로 감사하는 마음 으로 오래도록 같이 했으면 좋겠다고 말 해 주고 와야겠어요 인 프제 님 도 항상 행복하세요
0,차단 박아 버려요 뭔 좆 의 숙주 도 아니고
0,하 유자 맛 님 글 계속 보면서 구독 까지 하구 잇는데 정말 너무 달아요 달 아
0,엠티 떠나서 걍 회피 형 아닐까 요
0,한 달이 나 지났지만 아직 지키지못 한 약 속 생각 정리 하고 연 락준 다를 지키고 싶지 않아서 언 팔 한 것 같은 마음 정리 는 애초 에 끝났을거고 굳이 생각 정리 한 거도 알릴 필요없다 책임감 가질 필요없다에서 나온 언팔 인 것 같아요
0,징 짜 회피 걸러 야해요 화나네요 예의 없는 이별
0,솔직히 이별 만큼 중요한 순간 에 회피 를 하냐 안 하냐가 회피 형 으로 갈리는 중요한 부분 인 것 같아요 회피 형 들이 제일 힘들어하는게 갈등 이별 이니까 요
0,만난 경로 교제 기간 1 주간 만나는 횟수 거리 싸움 빈도 한번 적어주세요
0,아 자매 님 글 을 읽렀 을 땐 남성 분 이 쓰니님 을 어려서 부터 호감 갖었던 것 같아요 그래서 커서 도 연락 했던 것 같고 저희 유형 이 잠수 이별 이나 카톡 통보 이별 을 하는 경우 가 희박할 정도 로 케이스 가 적은데 아마 그 남성 분 이 6 개월 미만 목표 로 양다리 걸쳤거나 불 건강한데 교제 중 에 숨겼던 사람 같아요
0,휴 그 x 놈 을 대신 해 제 가 사죄 를 표 합니다 당 언 컨데 그 xx 는 제때 연애 결혼 못 하고 사람 으로 평생 고생 할 겁니다 쓰니님 은 빠른 시일 내 에 마음 의 상처 회복하고 좋은 인연 만나시길 기원 하겠습니다
0,포기 하셔 야할 것 같아요 가치관 이 달라 서 헤어진 것 이 면 만나는 시간 이 낭비 였던 것 이 죠 분명 만나는 3년 기간 동안 가치관 을 같이 만 들어갈 시간 이 있었을텐데 안타깝네요
0,저 도 이 게 당연히 사람 의 취향 차이 인거 라 는걸 알 지만 뭔가 남편 이 계속 단순히 수치심 이라기 보다는 나 는 사랑 하는 사람 한테 만 내 소중한 곳 을 보여주고 싶다고 계속 고집 하길래 해당 유형 이신 분 들 도 비슷한 생각 을 하시고 계신 건지 너무 궁금해서 여쭤 보았어요
0,그 쵸 저 도 그게 궁금해요 남자라면 같은 남성 이 제모 해주는게 싫을수 있겠지만 다른 여자 가 해주는건 이렇게 까지 싫어할 일인 건지 저 로써 는 잘 모르겠어서요 어디 까지나 이 일 을 하시는 여성 분 이 한 명의 직업 인 으로써 해주시 는 거 일텐데 도 너무 싫 대요 차라리 저 보고 왁싱 을 해달라고하는 상황 입니다 근데 그러다 다치면 우 짤려고 저러는지 저희 남편 은 머리 도 저 보고 잘라 달라 고하 고 미용실 을 안가요
0,아 놔 이건 남편 분 이 질투 가 많으신 것 같은데요 저희 남편 은 약간 이런 부분 에서는 소녀 같아요 정말 나 만 봐서 좋 긴한데 제모 에서까지 이럴 필요 는 없는디 말 이 죠
0,너무 웃기네요 쏘 스윗 님 하고 저 는 참 여러 모로 비슷합니다대 화할수록 더 그래요 우리 만 이런거겠죠 우리 는 껍데기 만 여자 고 둘다 속 은 남자 인걸 까요
0,그렇군요 우리 같은 털털 이 들 끼리 이 소녀 같은 남편 들 이해 해보면서 앞 으로도 잘 살 아 보아 요
0,전혀 상관없어요
0,역시 그냥 저희 남편 의 개인 적 인 취향 인거 군 요 답변 감사합니다
0,222 저 도 상관없어요 안 그래도 종종 신랑 이랑 왁싱 얘기 했었는데 너무 아플 것 같다는 고통 위주 의 얘기 뿐
0,그렇 군용 여자 엔 프제 분들 은 그래도 좀 긍정 적 이신 데 남자 엔 프제 분 들 은 완강 하신듯 합니다 같은 유형 이라도 성별 차이 가 조금 있나 봐요
0,노드 님 이랑 쏘 스윗 님 이 나누신 댓글 읽어 보니 남편 분 의 마음 이 조금 더 깊이 헤아려지긴 하네요 엔 프제 끼리 사실 좀 박한 게 있는데 제 가 볼 땐 정말 좋은 남편 두신 것 같아요 굳이 이런 부분 에서까지 이럴 필요 는 없다 이 부분 을 어떻게 이해 하시면 좋냐면요 음 정말 참된 신념 은 상황 마다 손바닥 뒤집듯이 입장 을 다르게 하지 않는 것 같아요 좀 융통성 있게 살 아 말 이 절로 나올만큼 고집불통 인 부분 도 있고 절대 용납 안되는 그런 부분 이 반드시 있어요 그리고 그런 사람 이 진짜 예요 예 를 들어 남 뒤통수 치고 배신 하는 것 은 절대 하면 안된다 하는 신념 을 가진 사람 이 있다면 그 사람 은 자신 이 굶어서 길 에서 쓰러질지언정 남 의 것 빼앗아서 배 채우지 않는 지독함이 있는 사람 일 거 예요 그런 지독한 사람 이어야만 남 배신 해서 뒤통수 안치 는 사람 이란 뜻 이 죠 사람 은 상황 이 되면 변하는 사람 이 대부분 이 거든요 그러나 신념 을 가진 사람 은 유일하게 변하지 않아요 정말 다른 여자 에게 일평생 눈 을 안 돌리는 남자 는 노드 님 남편 분 처럼 아니 내 가 괜찮다는데 아니 왜 그렇게 까지 하냐 싶은 꽉 막힌 사람 들 이지 사랑 많은 척 하고 스윗 한 척 하고 매일 감동 적 인 이벤트 하고 그런 사람 이 아니라고 생각 해요
0,오 신념 의 일종 이라고 보시는거군요 그런것 같긴 해 요 뭔가 스스로 자꾸 본인 의 목줄 을 저 에게 쥐어주는 느낌 이에요 표현 이 조금 과격해 보이 지만 제 가 느낄 때 는 그래서 한번 써 봤어요 그러니까 음저 는 전혀 구속 하고 싶어하지 않는데 스스로 이렇게 사랑 하는 사람 이 있 음 에 충실하고 싶어서 계속 나 의 모든 것 은 당신 에게 종속 되어 있습니다 나 는 당신 을 떠나서는 있을수 없어요 우리 의 관계 속 에서 당신 의 허락 없이 내 멋대로 하는 일 은 절대 없을거에요 라는 느낌 으로 다가 온달 까요 스스로 그런 사람 이 되고 싶어하고 또 그걸 실천 하려고 하는 성향 이 굉장히 강한데 말씀 해주신 예시 들 과 연 장선 에 서있어서 제 남편 이 더 그러는것 같네요 역시 여쭤 보길 잘 했다는 생각 이 듭니 다
0,MBTI 가 성향 에 대부분 을 대변 할 순 없겠지만 기본 적 으로 ENTP 는 자신 의 자유 를 구속 당하는 것 을 싫어하기에 타인 의 자유도 구속 하지 않으려는 기질 이 있다고 생각 해요 그리고 동시 에 그것 은 내 가 자유 를 엄청나게 소중한 가치 로 여기 고 있기에 상대 에게도 내 가 가장 좋아하는 그것 을 마음껏 선물 해주고 싶은 심리 와도 맞닿아있죠 그러니 사랑 하 니까 남편 을 구속 하고 싶지 않고 자유롭게 선택 하게 해주고 싶으신 게 아닐까 싶네요 그런 면 에서 마찬가지 로 남편 분 이 고집 스럽게 자신 의 목줄 을 쥐어주는 행동 은 난 이 게 가장 소중한 가치 야 그러니 너 에게 줄 게 하고 건네주는 것 과 비슷한 맥락 으로 보시 면 좋을 것 같아요 남편 분 에게 실제 로 물어보시면 맞다고 할 걸 요 그러니 단순히 이 부분 은 나와 다르다를 넘어서 내 가 자유 를 소중히 여기듯 이 사람 에게는 자신 의 자유 를 내어주는 것 이 가장 소중한 가치 구나 이렇게 이해 하면 더 이해 가 잘 되고 남편 이 보다 사랑 스럽게 보 이실 거 예요 그래서 보통 은 엔 프제 엔 팁 이 상극 일거에요 그러나 두 분 이 잘 맞으시는 이유 는 지금 처럼 남편 분 을 보다 존중 하기 위해 이해 하고 싶어서 노드 님 이 이렇게 글 쓰면서까지 노력 하는 부분 의 덕이 분명 있을 것 같고 마지막 문단 에 노드 님 도 스스로 그것 을 실천 하고자 하는 성향 이 강하다 하시니 두 분 이 그 부분 에서 접점 이 있어 특별히 잘 맞으시는 것 이 아닐까 싶습니다 언제 남편 분 을 정말 행복하게 해주고 싶으시거든 언젠가 남편 분 이 자신 의 목줄 을 내어주는 그때 에 그 모습 을 굉장히 기뻐하고 고마워 해보세요 그런 면 에서 남편 분 도 노드 님 이 선택 의 자유 를 주고 네 마음대로 하라 고 했을 때 내게 소중한 것 을 주고 있는 상황 이구나 이 게 나를 사랑 해서 그러는 거구 나 느끼게 되면 금상첨화 겠네요
0,그렇군요 정말 언변 능숙 형 ENFJ 답 게 막힘 없이 술술 이해 잘 되게 말 해주셔서 남편 이 어떤 마음 인지 더 잘 와 닿네요 사실 그동안 정말 이해 가 안 갔거든요 이러는 남편 이 싫다는게 아니라 말씀 하신것처럼 제 사고방식 에서는 도무지 이해 가 안 가서 혹시 내 가 구속 하나 아닌데 난 그런 적 없는데 왜 이렇게 자꾸 자발 적 으로 나 한테 이러지싶어서 왜 그러는걸 까 싶었거든요 근데 정말 이렇게 이해 하면 좀더 제 가 잘 받아들일수 있을것 같아요 그리고 남편 이나 저 나 정말 상극 이지만 둘다 말로 만 사랑 한다고 하고 언행 불 일치 되고 내 로남불 되는게 싫어서 이 1원 칙이 지켜지다 보 니까 좀더 다르지만 사랑 할수 있는거 같아요 결론 적 으로 남편 의 언어 로는 구속 이지만 제 언어 로 이 걸 받아들이자면 사랑 하는 저 를 향 한 영원한 맹세 와 다짐 실천 이라고 생각 하면 되는것 같네요 친절하고 자세한 말씀 감사합니다
0,아유 능숙하지 않아요 그렇게 봐주시니 감사합니다 그저 사람 들 이 서로 에 진심 에 대해 더 잘 이해 할 수 있도록 그걸 중간 에서 중재 해주는 것 을 좋아하거든요 남편 분 께서 구속 이란 워딩 을 직접 언급 하셨는지는 모르겠지만 언급 하신 게 아니라면 포인트 는 구속 에 있는 것 이 아니라 나 는 변치않는 신뢰 의 증거 를 계속 당신 에게 보여주고 싶습니다 이 것 에 가까운 것 같아요 그런 면 에서 여자 왁 서에게도 굳이 안 받겠다고 말 한 포인트 에서는 아마 내 아내 가 이 말 을 듣고 엥 왜 이런 게 아니라 기뻐하고 좋아해주길 바랐을 것 같고요
0,신뢰 의 증거 라는 게 정말 말 도 예쁘고 와 닿네요 앞 으로는 정말 이렇게 생각 해봐야겠어요 웰시 웰시 님 정성스런 댓글 남겨주셔서 정말 감사합니다 좋은 하루 되시길 바랄게요
0,엔 프제 남 입니다 제 몸 은 제 가 사랑 하는 자 외 에 터치 하는 걸 질색 합니다 남녀 노소 다 떠나서요
0,그렇군요 사랑 하는 사람 에게만 허락 이런 의미 이신 건가 요
0,네 맞습니다
0,저 는 그래서 셀프 왁 싱 합니다 누가 제 몸 만지는거 싫어 욧
0,남자 분 이 신 가요
0,전 여 자랍니당
0,글쿤 요 근데 엔 프제 분들 너무 귀여우시네요 여기 에 다 소환 되셔서 각자 의견 을 남겨주시는데 쿨하시 기도 하고 어떤 분 들 은 단호 하시 기도 하고 암튼 댓글 감사합니다
0,아르떼 님 도 여자 왁 서는 싫으신 거 에요 너 어어 무 싫으신 이유 가 저희 남편 과 같으신 건가 요
0,그렇군요 엔 프제 님 들 반응 이 제각각 이긴 하지만 어쨌든 선호 보단 불호 에 가까운 분 들 이 많네요 근데 그 반응 이 저 는 왤케 귀엽죠 저 한 테 는 아무 것 도 아닌데 다 들 너무 기를 쓰고 싫어하셔서 깜찍해 보여요
0,감사합니다 근데 아르떼 님 은 진짜 약간 뭔가 뭐랄까 좀더 쿨한 엔 프제 느낌 이 많이 나 요 항상 대화 나누면서 느끼는건데 F 비율 이 높지 않으 신지 정식 검사 에서도 F 가 어느 정도 수치 로 나오셨는지 궁금해 집니다 애니 어 그램 도 궁금하고요
0,그랬군요 초 민감 자셔서 배려 해주시려고 하는거였군요 그래프 공유 해주셔서 감사합니다
0,많은 엔 프제 분들 이 그닥 선호 하시지 않는군요 답변 감사합니다
0,제 가 인스타 스토리 몰래 보기 로 웃긴 짤 본거라 남친 스토리 에는 제 가 읽었다고 안 뜨거든 용 남친 이 방금 스토리 에 웃긴 짤 올렸던거 삭제 했어요
0,또 로 로 님 이 말씀 하신게 맞는거 같 습 니당 2 주 에서 1 주로 줄이는건 어떻냐고 카톡 왔는데 어떻게 대답 해야 할지 모르겠어요
0,지금 마음 혼란 스러워요 기회 를 줘도 다시 애정 이 올라올까 신뢰 문제 도 있고
0,
0,
0,아 어렵네요 저 도 시간 갖는게 처음 이라 얼마나 시간 을 가져 야할지 몰랐거든요 인 프제 입장 에서 2 주 를 1 주로 줄이는거에 대해 서 거절 을 해야하는지 제안 수락 을 해야하는지 깊게 생각 해봐야겟습니다 이러다 또 어물 쩡 넘어갈거 같은 느낌 이 커서 요
0,그럼 남자친구 입장 에선 일주일 도 길고 23일 이면 충분할거 같은데 오히려 저 를 배려 해줘서 일주일 까지 기간 을 주 는걸 수도 있겠네요
0,크리스마스 솔탈 부러 웡
0,대박 드디어 끝나셨군요 완결 웹툰 보다 더 짜릿한 썸 타는 스토리 였어요 이제 시즌 2 가 연재 되겠군요 너무 축하 드립니다
0,저희 남편 도 엔 프제 고 사람 만나는거 좋아하는데 모임 에는 잘 안나 가요 모임 나갈 시간 과 돈 이 면 저 랑 있는게 더 좋다고 해 요 대신 회사 회식 때문 에 나가야 하는 경우 에는 엄청 늦게 들어오고 술 이 잔뜩 취해 서 와요 아무래도 사람 들 이랑 있으면 그 기분 에 취해 서 놀다가 그 흥 을 못 이겨 술 을 더 마시게 되서 그런 가봐요 저 는 이런 일이 3 달 에 한번 정도 있는 편이 에요 잇 티제 입장 에서는 이 것 도 좀 달가워 보이지 않을수 있을것 같아요 엔 프제 분 이랑 얘기 잘 나눠 보셨으면 좋겠어요
0,저 도 뼛속 까지 엔프젠데 진짜 친한 지인 들 어쩌다 한번 만나지 만날 땐 제대로 놀고 주 4회 는 너무 많네요 애인 이 걱정 할텐데 이성도 끼 면 저 라면 제 반 대 상황 이 면 화날거 같아요 아르떼 님 말씀 대로 조율 필요
0,말 을 했다는 자체 가 긍정 적 이라니 다행 이네 요 좀더 빨리 말 해주면 좋을텐데요 시간 이 걸린다라 어렵네요
0,제 가 그랬어요 이틀 동안 잘 있다가 왜 갑자기 이러냐고 묵혔다 가 화 내니 더 화 를 내는거 아니냐고 화날 때 그냥 말 하 라고 했는데 할지 안 할지는전 했으면 좋겠어요
0,저 도 이틀 지나고 당했어요 남친 도 님 과 같은 마음 이었겠죠
0,왠지 제 남친 을 보는거 같아요 잘 말 할수 있도록 다독여줘야겠네요
0,그 상황 은 너무 안좋은 상황 인데 요안 그래도 눈치 빠른 편 인데 더 빨라질 거 같아요
0,음 그런거 같았어요 실컷 화 내 더니 다 쏟아냈는지 나중 에는 미안하다고 하더라고요
0,1년 이요연인인데 1년 까지 참아요 어떻게 참으세요
0,다녀와서 후기 기다릴게요
0,누나 앙 아 제 가 더 설렙니다 후기 기다릴 레 요
0,아하 혹시 제 가 되돌릴 수 있는 방법 이 있을까요
0,흠 그렇군요 어떻게 하면 좋을까요
0,좋은 의견 감사합니다
0,아하 너무 복잡하네요 의견 감사합니다
0,저 는 공감 되는거 같아요 다른 사람 에게 들은 말 제 가 생각 하는 제 모습 이네 요
0,행동 말 은 케바케 인 듯 보입니다 글 은 어느 정도 맞으나 불 건강할 때 나타나는 모습 도 종종 보이네요
0,저 도 엔 프제 별로 없는 줄 알았는데 카페 와 보니 엄청 많던데요
0,저 는 보면서 배우 들 연기력 에 감탄 하고 끝 아직 겪어 보지 않아서 모르겠습니다 영화 는 영 화일 뿐 z
0,황궁 아파트 한개 만 살아있어서 역시 영화 네 다 쓰러져야지 왜 저 것 만 안 쓰러지냐 싶었고 정유미 님 이 계속 꼬맹이 랑 무전 칠 때 다 들렸을거 같은데 역시 영호 라 안 들키고 스토리 전개 가 되는구나 하면서 현실 적 으로 있을수 없는 일이 네 하면서 봤던거 같아여 하하
0,제 가 보기 엔 이 성적 인 호감 으로 느껴집니다 그린 라이트 고고 하세요
0,방금 쪽지 드렸습니다
0,남성 분 나이 가 30 대 후반 40 대초 인가요
0,처음 부터 결과 기대하지 마시고 꾸준히 연락 하고 만나고 허심 탄히 대화 잘 나누어 보시 고 후 에 고민 상담 하 심 이 좋을 것 같습니다
0,해당 질문 을 역지 사지 해서 스스로 물어보세요 쓰니님 은 타인 과 만날 때 한두 번 만남 에 판단 한적 있었는지 또는 자신 편리 대로 수동 적 이지 않았는지 자신이라면 어떤 판단 내렸는지
0,거의 안 하는 뎉 상대 가 귀찮아 할거 같으면 읽 씹으로 아니 근데 따 봉 이나 하트 정도 까지는 누르는데
0,읽 씹하는건 내 사람 으로 인정 을 아 에 안 한다는 건데 전 아무리 싫은 사람 이 있어도 읽 씹까진 안하거든 여
0,보통 은 읽 씹 안 하구요 근데 너무 바쁘면 저 도 모르게 헐 내 가 읽 씹 했었네 하긴 해 요 일 때문 에 바쁘니 신경 못 쓴거죠 근데 백 수 일 때 읽 씹은 아무래도 안 친하거나 불편한 사람 일 확률 이 크겠죠
0,저 눈치 챘으요 이 댓글달고 아르테 님 글 봣어 서 앗 햇 다는
0,저 도 아르테 님 의 의견 에 동의 합니다
0,2222222
0,J 니까 22222222222222 가 좋지 않을까요
0,서프라이즈 이벤트 너무 좋고 진짜 생각 하신거 초초초 감동 이긴한데 항공 취소 되면은 또 수수료 미안하고 약간 그러니까 그냥 2 제 가 저 거 받으면 초 감동 할듯 해욤 예전 에 서프라이즈 이벤트 받았을 때 도 펑펑 울었어용
0,저 는 만약 제 상황 때문 에 항공 취 수료 부담 해야 한다면 너무 미안하고 속상할 것 같아요 미리 말씀 해줘도 충분히 깜짝 서프라이즈 입니다
0,저 는 2 번 이 좋아요 J 라서 일정 안 맞아 취소 해야하면 고마운데 미안해서요 미리 말씀 해주셔도 그거 자체 로 서프라이즈 일듯 해 요
0,편지 는 꼭 쓰셔요
0,22222
0,1년 8 개월 정도 infj 남자친구 랑 연애 중 입니당 시간 이 지날수록 남자친구 가 평일 에 저 를 보는 횟수 가 줄어들어서 자주 봤으면 좋겠다고 얘기 했 습 니당 가까운 동네 고 차로 1520분 걸리는데 infj 입장 에선 주 23회 보는게 부담 일까 요 1 infj 는 자주 보는거 비 선호 하나요 2 infj 는 권태기 오나요 온다면 권태기 신호 또는 특징 알려주세용
0,이 카페 에서 INFJ 권태기 검색 하면 대부분 권태기 잘 안 오는 편이 라고 하던데 제 가 생각 하기에도 권태기 자주 오는거 같더라구요 개인 시간 필요할 때 많이 주긴하는데 언제 줘 야할지 감 이 안 잡혀서 저 도 무의식 적 인 배려 로 개인 시간 필요하다 생각 해서 줬는데 만나는 횟수 가 줄어들더라구요 글 서 그런지 서로 애정 이 식어가는게 좀 보이 고 뫼뷔우스 의 띠 같 습 니당 휴 너무 어려워요
0,주위 에 일이 너무 복잡해져서 연애 라는 거 에 멀어지려 하는데 그냥 상대방 은 똑같이 행동 하고 데이트 하고 하면 되는 부분 이 죵 이럴 때 어떻게 해야하는지 팁좀 주셔요
0,팁 알려주셔서 감사합니다 밝고 긍정 적 인 에너지 의 소유자 여 도 현실 직장인 이라 매번 그럴수는 없어서 에너지 딸리면 남친 infj 가 채워줫으 면 하는데 액션 이 없어서 아쉬우면서 좀 현 타비 스므 리하 게 옵니다 주위 에 일이 복잡해지면 애인 에게 알려주는 편 인가요
0,감사합니다 제 남친 을 포함 해서 INFJ 가 바운더리 에 있는 사람 들 에겐 고쳤으면 또는 바라는 부분 들 에 대해 서 말 을 좀 쎄게하는거 같은데 이 게 제 가 느끼 기 엔 가까운 관계 일수록 더 말 을 예쁘게 하고 포 용해줄 수 있는 부분 아닐까 라는 생각 을해 요 아예 남인 사람 들 한텐 오히려 더 예쁘고 관대하면서 바운 더리 안 에 있는 사람 들 한텐 냉철하게 얘기 하는 걸까 욤
0,혹시 쪽지 로 질문 드려도 될까 요
0,쪽지 드렸어요
0,4 번 매우 공감
0,4 번 매우 공감 첨 에는 말로 만 저러니 신뢰 가 가지 않았지만 실행 력 이 부족해서 일 수도 있다고 생각 해용 대신 말로 표현 은 진짜 사랑 꾼 인 infj
0,흐 아 좋은 게 좋은 거지 싸움 싫어 엔 프제 라 그 런가 의견 충돌 할 때 a 에 대해 서 물어보고 납득 이 되면 안 되면 맞춰가고 싶은데 대답 을 안 해주 니까 너무 답답해요 자기 생각 을 논리 정연 하 게 말 해주면 얼마나 좋을지
0,무슨 질문 을 하셨나요
0,엔 프제 은근 상처 잘 받는 타입 이라 정곡 을 찌르는 질문 하시면 상처 받고 뿐 만 아니라 내 가 여기 서 받아 친다면 사소한게 일이 커질수있으니 미리 알 고 피 하는거 같아요 이 거 는 회피 랑 다른 개념 같습니다 그리고 말 은 잘 하는데 논리 정연 하 게 못 해요 그때 그때 기분 이 다 다르기 때문
0,귀엽네요 근데 저 같아도 코끼리 드립 할 것 같음 걔 많이 먹고 많이 싼다던데 오늘 화장실 터지는거 아냐 이럴거 같음
0,22
0,무조건 좋아하죠 챙겨주면 사랑 에 빠지는 타입 이 쥬
0,취직 선물 당연히 좋죠
0,어떤 것 중 에 고민 이세 요 저 는 취직 됐을 때 텀블러 많이 받았어요
0,윗 분 이 말 씀히신 것 처럼 텀블러 핸드 크림 간단한 메시지 가 들어간 편지 정도 괜찮을 것 같네요 날씨 쌀쌀하니까 머플러 같은 것 도 좋구요
0,실용 적 인 선물 도 좋고 그냥 그걸 기념 하는 선물 도 좋아요 근데 저 는 개인 적 으로 손편지 를 훨씬 좋아해서 선물 이랑 같이 지금 이렇게 고민 하는 과정 을 담아서 축하 한다고 적어서 주시 면 좋을 것 같아요
0,제 남자친구 인 프제 인데 똑같이 물었어요 전 에 사람과 얼마나 만났는지 묻고 자기 도 그만큼 만났는데 그만큼 자기 는 한 사람 만 바라보고 해바라기 스타일 이라 너 가 걱정 하지 않아도 된다는 식 으로 말 하기 위해 물었던 것 같아요
0,둘다요 본인 이야기 해주고 거기 에 맞게 저 한테 질문 도 해주고
0,전 여자 지만 둘다에요
0,둘다요
0,남자 인데 둘다 입니다
0,여러가지 보는 부분 들 이 있지만 하나로 뭉뚱그려 말 하기 어렵고 개인 적 이 면서 복잡하다고 생각 해서 전반 적 인 분위기 라고 표현 한 것 아닐까 요
0,유자 맛 에일 님 러브 로맨스 잘 보고 있는데요 저 는 답답해서 죽을거 같은데 되게 배려 심 많으 신분 같아요
0,앞 으로도 쭉 연재 부탁드려요 정말 잘 보고 있습니다 알콩달콩 1일 빨리 하시길
0,불도저 인 프제 가 아닌 이상 본인 이 어떤 마음 인지 제대로 확신 못 한 인 프제 를 만나고싶으시면 현 타 를 이겨내시고 계속 칼답 한번 해보세요 그럼 점점 카톡 텀 줄어들거에요 근데 굳이 현 타 이겨내셔 야할까 싶네요 하시다가 힘드시면 애 태우지 마시고 그냥 관 두셔요 이런 제 가 이런 말 을 하다니
0,와 저 랑 똑같은 상황 이세 여 저 는 일부러 쉬 라고 금토일 연락 뜨 문 뜨 문 햇 는데 그 이후 로 카톡 도 거의 줄 고 임티 도 거의 안 쓰고 말투 가 바뀐 상황 땡겨도 잘 안 딸려와 요 지치네요
0,전 제 가 먼저 이번 주 주말 에 만나자고도 했는데 이 에 대한 확실한 답변 도 못 받았어요 담주 수요일 이 면 한참 남으셨 네 여 그 긴 시간 동안 카톡 답답해서 어떻게 하져 진짜
0,제 가 알아본 바로 는 그리고 제 가 연락 하고 있는 분도 폰 붙들고있을 때 는 칼답 인데 뭐 하고있을 때 기본 몇 시간 은 텀 이 있더라구요 개인 시간 이 중요한 사람 들 이라 하구요 전 한번 이 스트레스 즐겨 보려고 합니다 잇 티 제이 님 도 호감 이 많이 있으시면 좀 더 노력 해보시고 끊어 낼 수 있다 싶으시면 좋은 결정 내리시길
0,엔 프제 도 그래요 멀리 미래 를 생각 해서 미래 에도 괜찮을 사람 만나는 편
0,근데 케바케 인거 같아요 제 가 사귄 잇 팁 전 남친 들 두 명 다 저 랑 항상 미래 에 결혼 하자 얘길 했고 저 는 아직 그런 얘기 하기 이르다 식장 들어갈 때 까지 모른다 이런 말 했거든요
0,인 프제 는 진짜 무슨 생각 이 그러케 많은지 그냥 백괴사전 같아여 이 관문 통과 하면 저 관문 이 기다리고 있고 계속 다가가야 하고 다가올 줄 은 몰라 삐걱 거리 는 유형 중 에 원 탑 이 에여 귀엽고 소심한 유형 이라 저희 가 마음껏 다가가서 마음 의 문 을 열어야 합니다 부담스럽고 싫으면 싫다고 하는 유형 이라 싫은 건 아니고 그냥 다가오는 사람 되게 오래 지켜봐여 제 가 이런 식 으로 인 프제 친구 6 개월 만에 제 친구 로 만 드렀 어 요
0,아녀 그냥 눈치 없어서 나 한테 쓴 이모티콘 은 아니겠지 그냥 쓴 거 겠지 이런 생각 엄청 하고 이 쓸 걸 여 그냥 귀여워서 쓴 건가 부다 생각 할 수도 있고
0,인 프제 한테 는 그런 거 기대하시면 안 대여 그냥 대놓고 말하거나 솔직하게 말 하면서 천천히 다가가거나 근데 문제 는 말 안 하고 다가가는 것 보다 내 감정 미리 이야기 하고 천천히 스며드는 걸 좋아해여 제일 철벽 유형 힘내세여
0,호감 이 있고 호기심 이 가고 좀 더 친해지고 싶다 or 다가가고 싶다 이런 식 으로 호감 을 확실하게 표현 하고 천천히 다가갈 것 을 말씀드리세여 조금 이라도 빨리 다가가면 인 프제 는 엄청 부담스러워 해서 진짜 속도 절제 하셔야 해 여
0,힘내세여 그래도 인 프제 분들 무너 뜨 리 는 것 도 재미 있더라 구 여 화이팅
0,저 반 년 넘었어 써여 진짜 무슨 계란 으로 바위 치기 같았는데 마음 열기 위해 부단히도 노력 했던 것 가타 요 제 가 다 약속 잡고 다가가고 주제 만들어 얘기 꺼내고 엄청 힘들었는데 이 단계 지나 니까 누구 보다도 단단한 관계 가 완성 돼 있어 써요
0,아 임 티보 고 답장 하기까지 많은 생각 을 했을 것 같아서 귀 엽기 도 하고 웃기 기도 하고
0,봐도 봐도 너무 웃겨여 귀여우시고 아 인 프제 분들 매력 덩 어 링
0,제발 이 글 지우지 말아주세여 잇 팁 님 너무 귀여워여
0,뭐 야 천천히 다가갈 필요 가 없얶네 여 축하 드려여 제 일 처럼 기쁘 네 여
0,꺄 축제 다 맛있는 것 도 먹고 즐거운 시간 보내고 오셔요 후기 도 슬쩍
0,글 또 써주세요 infj 에게 호감 을 느끼는 istp 분 들 이 생각 보다 많네요
0,그렇다고 나쁜 친구 는 아닌데 대화 하면서 저런 사소한게 삐 그 덕 거리 니 둘 다 뭔가 꿍 해 진달 까요 저 혼자 일수 도 뭔가 이 것 만 맞으면 정말 편하게 대화 할수있을것 같은데하는 그 지점 을 넘을 수 가 없네용
0,아는 척 하려 한 게 아니라 친구 가 준 정보 로 대화 하자고 말 을 건건데 그렇게도 생각 하는군요
0,
0,어렵네요 읽으면서 이해 가 되려다가 다시 원점 으로 돌아와서 다시 읽어 보게 되네요 하 쉽지 않당
0,아전 고기 나와서 안 예민하겠네 였는데 인 프제 에겐 고기 나와서 안 예민하겠네 로 예민 이란 단어 에 초점 이 맞춰진 걸까 요
0,다른 인 프제 님 들 댓글 에서 말씀 주신 고기 나와서 좋 겠네의 문장 이 오히려 저 에겐 제 가 짐작 하고 판단 해서 묻 는걸 로 생각 이 든 단말 입죠 고기 가 안 나와서 기분 이 예민하다 인 프제 가 준 정보 고기 가 나와서 기분 이 좋다 인 프제 가 준 정보 를 통해 내 가 판단 한 정보 이렇게 생각 이 드는데 판단 기준 을 제 가 잘못 정의 한 걸 까용
0,아 진심 마지막 문단 에서 인 프제 친구 가 무슨 생각 으로 말 한 건지 이해 확 됐어요 계속 저 는 대화 자체 에서 문제점 과 해결 방안 을 찾으려 했거든요 감사합니다
0,진짜 로 저 는 제 가 더 잘 파악 해서 맞춰야지 생각 을 가지 고 친구 를 대 했는데 불가능하군요 밑 에 적으신 것 처럼 불편한거 차라리 말 을 해달라고 말 해봐야겠네요 저런말안하면 죽어도 스스로 먼저 불편하다고 말안 할 친구 라서 어렵지만 한번 맞춰나 가봐야겠 씀니다
0,고기 반찬 안 나오고 생선 만 나왔어 그래서 예민해라고 말 을해 서 다음 날 오늘 고기 나와서 안 예민하겠네 한 거란 말 이 죵 고 기 반찬 나 온 걸 반겨 준거였는데 생선 구이 가 잘 못 했 네 욬
0,어후 어후 어떤 말씀 인 지는 이해 하겠네요 해석 을 하지마라 그냥 생선 구이 가 잘못 이다
0,편하게 스몰토크 할 랬 는데 딱 잘라 버리듯이 말 해서 제 가 좀 속상했나 봐요
0,예민 이란 단어 가 문제 였군요 무슨 생각 으로 말씀 하신 건지 이해 는 되네요 나름 몇 년 지기 라서 전 친하다고 생각 했는데 신경 쓰이는구나
0,본인 도 뭔가 아차 싶은 생각 에 생선 도 고기 야 같은 답변 으로 무마 시키려는 걸까 요 인 프제 친구 가 가끔 그래요 디게 막말 처럼 툭툭 뱉어서 제 가 너 가 하는말이 이런 생각 으로 꺼낸 말 이야 그러면 뭐 가 내 말 은 얼룩말 이 였는데 이러면서 진심 어이없게 무마 시키려고 하 거든요 참 알수가 없습니다 요
0,당시 엔 저딴 말로 무마 시키는게 짜증나는데 또 생각 해보면 귀엽네요 애 증인 가봐요
0,맞아요 오히려 지난 일 기억 해서 신경 써준건데 역시 생각 하는게 모두 들 다르니 쉽지 않아요
0,어떤 상황 이고 어떤 생각 으로 엔 프제 지인 분 한테 바로잡는 말씀 하신 건지 어느 정도 이해 가 가네요 저 도 그런 상황 이 있었는지 곰곰히 생각 해봐야 겠네여
0,제 가 저 이해 간다 는 말 적으면서 부가 적 으로 적으려 했는 뎈 이렇게 제 가 말 했다고 또 너 가 뭘 이해해 라고 생각 하시는건 아니시죠 라 구 요
0,웃겨요 저 도 얘 가 어제 말 한 거 까먹고 지금 저렇게 대답 한 걸까봐 어제 니 가 그랬잖아 하면서 짚어주는데 참 그냥 아 그랬네 하면서 인정 을 해줬으면 좋겠는데 죽어도 인정 안 하고 무마 시키려 하네요 본인 이 그래도 어느 정도 자각 이라도 한다면 오히려 다행 이네 요 헿 오오 까먹지 않게 좋아요 그렇게도 한번 말 해봐야겠어요
0,22 제 가 인 프제 는 아니지만 딱 저런거 아닌가요 아 아는 여자애 가 딱 저런 식 의 대화 했던거 생각나서 스트레스 확 올라오네요 그 여자 앤 그냥 엄청 예민하고 지 멋대로 라서 어제 한 말 도 아니라고 우기 고 자길 위해 말 해도 예민하게 반응 하고 진짜 별로 였어요 저러는 사람 은 걍 관심 안주는게 답
