comments,comments_writer
감정이 왜 그렇게 널뛰기를 하는지 이해가 안가는 엔팁입니다,entp러버
"저도요..
음 그래서 이유를 물어보면 대답을 잘 안해주는데요
그냥 짜증나거나 예민할때가 좀 있나봐요 🤔🤔
이부분이 제일 어렵네요
저는 보통 몸이 안좋다 안좋은 일이 있었다 좋은일이 있었다 그런거 아니면 감정기복이 일정한 편인거든요",ENTJ큐큐QQ
너무 귀엽네요...,33isfj
"귀엽죠 ㅋㅋ 강아지 같아요
애기같아서 애기라고 하거든요 ㅎㅎ",ENTJ큐큐QQ
ㅠㅠ저는 극i라서 맨날 집에 박혀있고 만나는 사람이라곤 일하다가 만난 사람밖에 없어서 인프피 엔프피분들을 꼭 만나서 친해지고싶네용ㅎㅎㅎ 저도 잡아오고싶어요ㅋㅋ,33isfj
"특별히 어떤 일 때문에 감정기복이 있는 것은 아니다 : NE가 열심히 작동하는데, 스스로도 내가 무엇 때문에 이런 기분이 드는지 인지가 잘 안 되는 경우가 있고요. 그럴 때, Ti를 잘 쓰는 INTJ/INFJ들이 가정을 세워서 넌지시 이런 게 아니냐 물어주면 그때서야 인지가 되는 부분들이 생겨요. (INTJ/INFJ 너무 사랑합니다.)

강아지 달려들듯이 좋아하는 감정을 표현하는 것은, 순간적인 감정의 파도가 출렁! 내 안에서 일어나서, 너무 행복한 이 감정을 있는 그대로 드러냈을 때, 상대방이 이렇게 느낄 것 같은데, 스스로는 그렇게 표현하는 와중에도 이 표현이 과하다는 인지가 없어요, 상대가 말해주면, 남들은 안 그래요? 나만 그래요? 나만 이렇게 좋고 행복해요? 그런데 어떡해요, 이렇게 좋은데. 행행.

그리고 감정폭탄 받는 거 좋아요. 너무 좋은데 고장나서, 인팁이보다 더 로봇같은 로봇이 되어버려서 작동오류나요.

그리고 잔잔한 진심전달은 정말 트랩 (헤어나올 수 없습니다.)

싫은 내색하지 않고요.(상처주는 거 너무 싫어합니다.)
그렇지만 예의상 호감있는 사람에게 지속적으로 에너지를 빼앗기지 않아요.

엔프피 글 재미있게 읽었습니다. :) (과거:엔프피/현재:인프피인 배터리)",Battery Low
엔프피 저랑 j/p 하나 차인데도 주변 지인들 보고 있으면 귀엽더라구요 ㅋㅋ 가끔 기빨릴때 있긴 하지만요 ㅎㅎ,도애 EnFJ
보통 st랑 안맞아하는 경우가 많더라고요 전 반대지만요😂,샤카 enfp
S들어간 유형이요,스노우픽스fp
엔프피는 그나마 다 잘 맞는 유형 아닐까 싶네요!,딸림음 INFJ 7w6
N이 수학을 싫어하나요? 전 영수 좋아했는데..,iINFJ A 4w5
저도 수학 좋아하는데....,딸림음 INFJ 7w6
"본문 글은 N이 수학을 싫어한다는 게 아니라, 이해 없는 암기를 싫어한다는 뜻 같은데요. 수식의 뜻을 이해 못했는데 끼워넣는 것에 스트레스를 받았고, 그래서 수학을 못했다고 써져 있어요...",ELLA INFJ
"아 그렇네요 수학이 아닌 암기..
전 수학뿐만이 아니라 모든 상황이 이해되고 납득이 가야 넘어가는데 수학도 그런이유에서군요",iINFJ A 4w5
아하...!,딸림음 INFJ 7w6
근데 융은 암기가 싫다는 뜻으로 말한 건 아닌 거 같아요.,겨울이오기전
"네. 융의 자서전을 제가 읽어보진 못해서 확실하진 않은데, 저 단락만 읽어봤을 때 융은 암기가 싫다기보단 수식을 이해하지 못했으나 수식을 이용하여 문제를 풀어야 하는 상황이 싫다고 한 것 같네요. 근데 본문 글쓴이 분은 암기가 싫다는 뜻으로 해석하신 것 같아요!",ELLA INFJ
"오... 헷갈리네요. 본문 글쓴이님 해석대로 '이해 없는 공식 암기'가 싫은 것일 수도 있고, 아니면 '이해 없는 공식 활용'이 싫은 것일 수도 있고... 정확히 무슨 말인지 자서전을 읽어보고 싶단 생각이 강하게 드네요 ㅎㅎ",ELLA INFJ
‘이해없는 공식’이라는 말은 본문에 없어요. ‘이해없는 수학’이라는 말은 있고요. 그러니 이해없는 공식 암기나 활용에 대한 융의 생각을 본문으론 알 수 없는 거 같아요.,겨울이오기전
"첫문장에 수식은 내게 이해할 수 없는 것이었다, 수식을 끼워넣을 때 수학을 이해할 수 없었다, 는 걸로 보아 이해 없는 공식 암기 or 활용으로도 해석할 수 있을 것 같아요. 근데 애초에 카를 융이 대수적 개념을 이해하지 못해서 공포까지 느꼈던 경험이 있다는 글을 본 적이 있어서... 걍 수학적 감각이 부족한 수포자(...)였던 것 같기도 하네요. 어쨌거나 확실히 알 순 없다는 점에선 동의합니다ㅎㅎ",ELLA INFJ
"생물의 호르몬, 신체기관의 이름 사회의 지역사회 특산물, 역사의 특정인물의 이름 사건의 명칭, 영어의 단어
이런것들이 제가 위 과목을 진저리치게 만들었던것 같습니다 ㅋㅋㅋㅋ",Hesenberg INTP
이해가 그리 깊지는 않지만 8년째 원주율을 암기하고 있는데 오히려 재밌게 암기하고 있습니다.,Exynos850 INTJ
호감 있는 상대면 절대 읽씹은 안해요! 늦게라도 카톡을 이어가려고할거예요.. 텀이 길거나 엔프피쪽이 대화를 이어가려고안하면 관심없는거..,ieNfP뚝딱
음 어떻게든 이어나가려고 하는거죠? 상대방이 끝내려고 해도,용기가 필요한 잇프피
네 맞아요 저는 항상 그랬어요!,ieNfP뚝딱
엔프피는 이미 알고있을겁니다 ㅋ,entp러버
그런가요 ㅋㅋㅋㅋㅋㅠㅠㅠ,바다ㅏ
"엔프피 어떤점에 맘에
드샸나요!?",최고다 인생
다정하고 밝고 친절하고... 무엇보다 보면 볼수록 생각이 깊은 게 느껴졌어요. 그리고 어른스러운 면도 있는데 귀엽기도 하고... 저랑 다른 느낌을 가진 사람이라 끌리는 것 같아요!!,isfj바다
"혹시 님 뒷말 할 건덕지 더 찾으려고 그러는거 아닐까요
그분한테 특별히 님이 실수한건 없으신거죠?
보통 남 말 하기 좋아하는 사람들이 남한테
관심도 많더라구요",닉넴짓기귀찮INFP
"그냥.. 좀 단순해서?
극단적인 예시지만 5분전까지만 해도 어떤 이유로 싫어했다가도 초콜렛 먹을래? 하면 내가 넘 나쁘게 생각했나?🥹 사실 좋은 사람일지도?...하는 친구들 같아요",데구르르 intp 8w9
"세상에는 내 생각보다 내 의견을 수용해줄 수 있는 사람이 많더라고요,,!
좋은 경험하신 것 같네요",북극여우infj
지금이라도 솔직하게 말을 잘했습니다,aruui
토닥토닥,melong
"말하는 것도 좋지만
때려치면 더 좋을 수도 있을것 같아요
같이 할수 있는 일이라면
혼자 다 떠맡지 마세요",닉넴짓기귀찮INFP
저를 불러내신 그 분도 일을 좀 분배하라고 하셨어요. 분배해서 시키는 것도 못하겠으면 상황 중재를 자신에게 부탁해도 된다고... 그리고 다른 사람이 못한 거 메꿔주려고 하지 말라고 펑크가 나봐야 그 사람도 두 번 다시 자기 일 빼먹지 않는다고 하시더라고요,단다네 INFP
"제가 예전엔 거절 잘 못하고
시키는거 잘 못했는데요
진짜 그럴수록
나뿐 아니라 다 같이
파리지옥에 끌고 가는 거더라구요
일이 꼬여서요
지금도 사실 잘 못하긴 하는데
말하는게 맞고 그게 더 효율적인건
맞아요

저희 둘다 파이팅 해요!",닉넴짓기귀찮INFP
어후 꼭 고통은 몰아서 오더라구요ㅠㅠ 야식 맛난거 드시고 주말에 힐링하셔요~~!!,시토 ISTJ
"울먄사 고기왕창먹고 잠들엇네요 우울해도 배는
고프네용 ㅋㅋㅋㅋㅠㅠㅠㅠ 감사합니당🥺🫶",뿡빵뿡
"토닥토닥
인생에 얻는게 있으면 잃는게 있고..지금은 뭔가 제대로 손에 잡히는건 없고 건강이든 연애든 떠나는것 같겠지만 나중에 뒤돌아보면 분명히 뭔가를 얻고있던 시간들일수 있어요 너무 힘들어하지 말자구요!!🫡",iINFJ A 4w5
잡히는거 없이 떠난다 느껴지는게 진짜 공감가요 제 마음이 딱 그런마음같아요 ㅠㅠㅠ.. 나중에 뒤돌아볼날이 반드시 있겟죠… 눈감앗다 뜨면 다 지나가잇움 좋겟어요…,뿡빵뿡
"휴식이 필요하신 것 같아요
그리고 좋은 분 만나서 연애하시면 좋을 것 같구요 서로 의지하고 위로하면서",tjtjintj
휴식도 너무 필요하구.. 연애.. 이사람이랑 의지하구 위로할수있겟구나 하면 그게 다 이어지지 않었구 최근엔 그게 ㄱ계속 반복되더라구요 ㅜㅜ.. 댓글 감사합니다,뿡빵뿡
,DoD INFJa 6w5
,뿡빵뿡
"뭐라 말을 건네야 할 지도 모르겠지만, 혹여나 이 작은 댓글 하나가 힘이 되실 수도 있지 않을까 하는 마음으로 씁니다. 모든 게 괜찮아질 수 있을 거라고 말씀드리면 조금 나아지실까요,, 오늘도 수고 많으셨어요. 수고가 많았던 수많은 날들 중 오늘은 특히나 더.
힘들었던 마음들은 모두 잠시 벗어두고 잠드는 시간은 편안할 수 있기를 기도합니다.",단다네 INFP
단다네님 그럼요 많운 위로가 됐어요 감사해요🫶,뿡빵뿡
"에고 힘든날이셨구나요 ㅜㅜ 힘든 날들 지나갈까 싶지만 꼭 반드시 지나가고 좋은날 오더라고요... 지치고 힘들수록 오히려 쉬어가야해요~
그 쉬는 시간에 단단히 스스로를 정비하고
멋지게 뛸 준비를 해야해요~
다 잘될테니 글쓴님도 자신을 믿어주길 바라요.",ENFP 3W4 뇸뮥
단단히 제자신을 정비해야하는데… 그럴수 있겟죠? 이런일에 익숙해지지도않고 시간이 흐를수록 더 어렵게 느껴지는건 지쳐서 인걸까용 😢… 제자신을 믿는것도 앞으로 좋아질거라 믿는일도 다 어렵네요..,뿡빵뿡
"음 친하고 편한 사이면 놀리고 챙겨주는 건 가능할 것 같은데..
각자 일행이 있는 상황에서 술 마시고 보고싶어하고 연락하는 건 호감 같기듀 해용",프피가 나라를 구한다
막 술마시니까 그냥 기분에 취해서 그런거 아닐까요,salki
백퍼 호감..!,군고구마균
술에 취해서 그러는 확률은 없나요?,salki
이게 안맞으면 그사람이 연구대상이네요...,묘조iNfp
원래 인프피 호감있으면 어떻게 하나요..,salki
엄청 티나요 고장나고 이상해져요ㅋㅋ 그게아니면 적극적으로 다가가고 섬세하게 챙겨줘요 (선물주고 뭐하는지 궁금해하고 선톡잘하고~),묘조iNfp
댕댕이 그자체네요. 답변 감사합니다!!,salki
참.. 누가 어떤 말을 해도 쉽게 아물 상처는 아닐 것으로 보이네요. 그 여자분과 결혼하지 않으시고 그 전에 사실을 알아채신게 그나마 다행인 것 같구요. 뻔한 말이라지만 정말 사람으로 인한 상처는 사람으로 치유되더군요.. 저도 남자친구가 바람펴서 죽고 싶을 만큼 고통스럽고 남자를 아예 못 믿겠어서 마음을 쉽사리 열지 못하던 시기가 있었는데 너무 좋은 사람 만나 그 아픔이 전부 치유되었습니다. 근데 그런 든든한 나무같은 역할을 작성자분이 하신 거 같은데 되려 뒤통수를 맞으시다니 참.. 진짜 마음이 쓰리실 것 같습니다. 다음 번에는 쾌락보다는 안정적인 관계를 중시하고 마음이 바다같이 넓고 깊은 여자분을 만나시길 바랍니다. 포기하지 마셔요! 작성자님께 사랑 받을 자격이 충분한 사랑 넘치는 여자분이 계실거에요,노랑숲 INTP
"엔프피들은 본인한테 마이너스 되는 말을 왜 할까요?
저는 그런게 순수해 보이고 귀엽긴한데 이해는 안가거든요.
제가 만나온 사람 성격상 방심하게 해서 뒷통수 치려는건 아닌것 같거든요.🤔🤔

같은 맥락인지 모르겠지만 사람을 잘 믿고 좋아해서 배신당하고 상처받을때가 많다더라구요

뭐... 좋아하는 사람이 그러고 다니니 옆에서 보기에 좀 속상합니다

다른 엔프피분은 남들도 별반 다를것 없다고 생각해서 창피하거나 숨겨야 겠다는 생각을 안하는거라고 했거든요",ENTJ큐큐QQ
그럼에도 이 사람은 나한테 상처 안주겠지 .. 나는 이사람 믿으니까! 하는 경향이 있어요 매번 ㅠㅠ 그러고 3분에1확률로 상처 받고 또 이제부터 정 절대 안줘야지 내 얘기 절대 함부러 안할거야 해놓곤 또 반복하죠.. 어쩔 수가 없나봐요 저도 이런 제가 싫답니다....😭,ENFP 쿵쓰
😉,인프제는 귀여워
인프제는 귀여워!!!🤤,ENFP 쿵쓰
순도 100퍼 엔프피인 만큼 본인 스스로도 순수하다고 생각하시나요?,ISFJ 남자 6w5
"네 머가리 꽃밭이에요 (욕임)
그냥 사람에 대한 경계심이 없는 강아지라고 봐주시면 될 것 같아요..",ENFP 쿵쓰
I 인 친구를 끌고나갈 때 어떻게 설득하시나여?,intp 삼다수
"ㅋㅋㅋㅋ이거 진짜 일급 기밀인데
제 주변 친구들 96퍼가 I 거든요
놀자고 한 두시간을 설득하다가, 그럼에도 싫다고 한다면 갑자기 태도 돌변해서 ㅇㅇ 알겠다 라고 하면 백이면 백 갑자기 왜 알겠다고 해...? 라고 해요ㅋㅋㅋㅋㅋㅋㅋㅋㅋㅋㅋㅋㅋㅋㅋㅋㅋㅋㅋㅋㅋ그러고 불쌍한척 하면 다 ㅇㅋ 하던데요ㅠㅠ",ENFP 쿵쓰
ㅋㅋㅋㅋㅋㅋ 쿵쓰님... 무서운 사람이셨어....,intp 삼다수
인간관계에서 정이나 미련이 많은 편인가요?,고양이 3630
너무 많아서 문제네요......,ENFP 쿵쓰
"엔프피가 행복하게해줘서 고맙다고하는건 찐행복인건가요? 저는 걍 일상적데이트였다고 생각하는데~
여기에다 답을 어케해줘야될까여? ㅋ",라라랜드으
"찐 행 복 맞 습 니 다 ! !
너가 행복했다니까 내가 더 행복해진다 더 행복하게 만들어줄게 딱 기다려 ~ !!!!
요런 말 환 장 합니다",ENFP 쿵쓰
디엠 메시지 옆에 떠요!,사회화된잇티제
간직하고 싶어서요,esfp핫도그박사
"만약 그 영상 올리는게 의미가 없는거라면 글쓴님한테 괜한 오해 만들기 싫어서 올리고 싶어도 안올릴거같은데
소심한 인프피식으로 티내는걸로 보이는데요 제가 인프피라 의미부여 잘해서 그런지 ㅋㅋㅋㅋㅋ",NMN1nfp
스토리 올린 타이밍이나 내용을 봤을 땐 아무의미 없이 올리진 않은것같아요! 민디스님이랑 비슷한 감정을 느끼신걸수도ㅎㅎ,구리 INFP
의미부여 같은데 좋은 느낌은 아닌 거 같아요. 그 땐 그랬지만 이미 지난 일이고 감정에 취하지 않겠다는 내용으로 보이네요. 미련도 안느껴지고,물음표살인마 쁏팁
그렇다면 크로스핏 추처니요,enftp 7w8
클라이밍 추천합니다!,암엥뿌삐
"결혼한 지금은 집에서 하는 취미인 다꾸하는데.
성향상..등산,트레킹,여행,영화/연극 모임 들었네요 ㅎ
한때 위시리스트가 악기하나 할줄알기였어서 우쿠렐레 모임도 간적있어요",ENFP독특한그녀
"넴..정말 진지하게 생각해본거 같습니다
분명 깊은 고민끝에 마음 정하고 가족분들에게 말하셨을겁니다!",반짝반짝하다
가족한테까지 얘기한다는건 사귀는거에 대해 진지하게 생각하고 있다는거 같아요. 가볍게 만날거라면 부모님께 얘기할 필요성을 못느끼거든요.,susannaINFP
"니가 행복하면 그걸로 됐어 더 행복하게 해줄게 걱정하지마

이런 류의 대답…!",하이루미
"음..그렇군요...
평소랑 좀 많이 달라서 걱정이 되더라구여
저 말만 한게 아니고 이상한 인스타 올리고 그래서..
가끔 한번씩 저러다 잘못되거나 나쁜 마음 먹는거 아닌가 싶을때가 있게 굴거든요
뭐 평소엔 저도 작성자님이 말씀하신거랑 비슷하게 말합니다. 😆😆",ENTJ큐큐QQ
"너한테 내가 그런 존재일 수 있어서 너무 고맙고 다행이다 >.<
무슨 일 때문에 힘든지 정확하게는 모르겠지만 내가 아는 너는 충분히 이겨낼 수 있어!
내가 항상 응원하고 있다는 걸 잊지마~",엔프피abroad
저는 이유가 알고 싶은데 이유는 별로 말하고 싶지 않은걸까요,ENTJ큐큐QQ
"""뭐 때문에 힘든지 말해줄 수 있어?, 이유를 알면 내가 좀 더 구체적으로 도와줄 수 있는 방법이 있지 않을까 싶어서""
이런식으로 물어봐도 되고,

그냥 요즘 뭐가 힘든지 궁금하다고 바로 물어보세용!
웬만하면 오픈하는데 굳이 얘기 안하려고 하면 힘내라고 위로해주면 될 것 같아요",엔프피abroad
네에.. 감사합니다,ENTJ큐큐QQ
그냥 무슨일인지 물어봐도 될까? 니가 걱정되서 조금이라도 도움이 될수있을까해서..말하기 힘들면 말안해도되구. 라고 물어보면 될듯요. 전 보통 진짜 비밀아니면 다 말해요.,ENFP독특한그녀
"그렇군요..
보통은 힘든거 말하거나 징징거리는 편인데 지금은 말하고 싶지 않은가봐요
요즘 계속 저기압이더라구요",ENTJ큐큐QQ
진짜아닌데뭔가아닌거같은데 좋으니양가감정인거죠,세상만사 남이사istp
끌리는 포인트가 있는데 안되는 사람인거 알고 억누르니깐 더 그런거 같네요.. 근데 그럴수록 더 안 엮이는 게 맞는듯..,잇ㅌㅂ
"제 경험상
남 주긴 아까워서 40%
못해본게 후회가 되어서 40%
그냥 20%

근데 다른건 다 인정해도 저 '그냥'이 이유없음으로 해결불가에요;
떨쳐내는것도 '그냥' 내려놔야하는데 내려놓을 이유가 생기지 않는 이상 쉽게 안사라지는 것 같아요 따흑",ENFJ확정
아직 순수해서여..이성보다 감정,도깨ㅂINTP
안된다는 걸 아니까 오히려 그 부분이 더 매력적으로 다가오는 게 아닐까요? 마치 로미오와 줄리엣이 된 기분이라고나 할까,mbtiintj
무슨이유가 있을까요? 끌리는(퓔)무언가에는 답이없는것같아요,엔인팁 엔인프피
"서로 진짜아니면 서로를 위해라도 놔주어야죠 ㅜㅠ
저는 진자 아닌데 끌릴 확률은 적은듯요",aruui
"저도 예전에 그런적있었는데 서로에게 독이에요..
의식적으로 끊어내는 것 말곤 모르겠네요",도애 EnFJ
안될 걸 알수록 더 끌리는 것 같아요 일종의 오기랄까,즈믄
지금까지 지내온 정,샤이니 INFJ
나쁜남자라서요,라라랜드으
전 아쉬움인거같아요. 끌리긴 끌려서 더 함께하고 싶은 마음.. 하지만 경험상 좋아하는 마음만으로 안되더라구요. 서로 상처만 되요,ENFP독특한그녀
댓글 하나하나 다 읽어 봤는데 모두 맞는 것 같아요 ㅎㅎ 의견 감사합니다🙇‍♀️,엔팁 계란말잉
"ㅋㅋ 대박
여기도 우산 들고들 있네요😂
하지만 전 직장에 우산이 있죠",닉넴짓기귀찮INFP
아 맞다 우산(역전세계편)인 건가요?!,카테르지나 INFJ 7w6
j도 날씨 안보던데욬ㅋㅋㅋㅋㅋ 제 동생이 그러해요...ㅋㅎㅋㅎㅋㅎㅋㅎㅋ,리타 ISFJ
오늘 비와요?? 오마갓..,SPACE INTP
오 마이갓 차키 안보여서 차놓고 나왔는데,번호 ISTP
저는 이상하게 빼박 P인데 전날 옷도 생각하고 잠들고 아침에 일기예보도 꼭 확인해요... 이건 멀까영ㅋㅋㅋㅋ,NMN1nfp
저는 옷고를때 젤 위에 쌓인옷만 골라서 맨날 위에꺼만 입어요,잇팁같은엣팁
"아침에 일어나서 외출할때 되면 항상
""오늘은 옷을 어떻게 입을까?"" 보단
""오늘은 이렇게 입어야겠다.""하고 바로바로 결정해버리긴 해요ㅋㅋ",estp enjoy free
저는 p인데도 나갈땐 옷 미리 고르고 일기예보도 미리 봐요ㅋㅋㅋ,잉쁘피 infp
"대충 어떤 스타일로 입을지 머리에 그려놓고 잡니다.
그러나 아침에 일어나서 그대로 입었을 때 별로인 경우가 많아서 최종 결과는 당일 즉흥 코디

날씨 같은 경우는..
비 온다 그래서 우산 챙긴 날은 정작 비가 안 오고
못 챙겼을 때만 비가 와서 그냥 일기예보 따위 안봅니다.
여행 등 미리 일정이 있을 때만 날씨 확인해용!",엔프피abroad
저도 아침에 즉흥적으로 고르고 갑니다. 일기 예보 안 보고 나갔다가 감기걸리거나 우산 없이 비맞고 다닌 적도 있어요.,포도퍼더 ISTP
연애를 해도 언제나 자기를 1순위로 두세요,쿨쿨냥냥이 est프p
이제 그래보려구요.. 한번 빠지게되면 그게 젤 어려운거같아요,뿌린
"자존감과 자존심은 다른 거라고 생각하지만 자존심을 너무 놓고 상대에게 맞춰주면 내가 어느 순간 상대에게 공기 같은 사람이 되어 있더라구요. 다만 내가 맘이 가는 사람에게 퍼주는 사람들은 외려 나에게 헌신적인 사람보다 내가 그럴 수 있는 사람에게 좀 더 이끌리는 거 같기도 해요... 담엔 안그래야지 하면서 또 다 주고 공기화 되어가는 날 보며 더 해줄게 없을 때 이별을 준비하고... 힁...

힘내세요. 더 좋은 분이 뿌린님을 기다리고 있을 거에요.",냐앙INFP
케바케...같은데여..ㅜㅡㅜ,헬로헬로젤리
"감정이나 관계라는 게 성향에 따라 똑같이 획일화 된 게 아니고 사람마다 달라서 이렇다 저렇다 확신하면서 말씀드릴 수는 없지만
저는 상대에게 지쳐서 손 놓는 순간에는 다시 돌아본 적 없었던 거 같긴 해요.
그리고 제가 시간에 익숙해져서 상대를 생각해도 아무렇지 않아지기 전에 연락이 오면 고민했던 거 같아요.",냐앙INFP
"유형상관없이 마음닿는대로 해보세요
진심이고 인연이라면 분명 통할거에요-!",읭프피
"기본적으로 잘 맞는 유형은 아니에요ㅎㅎ
인프피가 속으로 서운한일들 좀 있을거같아요
엣팁은 그 서운한 포인트 이해못하구요
저는 친한 친구들중에 인프피 둘 있는데 무조건 그냥 쌓아두지말고 말해달라고 했거든요 기분안나쁘니까
이 친구들이 초중반엔 안그랬는데 그래도 오래 함께하고싶은지 자신들 마음을 언젠가부터 솔직하게 말해주기 시작하면서 관계가 단단하게 오래가기 시작한거같아요
그래도 다른 유형끼리 친하면 재밌는일은 훨씬 많아요",도온 ESTP 7w8
오홍..저도 가볍게 사귀었을 땐 나쁘지않았고 재밌었는데 조금 봐보니 깊게 들어가면 잘 맞지는 않겠다싶더라구요ㅎㅎ저보다 P느낌이 강했고 시원시원한 느낌이었어요 정반대 성향이라는게 확 느껴진..!,yninfp
"네네 가까이 지내다보면 다른성향에 서로 신기해하는게 느껴져요ㅋㅋㅋ
작성자분 인프피이신거같은데 엣팁과 잘맞을지는 왜 궁금하게 되신건가요?
주변에 있다는 엣팁분이랑 친해지고 싶으세요?",도온 ESTP 7w8
"친해지게 된 엣팁 여성,남성분이 있는데 두 분다 저한테 동성, 이성적 호감이 있어 보여서 궁금했습니당ㅎㅎ제 주변에는 없는 유형이라서요..!",yninfp
사랑이 껴져있는 연인사이는 mbti로 정의하기 힘들긴 할것같아요. 그런데 친구사이라면 도온님 의견에 일절동의합니다🥰,방긋ISTPA
맞아요ㅎㅎ사랑은 저도 공감합니다..! 어느정도 맞아야싶긴 하겠지만여ㅎㅎ,yninfp
답답 & 상처의 파국조합 아닐까....,시토 ISTJ
ㅋㅋㅋㅋㅋㅋㅋㅋ떼잉..ㅋㅋㅋㅋ,yninfp
"종이방패가 핵탄두에 뚫리는 느낌일거라 생각해요.

기본적으로 안맞아도 너무 안맞아요",estp enjoy free
학ㅋㅋㅋㅋㅋ그렇군여,yninfp
서로 성향알고 조심하믄 모를까.. 진짜..안맞아여..전 그랬어여..제가 맞추는 기분이라.. 아 이거 직장상사 모시는건가..그런기분..ㅠ 성향자체가 infp는 미움받기 싫어서 그래도 최대한 맞추는데에 뭐랄까 고마워하면서도..당연하게 여겨지는..그냥 생각나는 대로 말하는데에 전 끙끙앓다가 말하는 타입이라 ㅡ..ㅡ 전 비추요....,헬로헬로젤리
ㅋㅋㅋㅋ안 맞는걸루..,yninfp
"연인 관계에는 또 어떤 변수가 있을지는 모르겠지만, 일반적으로는 서로 꽤 노력해야 하는 조합입니다.
INFP가 노력해야 할 점 - 싫은 것은 싫다고 말하는 습관 들이기
ESTP가 노력해야 할 점 - '말하기 전에 생각했나요?' 짤부터 떠올리는 습관 들이기
(왜 짤이냐 하면...SP들(Se 주/부기능 유형)은 관념이나 이론보다는 구체적인 뭔가가 있어야 더 받아들이기가 좋아요)

아, 물론 에니어그램 유형에 따라 달라질 수도 있고, 진리의 사바사도 있습니다 )",카테르지나 INFJ 7w6
ㅋㅋㅋㅋ말하기 전에 생각했나요? 넘 웃기네옄ㅋㅋ,yninfp
결 하나도 안맞는 파국 조합이져,S가 좋은 잇티제쟈나
역시 st와 nf는 쉽지않군여,yninfp
진짜 파국일거같아욬ㅋㅋㅋㅋㅋㅋㅋㅋㅋㅋㅋㅋ,보보ENTP
"제 20년 친구가 인프피입니다. 저는 엣팁에서 잇팁으로 바뀌었구요 ㅋㅋㅋ 저희 이제는 서로 ""그래 넌 그런 인간이지"" 하고 맙니다. ㅋㅋㅋㅋ 서로에게 원하는바가 달라요. 안될 걸 아니까 원하지도 서운해하지도 않습니다.",유자맛에일 istp
ㅋㅋㅋㅋㅋㅋ서로에게 뭘 원하시나요?,yninfp
원하는게 없습니다 그냥 아프지 말고 늙어가면 됩니다,유자맛에일 istp
ㅋㅋㅋㅋㅋ개웃겨옄ㅋㅋㅋㅋㅋ,yninfp
"연인으론 처음에 너무 달라서 끌리는데 가까워질수록 안맞는점이 크고 작게 계속 보여요 ㅋㅋㅋ 물론 극복할 수 있겠지만 쉽지 않은건 맞죵 ㅋㅋ 만나봤는데 빨리 끝났어요 ㅠㅠ 처음엔 불같이 빠르게 진행되나 결국은 잘 안맞는…
하지만 친구로선 최고의 여행메이트가 엣팁이에요 ㅋㅋㅋㅋ 서로 즉흥적이고 재미 추구하는데에는 최고 ㅋㅋ 서로 멋있고 신기해하는 점도 많구요",인프피 루룰
ㅋㅋㅋ나이가 들어서인지 이젠 너무 다르면 거부감이 들어욬ㅋ예전엔 호기심 가득 더 알아가고싶았는데,yninfp
"보통 in형들은 내면의 세계가 깊고 속내를 알 수 없는 데다 텐션이 낮은 경우가 많은데,
엔프피는 그 사람들을 끌어내서 엔프피 특유의 텐션으로 밝게 해주고 싶기 때문에.",Arte
,Arte
앜ㅎㅋㅎㅋㅎㅋㅎㅋㅎㅎㅋㅎㅋ 맞는거 같아요!!!,엥에엥뿌피
"여기서 궁금한거.. 엔프피도 결국 지쳐 버리는걸 너무 많이 봤어요 사람이니 퍼주기만 할 수는 없겠지만, INT 를 해석한 내용대로 행동했을때, 엔프피도 서운함을 느끼는걸까요? 지치는걸까요? 정서적인 서운함인지
노력을 쏟아부어도 고쳐지지 않기에 포기한것인지요! 질문이 잘 전달될지 모르겠습니다. 엔프피도 F라서 어려워요...",번호 ISTP
"음... 엔프피는 딱히 '고치려고' 하지는 않아요. p기능 때문에 타인에 대한 융통성이 있거든요.
그냥 한 순간 그 사람을 웃겼으면 그걸로 만족합니다.
물론 엔프피도 사람이기에 계~속 들이댔는데 상대방이 철벽을 치면 포기하지 않을까요?ㅎ
f형 특성상 어찌 됐든 본인은 노력했는데 타인이 마음을 열지 않으면 서운함이 드는 건 어쩔 수 없다 봅니다.
특히 st형에 비해 감정을 좀 더 예민하게 느끼는 nf형이니. 쿨한 척하는 거지, 쿨하지 않아요.",Arte
답변감사합니다! 정확한 상황설명을 못드려서 아쉽습니다. 고친다 라는 말은 아무래도 제 기준에서 튀어나온것같아요. 엔프피를 스스로도 주변에서도 확신하는 친구하나가 저로 인해 본인이 부정당하는 것 같다는 생각을 자주하나보더라구요. 여러 이유가 있겠지만 그 중 하나를 간단하게 여쭤봤어요.그리고 정말로 쿨한척하지만 쿨하지 못해서 저는 좋게 나가기가 어렵구요..,번호 ISTP
율지마여 ㅠㅠ 뚝ㅠㅠ 토닥토닥,인프제는 귀여워
감사해요 ㅠㅠ 아니 그만 울어야죠 ㅎㅎㅎ ㅋㅋㅋ 습관적 눈물,ENFP 퇴준생
아이고… 아픈 마음이 느껴져서 제가 다 슬퍼지네요.. 어디 좋은 곳이라도 가셔서 기분 전환하셔야 할 것 같네요.. ㅠㅜ,아지야귀여워
감사합니다. 그래도 글 쓰고 댓글을 보니 맘이 정말 좋아졌어요!!!!!!!!!! 감사합니다,ENFP 퇴준생
"제가 최근에 가장 좋아하는 인용구인데, “나무에 앉은 새는 가지가 부러질까 두려워하지 않는다.”

직장에서 듣는 말들에 가스라이팅 당해서 하루하루 고통받으신다고 생각이 들면 조금더 나은 내일을 위해서 하루빨리 그곳을 떠나는 용기를 갖는것도 필요하다고 생각해요.",방긋ISTPA
인용구 너무 멋지고 지금 저에게 넘 필요했던 말이에요... 사실 떠날 용기가 없어서 못떠나고 있는건 아닌지 고민도 많았고 막상 떠나서 아무것도 못하면 어쩌지도 생각 많았거든요. 오늘부터 새로운 출발을 할 수 있는 자신감이 드네요! 감사합니다!,ENFP 퇴준생
"필요했던 말을 해줄 수 있어서 기쁘네요, 조금 더 행복해지세요! 좋은 하루 보내세요🥰",방긋ISTPA
토닥토닥입니다 제가 사교육에서 공교육으로 옮긴 여러 이유 중 가장 큰 이유인지라 공감이 가네요.... 차라리 내 성적을 올리라면 하겠는데 안되고 안하고 일주일에 학원 기껏해야 몇시간 오는 애들 성적을 올리라는게 너무 스트레스더라구요,시토 ISTJ
"네네 ㅠㅠ 사실 누군가를 담당하고 교육한다는 것 자체가 쉽지 않은 일이란걸 알면서도 몰아칠 땐 너무 힘드네요ㅋㅋㅋ
보람도 크고 아픔도 큰 계열 같아요! 보람에 중독되서 계속 일하고 있었는데, 어제도 저 글 쓰고 울고 있었는데 그만 둔 학생이 너무 감사했다고 장문의 카톡을 보냈더라구요 그거 보고 엉엉 울었어요 ㅋㅋㅋㅋ",ENFP 퇴준생
마음 고생 심하시겠아요 ㅜㅜ 실적 문제가 진짜 내가 어떻게 할 수 있는 한계그 있으니 더… 맛있는거 드시고 텐션 업업 해보셔용 ㅠㅠ,꼬꼬밥
오늘 이겨내려고 바로 맛있는 디저트집와서 잔뜩 사왔습니다 ㅋㅋㅋㅋㅋㅋㅋ 그래도 벼텨야죠 정말 감사합니다!!,ENFP 퇴준생
컨트롤 할수 없는부분이라고 적어 놓으셨네요 컨트롤 안하고 같이 옆에 있어줄(놀아줄) 친구와 함께하세요 :),엔팁f
감사합니다! 네네 주말엔 힐링 시간좀 가지려고 합니다.ㅎㅎ,ENFP 퇴준생
내가 봤다는걸 상대방이 알아도 되는 게시물에 크게 할말 없을때 누릅니다 ㅋㅋ,반NF반
아 소개팅 하구 여러번 만났어요 ㅋㅋㅋ 갠톡에서요! 저는 약간 조심스러워서,이귤
좋아하는 사람에게만 남겨요,탑하티
아아 저도 infp인데 저는 어렵더라구요 ㅜㅜ 사귀는사이 아니면,이귤
썸이긴 한데 철판 깔고 직진중 입니다..,탑하티
"이야기가 다 끝난 듯 한데 더이상 할 말이 없을 때 ‘글 읽었다, 오키‘ 요런 느낌으로 구냥 하트 눌러요",infp 뱅봉
저두 할말 없어서 대화 마무리할때! 그 하트가 그 하트는 아니예요..ㅎㅎ,NMN1nfp
"저 하트 못누르는 편이에요.
그... 하트 모양도 신경 쓰이지만 일단 그거 누르고 답을 안 하는 것도 신경 쓰여서 못 누르겠더라구요.

예외로 제 인티제한테는 좀 써요. 할 말 없는데 대화 유지하는 걸 잘 못하고 어려워 할 것 같아서,
굳이 대화 이어가려고 애쓰지 않아도 돼~ 정도의 의미로 하트 쓰고 있어요.

그 외엔... 못써요 못써 ㅋㅋㅋ",냐앙INFP
남자친구랑 사이 안 좋거나 싸웠거나 권태기 중이라 환승하려는 것 같고 찐친은 절대 아니에여...... 저게 찐친이면 세상 모든 남녀 커플을 찐친이라 해도 되겠져! 그냥 어장의 한 부분이고 이런 여자는 연애해서도 전혀 믿음이 안 갈 사람이니 호감은 접으시는 겡..... ㅎㅎㅎㅎㅎ,ENFP A 3차 발달 Ti
전 잘 모르겠어요 그냥 밥 먹고 통화를 했고 자주 마주친게 끝이잖아요 이건 친구 사이에도 가능한 일인데 행동을 봐야 알 듯요,Ientfp
"통화를 40분씩하나요? 만난지 일주일 안됐는데...
단둘이",나무늘보다
전 만난지 얼마 안 된 친구랑 7시간씩 통화도 했었어요,Ientfp
인프피여자분이 남친도 자주못보고 마음이 외로우셔서 다른유혹을 떨쳐내지못하는거 같아요 바람인듯.. 인프피가 워낙 금사빠금사식이라.. 그리고 인프피는 인간관계가 그렇게 넓은편이 아니라 진짜인프피라면 마음잇는거고 엔프피라면 친구로도 가능하겟네욤,이잉뿌제
네,돼지꿈 ENTP 7w68sxso
네 아주 그럽니다. 전 극도의 소심이고 밖에서 에너지를 얻는 것과 소심하고 쭈구리와는 다른 부분이라고 생각해요.,나는야비타민엥뿌삐
제가 딱 그래여,ieNfP뚝딱
"mbti대로 딱딱 그러지 않아요
160가지 유형으로 나뉘었다면 꽤나 신뢰할수 있을거같지만요",골드키위INTJ
네,INTJ 5w6 Frt19417
어우 없던 정도 떨어질 거 같은데요...,잇ㅌㅂ
좀 그러네요.. 저는 절대 설득 당하지 않을 것 같아요,아키키istp
"넹 좀 할만큼은 해보는 스타일인데
저는 한 번 거절 당하면 GG 쳐요
근데 상대도 호감을 표했으면 미련이 남는 편이용",암엥뿌삐
그렇군요.. 단호하게 더 거절을 해야겠네요 .. 감사합니다~,아키키istp
제가 제일 싫어하는 말입니다. 열번찍어 안넘어가는 나무 없다.그냥 한번찍어 안되면 찍지마 합니다,헤이즌 INFJ a 9w1
어우 아니요 저는 보통 상대도 호감이 있다고 판단했을때야 부담스럽지않은 선에서 직진하는것같아요 고백을 이끌어내는? 상대가 거절했으면 바로 좋게 마무리하고 끝내요,ieNfP뚝딱
윽 저도 자존심 더럽게 부리는 엔프피라 한 번 거절하면 미련줄줄에 눈물 콧물 다 쏟아도 절대 안잡아요...,엥뿌삐세요
잘될건덕지가 보이면요...?,enfp백홈이
상대방이 싫어하면 전 스탑이요,ENFP독특한그녀
상황에따라 다른것같아요! 전 제가 좋아했던 사람들이랑 오히려 빨리 끝났어용 ㅎㅎ,순두부먹곱
"오옹 그렇군요! 제 엔프피애인은 좋아했던 사람이랑 훨씬 오래갔었어서요,,",도애 EnFJ
"전 주로제가 조아해야 오래간편인데
저 좋다해서 만낫다 만나다보니괜찮아서
오래간적 두번정도있어요
케바케지만 일년사귄신거면 오래가실것같아요",고단이ENFP
얼마정도 만나셨는지 여쭤봐도 될까요?,도애 EnFJ
"한명은 삼년 한명은팔년이요!!
아래글처럼 안좋아하면저도 삼개월 육개월못넘겨요..
시작은좋아서해도 만나다별로인경우도있고해서",고단이ENFP
오옹 오래만나셨네요!,도애 EnFJ
"일년이넘엇다면 상대분도 쓰니분 사랑하니만나는거예요~
일년넘어가면 오래만나는것같아요! 어디까지나 제기준이긴하지만요^^",고단이ENFP
"그런가요 제 기준 오래만난건 3년 이상이라서요 ㅎㅎㅎ
답변 감사합니다 ㅠㅠ!",도애 EnFJ
그 본인이 좋아해야 오래간다는게 만남의 첫시작이 누구로부터였나가 아니라서 만나면서도 좋아져도 오래가요ㅎㅎ 첫시작이 상대 덕분이었지만 만나면서 좋아지지않는다면 3개월도 못넘기고 헤어집니다..ㅋㅋㅋ 저는 정말 안좋아하면 3개월이상 못만나겠더라규요..,엔픗피
"아 첫시작이 누구였는지는 관련없는거에요?? 저는 그 본인이 좋아한다는게 무조건 본인이 먼저 좋아해야 한다고 생각했어서요,, 1년이면 가능성있는건가요 ㅠㅠ",도애 EnFJ
"2222
완전공감!!
전 항상 상대가 불도저로 다가온 사람들과 연애하다 좋아지는 케이스에요!
연애하다 엄청 좋아지지 않는다면
3개월도 못가는거 인정
좋아한다면 장기연애 잘합니다!",해삐eNfP 7w8 sx
1년이나 됐으면 어중간한 마음은 아니지싶어요~ 아마 한참 푹빠진 시기와 달라진 태도에 고민이신가 싶은데.. 장기연애로 갈 수록 꽁냥보다는 친구같은 털털한(?)사이로 가게되더라구요ㅎㅎ사실 그게 엔프피의 본모습이기도 하고요.. 그만큼 편안하고 안정적인 연애중이라는뜻이니 마음이 긴가민가할땐 솔직하게 대화해보시는거 추천드려요,엔픗피
"그렇군요 감사합니다! 사실 요즘 달라진 태도가 눈에 보이기두 하구요,,
솔직하게 대화해볼게용 ㅎㅎ",도애 EnFJ
내가 좋아하는 상대이긴해야해요. 상대방이 먼저다가오더라도 내 취향이면 누가 먼저인지는 안중요한듯요 ㅎㅎ,ENFP독특한그녀
"1. 지나친 넝담 하지말기 - 뒤에 내 진심은 이거다라고 꼭 확인해주기

2. 행동+ 말로 표현하는게 최고>< 외모칭찬이나 귀엽다거나 꼭 말로도 애정표현해주세요",묘조iNfp
"1. 말 함부로 하기. 험한 말 등등...
2. 행동으로 보여주는 게 좋아요~! 챙겨준다는 느낌 받을 때마다 이사람이 나를 사랑하는구나 느꼈어요!",피치티
"말로 상처를 받기 쉬운 거 같아요. 말투 험하거나 욕설 사용하는 거 싫구...
팩트폭력이 나쁜 건 아니지만 연인 사이면 순화해서 말해주면 좀 더 기쁘게/차분하게 받아들일 수 있어요...

그냥 좋아한다는 걸 말로/행동으로 많이 표현해 주세요.
아끼는 사람의 애정표현이나 응원만으로도 무한동력 가능한 우리 존재...",냐앙INFP
전 여자인데 ㅋㅋㅋㅋㅋㅋㅋ '얘 왜이렇게 귀엽지' 라는 마음을 품고 있는게 느껴지면.. 너무 행복합니다...,INFP라구요
"이해하지 마시고… 도망치세요😂 그거 이해하려다가 돌아버려요,, 경험자로서,, 제발 돔황챠…

엔프피건 엔프피할배건 이별에 대한 예의가 없는 사람이랑은 빠른 손절이 답입니다🥲 물론 nfp들이 맴이 쓸데없이 약해서 헤어지자하면서도 쓸 데 없 이 다정하게 연락 받아주고… 그러는거에 아리송한 마음과 희망을 가지시면 아니아니아니되옵니다….",INTJ 7w8 쏘스윗
하 좀 괜찮아졋는데 저자식이 또 저러니깐 또 심란하네요 ㅋㅋㅋ 숨어야겟어여,리리릿
222,꼬꼬밥
진짜진짜 그냥 리리릿님 인생사세요 딱끊어내셔야 해여 저 엔프피구남친 완전히 손절하는 데 2년 걸렸어요 하… 지도 모르는 지 감정을 우리가 어떻게 알게쒀여… 밑댓님 말씀처럼 모질게하면 지가 나쁜놈같으니까 저렇게 행동하는거예여 저게 더 나쁜데!!!!!,INTJ 7w8 쏘스윗
하 2년 남일 같지 않네여 ㅋㅋㅋㅋ 아 근데 코앞에 살아서 아예 안볼수도 없고 진짜 미쳐버리겟음,리리릿
2년 다 지나고 나서도 결혼사진 걸어둬도 인스타 팔로 걸더라고여^^….. 그놈은 죽었다고 생각하시고 독하게 맘먹으세요….,INTJ 7w8 쏘스윗
그래야겟어여 내가 좋아햇던 그놈은 죽엇다라고 ㅠㅜ,리리릿
죽은게 맞아여 내가 좋아했던 그사람은 영영 다시 만날수 없으니까여… 홧팅하시고 원래 잘 하시던 루틴으로 돌아가서 갓생살면서 치유하세여!!!,INTJ 7w8 쏘스윗
윗분 말 맞아요 그냥 맺고 끊음 안되는 사람이에요… 감정형이라 그런지 상대 상처받을까봐서 모질게 하지 못하는 이해 안되니 그냥 먼저 끊으세요 ㅠㅠ 그게 답이에요… 모질게 하면 상대가 상처받을까봐 다 받아주는데 사실은 그냥 본인 좋은 사람처럼 보이려는 그것도 있겠죠,꼬꼬밥
"머...사람마다 다르지만...
어떻게 헤어지고 바로 다른 사람을 만나지...??
제 상식선에선 있을 수 없는 일이네요.
여기서부터 저 사람은 저한텐 인생에서 아웃입니다.",에반셀린 ENFJ
맞아요 F면 다 배려 잘 할 줄 아는데 사실 자기만 아는 F들도 많죠 특히 Fi 때문에 그런 것 같아요,2iNTj5w6
"반대입장을 생각해보는 것만으로도 이기적인 사람이 아녜요 :)
표현이 어색하고 서툰 거라 생각해요",스노우화이트 ENFJ
멋진 변화네요!,돼지꿈 ENTP 7w68sxso
"그냥 고마워도 아니고 항상, 늘 이란 단어를 붙인다면?̊̈ 넌 내게 특별한 사람이야를 다른 말로 표현한거라고 생각합니다!!",INFP라구요
"근데 이상하게 그냥 제 느낌인지는 모르겠습니다만, 지난 만남 이후 연락 텀이 더 길어지고 답장의 성의가 떨어진것 같기도 해서 괜시리 생각이 많아지네요...
(텀이 길어져서 스트레스를 받는건 아닙니다! 그저 신경이 쓰이네요)",ENFJ 브을랙
만나서는 특별한 일은 없으셨나요?̊̈ 저는 호감있는 사람이면 칼답하는 편인데 인프피를 헷갈리게 만드는 애매한 행동을(이 사람이 나를 좋아하는게 아니었나? 요런 생각이 드는) 하셨다거나 하는…?̊̈,INFP라구요
"저는 표현 진짜 못해서, 고마워, 미안해 그런 말에도 큰 용기가 필요하더라고요. 여기에 ""오늘도"", ""늘"", ""항상"", ""나랑 놀아줘서"" 이런 말들이 붙는다는 거는 진심이 담겨있다고, 의미가 있다고 봐도 좋을 듯합니다.",단다네 INFP
쉽게 뱉을 단어는 아니란거군요! 답변 감사합니다 ㅎㅎ,ENFJ 브을랙
ㅠㅠ 조언 감사합니다!,istp12345
"저같은 경우는 상대방이 저를 향한 호감이 확실해보이지 않으면 속마음 들키는게 싫어서 방어기제가 작동해서 이 사람이 거절하면 어쩌지?̊̈ 아직 먼저 만나자고 할 사이는 아닌가?̊̈ 이런 생각 백번 하고 먼저 만나자는 말 잘 안해요ㅠㅠ 오히려 관심 없고 안 친한 사람한테는 조만간 밥 먹어요 술먹어요 이런 얘기 쉽게 했다가.. 약속 잡히면 후회하는 편... 관심있는 사람의 생각, 말 한마디 한마디 이 사람이 날 좋아해서 하는 말인가? 를 좀 많이 생각하는 편인것 같아요. 약간 횡설수설 한거같은데 인프피분한테 호감이 있다는걸 좀 드러내면 그분도 좀 더 적극적으로 나설것 같아요!
아 그리고 저도 다른 지인분한테 조언 구하는건 반대예요 ㅠㅠ 둘만의 일을 다른 사람이 알고있는게 싫고 불편해요 차라리 너 나 어떻게 생각하냐 돌직구로 물어보는게 나아요",INFP라구요
"근데 글쓴님께서 썸은 아니고 알아가고 싶은 사이로 관계를 정의하셨는데 이런 생각을 가지고 말과 행동을 하셨다면 인프피는 이미 이 사람은 나한테 호감이 없다고 느끼셨다에 치킨 겁니다… 엄청 예민하고 과대해석 하는 편인것 같아요

인프피라면… 좀 오바해서 좋아해 사랑해 이 말을 해도 진짜?̊̈ 근데 행동은 왜그러지..?̊̈ 라고 생각할거기때문에 (말은 못함)
두분이서 어떤 대화를 나누셨는진 모르겠지만 제가 지금 잇팁남에게 듣고싶은 확신의 표현을 써보자면 내가 너한테 관심/호감이 있는데 너는 어때?! 이정도 까지 해야 알아들을것 같습니다.. (양심없음)",INFP라구요
방금 쓰긴 글에 저도 답변 달았어요ㅋㅋ 썸 타고 싶은데 썸 느낌은 안나서 썸이 아니라고 했어요.. 저한테 천천히 알아가는 편이라고 해서 약간 선 넘지 말고 부담스럽게 다가오는 거 안 좋아하는 느낌이어서 저도 생각만 많아지고 그러는 중이에요.. 답변 감사합니다,istp12345
금사빠인거 티날까봐 일부러 천천히 알아간다고 말한건 아니구요?! 누가 잇팁이랑 인프피랑 감정선이 상극이라고 했는데 진짜 안 맞는거 같기도 해요ㅋㅋ 하지만 이겨내보겠습니다..! 댓글 감사해요! ㅋㅋ 낼 언제 시간되냐고 다이렉트로 물어보려구요,INFP라구요
그러게요? 천천히 알아가는 타입이라면서 연애는 나름 쉬지않고 했더라구요.. 신기했어요. 참고로 저같은 경우는 급 다가오면 부담스러운 거 있는데 여기서 제가 조금이라도 호감있는 남자가 뚝심있게 다가오면 저도 어어 뭐지 이러면거 마음이 열리거든요. 제 기준 잇팁은 맘에 없는 사람이랑 단둘이 밥 안 먹어요. 시간 아깝고 상대방한테 희망고문하는 것 같아서,istp12345
인프피는 솔직한 편이라 직접적으로 얘기해보는게 어떠세요? 말은 잘 표현못해도 아닌 건 또 분명하게 아닌지라 확실한 답이 있을거예요,도라미오
맞아요 물어보면 본인 할말은 잘 하더라구요.. 제가 연애 관련 질문을 적극적으로 못 해서 그렇지 ㅠㅠ,istp12345
"1. 귀찮다? 이런 생각은 하지
않고 일단 저를 생각해서 깨워줬다는것이 고맙기도 하고 좋을것 같아요!
2. 엔프피님이 아무래도 연락할 정신이 안돼서 못하시는것 같은데 화이팅 이 연락보시고 나중에라도 고마울것 같아욤! 면접 끝나면 이랬다 저랬다 연락할것 같네요 고마움도 표현하구 ㅎㅎ
3. 인프제분은 안만나봐서 잘 모르겠네요 ㅎㅎ",행복해
다행이네영......!!,iNFJ융
저도 고맙다는 생각만 들것같아요ㅎㅎㅎ,엔픗피
구렇군요...!!!,iNFJ융
"1. 안귀찮고 나를 챙겨주는구나 생각해서 넘죠아요 ㅋㅋㅋㅋㅋㅋ 근데 호감 없는사람이면 부담스러울거같아요
2. 좀더 다정하게 해주시면 좋을것 같아요!!!
면접 잘갔어~~? 잘 보고와 ~~ 이런느낌으로",볼빵빵다람쥐enfp
넵넵 방법까지... 감사합니다!,iNFJ융
썸타는 상황이라면 이미 너무 감동받아서 손자 손녀 얼굴 상상해요,ieNfP뚝딱
ㅋㅋㅋㅋㅋㅋㅋㅋㅋㅋㅋㅋㅋ그정도였군여,iNFJ융
"1. 헉ㅋㅋㅋㅋㅋ 머야 나 챙겨줬네 고맙농 (이런 느낌쓰)
2. 괜찮은데 이모티콘을 추가하거나 좀 더 다정하게 !?
3. NF 들은 원래 좀 그런 것 같아요 ㅋㅎㅎ 뭐 남을 배려하는 마음에 그렇다고 생각함미당",암엥뿌삐
NF는 같군여...ㅋㅋㅋㅋ,iNFJ융
정신없어서 답못한게아닐까요 ㅎㅎㅎ전 고마울거같아요.,ENFP독특한그녀
"그런것같습니다
평소와 다름없이 또 자기 신나는 얘기를 하더군여 ㅋㅋㅋ",iNFJ융
F시겠지요 우리 지금을 열심히 흘려보내봐요 노래도듣고 일에 더 몰두해보고 술마시고 울어도보고 실수도해보면서…나만이러는게아니란거에 안도하면서요,뿅망치뿅
지금을 흘린다는말이 와닿네오 어떻개든 시간은 흘러가겠죠..?,뿡빵뿡
"아주 옛날에 헤어진 분 있으면 떠올려보세요.
시간 지나고 또 누군가 좋아지고 그러면 최근에 이별한 그 분도 똑같이 희미해질거예요.

더 좋은 사람 만나게 되려고 겪었던 공부과정이다…. 저는 그리 생각하고 지나갔어요.

토닥토닥~~~ 아픈거 얼른 나으시길요~",감정형 INTJ
잘 안되지만 공부과정이다 라는 말 계속 되뇌어보려해요 ㅎㅎ 감사합니더🧡,뿡빵뿡
"그 사람이 아니더라도, 내 주변에 항상 있었던 친구나 가족 생각하면 번뜩 정신차리게 되더라구요. 그 사람없이도 나는 잘 살아왔는데, 그 사람 없다고 왜 슬퍼해야 할까. 나를 응원해주고 믿어준 사람들은 아직 남아있고 주변에 있는데, 그 사람들한테 더 잘 해야하지 않을까. 저는 이렇게 항상 생각해요. 가족과 주변 친구들을 생각해서라도, 나자신을 생각해서라도 훌훌 털어버립니다. 비참해지면 저 저신한테 너무 미안해지더라구요.
찐 응원하는 사람이 주변에 있다는걸 잊지마세요.",안드로메스
"맞아요 참 내주변에잇는
사람들에대한 감사함을 잘 잊는거같아요. 그들이쥬는 사랑이 어떤의미인지 찬찬히느까명서 그 마음이 커지면 좀 덜하겟죠??? 댓글감사합니다",뿡빵뿡
억지로 난 괜찮다 감정을 억누르기보다 마음껏 아파하고 후회도 마음껏 하고 눈물도 마음껏 흘리고 미워도 하고 이래저래 감정을 폭발시키는것도 어느정도 필요한 거 같아요~(일기를 쓰거나 기록을 하는 방식도 아주 좋아요) 사정을 아는 가까운 이들에게 한두번 기대는 것도 좋고요 일부러 마음이 힘든 순간 아예 더 힘든 운동을 한다던지 하는 것도 도움이 많이 되었어요.,밤프제
"머리로는 다
알지만 지쳐서 그냥 누워잇게만되는거같아요 🥺 그랴도 댓글 남겨주셔서 아맞아이런방법이 잇엇는데 안해봣네 하고 생각하개되는거같아요 감사합니다",뿡빵뿡
밖에나가서 좋아하는 노래 들으몀서 걸어요,ISTPPPPPPPPPPPPPPPPP
노래들으면서 산챡하기!!!! 🫶,뿡빵뿡
"인프피는 약간 그때그때의 감이 중요하기도하고.. 잘 모르겠어서 제 주변에도 3번까지는 만나는 지인들도 많구요
선톡 + 텀느려짐 이거는 인프피한텐 호감 시그널일 수 있어요 느리다는건 그만큼 실수안하려고 신중해지고 생각이 많아질때도 그렇기때문에.. 물론 통상적인 이유(관심없음)으로도 텀이 벌어지지만 꾸준하게 이어지지않고 읽씹 안읽씹을하는 방식이며 선톡을 절대 하지않습니다!
서두르지마시고 천천히 더 알아가보세요 좋아보여요",뿅망치뿅
그냥 일상적인 대화에서도 텀이 느려지기도 하나요? 저녁 뭐 먹냐는 질문에 3시간 뒤에 답장이 오더라구요.. 뭔가 좀 확실한 호감 시그널이 있으면 저도 지치지 않고 기다릴텐데 너무 막연하다보니 좀 지쳐가는 느낌이네요,이이우
저도 사실 거의 중립에 가까운 별종인프피라 그거 좀 답답하긴한데요.. 사실상 아무리 호감이어도 연락텀에 대해서 인내심이 부족해지는 느낌이 들면 더 마음가기전에 정리하시길 추천드려요 그냥 저냥 바쁘게 살때는 그게 크게 신경안쓰이는데 내가 놀고싶을때 그러면 진짜 짜증나더라고요,뿅망치뿅
참고하겠습니다. 답변 감사드립니다,이이우
"일단 모든 인프피에게 해당되는 이야기는 아니고, 저의 주관임을 미리 적어둘게요!
인프피는 대부분 연락 시간과 호감은 큰 상관이 없습니다. 사람에 따라 호감도와 답장 시간이 비례하는 인프피도 있지만, 기본적으로 원래 연락이 잘 안 되는 유형이니까요...
저는 호감이 있으면 '선톡'을 합니다. 그래서 선톡 여부로 호감을 판단해보라고 많이 말씀드립니다.
글을 읽으면서 그 인프피 분은 좀 더 천천히 알아가고 싶어하시는 것 같다는 느낌을 받았습니다. 어떤 사람인지 좀 더 알기 전까지는 호감 표현도 조심스럽다고 생각하신 게 아닐까요?
호감이 있는지 없는지 판단하기에는 아직 이릅니다. 조금 더 여유를 갖고 천천히 만나보세요!",단다네 INFP
그럼 반대로 제가 호감을 표현하는 거에 대해서는 어떻게 생각하시나요? 어느정도 표현하기는 했으나 저도 엄청 적극적으로 표현은 안한 상태긴 하거든요 상대가 어떻게 생각하고 있는지 모르는 상태에서 혹시나 부담스러워 할까봐,이이우
"저는 호감 없다에 한표요
저도 비슷하게 행동한 적 있는데 남자가 막 완전 별로는 아니고 장점도 보이고 나한테 적극적이라
딱 세 번 만나보고 마음이 생기나 봐보자 이런 마음으로 삼프터 승낙한 적 있어요
근데 끌림이 없어서 카톡이 재미없었고 수동적으로 대화했었어요
호감있으면 막 질문도 하고 농담도 하고 그랬을텐데 말이죠
그리고 나는 삼프터의 의미가 널 아직 모르겠으니 천천히 더 알아보자라는 의미였는데
상대는 긍정신호로 받아들여서 너무 빠르게 다가오니까 부담스럽더라고요
여자분이 맘에 드신다면 천천히 속도 맞춰주시면서 본인 어필을 더 해보세용
인프피는 일상대화, 뻔한 질문과 대답보단 하나의 주제에 대해 생각과 사상을 공유하는 대화를 더 선호하는거같아요!",NMN1nfp
어필을 하려고 해도 대화가 잘 이루어지지 않다보니.. 어떤 주제에 대해서 얘기를 꺼내도 답이 늦게오고 그러다보니 몇번 대화가 이루어지지도 않은 상태에서 하루가 끝나가고 잘자란 인사하고 다음날 또 리셋. 이게 반복되는 구조라서요,이이우
저는 호감이 없는건 아닌데 상대 반응이 너무 미적지근하니 반쯤 포기상태라 이번주도 만남이 크게 기대가 되진 않거든요. 이런 상황이다보니 삼프터라해서 완전 사귀자까진 아니더라도 호감인지 비호감인지 그정도는 알고 싶다고 하는것도 인프피 입장에선 급발진일까요?,이이우
"대화가 그렇게 오갔다면 인프피입장에선 안맞다고 생각하고 아마 이번주 만남때 정리하지 않을까 라는 개인적인 생각이드는데 일단 제 말듣고 단정짓진마시구요!
여자쪽에서 이번에도 미지근하게 굴면 솔직담백하게 물어보는 정도는 괜찮을거같아요!
저라면 내가 지금 어떤 마음인지 솔직하게 대답해줄거같아요",NMN1nfp
답변 감사드립니다. 이번주 속앓이좀 하면서 마음 비워야겠네요,이이우
22공감..,meme
부정적인 감정은 숨기는 경우가 많지만 긍정적인 감정은 무조건 솔직합니다 믿으셔도 댑니다 ex)사랑이거나 사랑이거나,하이루미
"딱 이거 공감해요.
그래서 저도 nf형이지만 nf형들이 괜찮다, 좋다고 하는 말 다 믿지는 않아요~
이게 심한 사람들은 좀 거르고요.",Arte
22 엔프피 딱 저 이래요 ㅋㅋㅋㅋ,키티버니포니
"제가 저렇게 말 하진 않았지만 엔티제 남친이 너무 솔직하다고 하긴 하더라구요...
제 입장에선 그냥 상대가 좋으면 깊이 생각 안하고 표현을 하는데 윗 분 댓 처럼 사랑입니다...ㅠ
질투유발 할 정도로 깊이 생각해서 말 하진 않고... 그냥 그런 사람들이 있었지만 네가 더 좋다는 의미 같은데용 ㅎㅎ",다즐링 Infp
"질투유발 표현은 아니고, 그만큼 나는 너가 좋은데 너는 왜 이런 나를 안좋아하냐의 표현이예요! 좋아함에 있어서는 솔직하게 표현 많이 해요~~.",susannaINFP
솔직한게 nf들의 장점이자 단점,enfpinfpp
"nf들은 저랑 또 다른 솔직함이 있는것같아서 댓글보고
놀라네요 ㅎㅎ 감사합니다!",라라랜드으
관심없는 사람한테는 저렇게하는데.당신한테는 호감이있다 라는 의미죠 뭐 ㅎㅎㅎ저도 그냥 모든 이야기 다하는 스타일이기도해요 ..,ENFP독특한그녀
"Nf여서도 있지만 p라서 더 그렇습니다. 같은 f여도 fj와 fp는 감정기능을 완전히 다르게 써요. 체면을 중시하는 사회적 특성상 sf보다 nf가 더 솔직할 수는 있는데요(sf가 사회적 특성을 반영해서 싫어도 싫다고 말하기 어려워하는 경향), nf중에서도 nfj는 sfj이신 쓰니님과 같은 외향감정-진심보다는 상황에 적절하게 반응하는 것을 중요하게 여김-을 쓰기 때문에 부담을 느낄 만큼 솔직하게 느껴지진 않으실 거예요.",INTJ 7w8 쏘스윗
"저같은 경우는 입장바꿔 생각해보면 다른이성이 남친한테 말건다고 하든
과거에 소개팅을 했는데 잘 안됐든 남친이 마음이 없으면 상관없어서??
내가 제일 잘났으니 나랑 사겻겟지 후훗~ 이런느낌ㅋㅋㅋㅋ

저도 역지사지로 내 과거도 괜찮다고 생각하는거 같아요 ㅎㅎ
그냥 다른 큰이유 없고 나오늘 뭐먹었어~ 이런거처럼 일상얘기라고 해야할까요 ㅋㅋ
그냥 별생각없이 tmi 뿌리는거죠 ....ㅋㅋㅋㅋ..ㅋ.ㅋㅋㅋㅋㅋ.....


다른이성이 나한테 말걸든 소개팅하든 내맘이 없으니 딱히 별 상관이 없는 얘기니까요",볼빵빵다람쥐enfp
좋아하는 마음은 앞서는데 상황에 딱 들어맞는 말을 고르느라 고민하는 모습이 너무 귀여움.,열일하는ENTP
지나가던 인프피가 이 글을 좋아합니다.. 🫣,순두부찌개 INFP
유죄인간 조용히 지나갈게요 저도 엔팁유형 좋아해요 속닥,날고싶은코끼리INFP
"지나가던 인프피2 이 글을 좋아합니다,,🫣",개복치infp
인프피 사랑스럽게 봐주셔서 감사합니다 :),잉쁘피 infp
"지나가던 인프피3 이 글을 좋아합니다,,🫣",infp꾸
갑자기 현타?,이푸J
현타 끝나면 연락이 올수도 있나요..?,엔쀼 Enfj
걱정된다고 연락 남겨보셨나요?,이푸J
살아있어?? 이렇게 카톡 남겨놨능데.. 걱정된다고 남겨볼까요??,엔쀼 Enfj
넵 충분히 남겨도 되는 시간인것같아요..! 술을 많이 마셨으면 힘들어서 연락을 못했을 가능성이 크다고봅니다,이푸J
친구들과 썸타는 얘기를 나눠본 결과 썸을 그만둬야 한다고 느껴져서 그런것 같네요.,달빛 ISFP
저는 인프피가 귀엽다는 말이 좋더라고요.,aruui
인프피가 이렇게 귀여운 지 첨 알았읍니댜..! 헷,아토찡 ESTJ
오마나 새로운 시작 축하드려요 😊 !! 모든것은 사바사이며 본인이 겪기전까지 색안경은 금물이예요! 이쁜사랑하세용 ♥️♥️,eStj로니
인프파 쿨하네요 스우파처럼 인프피들 모아다 놓고 땐쓰땐쓰 배틀 시키고 싶음,열일하는ENTP
"ㅋㅋㅋㅋㅋ인프피들을 모아놓고 댄스배틀이라니,,그것은 정말 정적 속 파티 일듯",개복치infp
인프피 귀여워용 세상 달콤한거 다 알아용,하이루미
"ㅜㅜ...불건강할땐 안좋은데 갑자기 장점이 생각이.....
안나부러요",aruui
저도 T가 되면 편하게 살수 있지 않을까 하는 생각을 많이 하는거 같아요... 장점이 뭘까... 늘 쵹쵹할 준비가 되어 있는 눈일까... ㅠㅠ,냐앙INFP
"그죠,,세상 나서서 어렵게 사는 인프피",개복치infp
인프피분들 내가 만약 하루 t가 된다면 어느타입으로 살아보고 싶으세요??,열일하는ENTP
저는 엣티제 저랑 완전 반대요,개복치infp
대박~~엣티제 대박이죠. 프로계획러에 달변가임,열일하는ENTP
귀엽고 무해하고 다양한 생각을 해서 가끔 신박해요,필릴릴리
이 각박하고 차갑고 효율만 추구하는 tj스러운 세상을 인간적으로 만들어줍니다 너무 소중해용🩷🩷,시토 ISTJ
"회피 99, 직면 1. 인프피가 똑바로 일을 직면했을 때 자신의 감정에 솔직해지는 점이 매력 있어요",Intp 7
맞죠 진짜 딱 1의 직면이 남들이 예상하지 못할때 나타나는거 같긴해요,개복치infp
"인프피가 가진 장점.

제 생각엔
상상력?아닌가 싶어요ㅎㅎ",estp enjoy free
"인프피가 아닌 사람도 말씀드려도 되나요?ㅎㅎ

I와 N과 F와 P의 성향이 반반에 가깝지 않고 뚜렷한 INFP일 경우에 나타날 수도 있는 장점 중 일부를 개인적으로 추측해보면

1. 본인이 옳다고 믿는 가치관을 올바른 방식으로 강단 있게 추구하며 세상을 좀 더 아름답고 따듯하고 사람이 살 만한 곳으로 바꿔나갈 수 있음
: 당장은 이상과 현실이 다르더라도 본인이 꿈꾸는 미래를 상상하며 힘을 얻고, 본인만의 깊고 열정적인 감정이 꺼지지 않는 불꽃처럼 이상을 추구하는 매우 강력한 동기가 됨

2. 자신의 감정이 소중한 만큼 상대의 감정도 소중하게 여기기 때문에 상대를 있는 그대로의 모습대로 존중해줄 수 있음
: 상대는 그렇게 자신의 있는 그대로의 모습을 수용받는 과정을 통해 마음이 치유되고 본인이 꿈꾸는 일을 해낼 수 있다는 긍정적인 자기 확신을 갖게 됨

3. 타인의 마음을 다각도로 살피며 각자의 상황을 고려한 갈등 조절법을 도출해낼 수 있음
: 특히 다수에 의해서 희생될 수 있는, 보이지 않는 소수의 입장을 헤아리며 그들이 소외되지 않도록 돌보는 일에 특화되어 있음

4. 상대방의 감정선이 자신과 유사할 경우에는 아주 깊은 공감을 바탕으로 한 위로를 잘 해줄 수 있음
: 상대가 느끼는 감정을 거의 그대로 옮겨온 것처럼 느끼는 정서적인 공감과 '내가 당신이었다면 이런 위로를 받고 싶었을 것이다'라는 통찰을 바탕으로, 상대가 진정으로 바라는 위로를 해주며 마음을 치유하고 다시 살아갈 수 있는 힘을 줌

5. 자신의 감정을 그림이나 글이나 음악 같은 방식으로 잘 표현해서 사람들에게 깊은 인상을 줄 수 있음
: 상대에게 본인의 깊고 풍부한 감정을 전달하는 독창적이고 다채롭고 예술적인 감각을 발휘하거나, 타인들이 본인의 내면세계와 취향 등을 매력적으로 느끼게 할 수 있음

6. 작은 것에서도 큰 감동을 느낄 줄 아는 안목이 있음
: 상대의 칭찬이나 따듯한 말 한마디에도 하루 종일 행복해하며 좋은 기분을 유지하는 게 가능함

7. 사람들 사이에 평화로운 분위기를 형성함
: 순수하고 부드럽고 따듯해 보이는 분위기와 말과 행동을 통해서 사람들에게 호감을 주고 상대가 긴장을 풀 수 있도록 도와줌

8. 깊은 마음을 나누는, 진실된 인간관계를 맺을 수 있음
: 상호 신뢰를 바탕으로 하는, 서로의 마음을 솔직하게 나누며 의지할 수 있는 관계를 형성하고 유지함

9. 섬세한 배려심, 관대함, 융통성이 있음
: 상대의 이야기를 잘 들어주고, 누군가에게 아주 조금이라도 상처를 주지 않기 위해 노력하며, 상대의 실수를 인간이라면 할 수 있는 행동으로 여기며 관대하게 눈감아줄 수 있고, 융통성이 있어 돌발 상황에도 효과적으로 대처할 수 있음

10. 상대의 장점과 잠재력을 잘 발견함
: 사람들의 이상적이고 좋은 면을 알아보며 자신감을 갖게 하고, 상대가 가진 능력으로 이룰 수 있는 미래의 다양한 가능성을 보고 응원해 줌

11. 자아 성찰 능력이 뛰어남
: 본인의 마음을 깊이 들여다보고, 어둡고 괴로운 감정까지도 인정하고 솔직하게 직시하는 능력을 통해서 어떤 위기가 와도 흔들리지 않는 단단한 내면을 만들어 나감

12. 감정 조절 능력이 좋음
: 아주 미세한 부정적인 감정도 섬세하고 빠르게 알아차리고, 그런 마음이 드는 원인을 정확하게 파악한 뒤에 그런 감정을 해소할 수 있는 효과적인 방법을 찾고 실행하기 때문에, 제 때 해소하지 못한 감정에 휩싸여서 이성을 잃거나 마음의 병이 생기는 일이 적음

이렇지 않을까 싶어요",그물
"그물님 감동받고 가요..🥹 INFP로서 거의 다 공감되어요 :) INFP 유형에 평소에 관심이 있으셨는지 따뜻한 시선이 느껴집니다. 이 장점들, INFP에 대한 편견을 넘어서 자세히 살펴봐야 알 수 있는 것들이라 생각합니다.

그물님 장점 정리해주셔서 감사합니다
^ㅇ^ 굿밤 되셔욥🌙",INFP미니언
"ㅎㅎㅎㅎ 저는 모든 유형들에게 관심이 있지만, INFP는 유독 부정적인 편견이 많은 유형들 중 하나인 듯 해서 그 부분에서는 평소에 안타까운 마음을 가지고 있기는 해요. 장점만 있는 유형은 없듯이 단점만 있는 유형도 없는데 말이에요. 외면은 그렇게 안 보일 수도 있지만, 내면은 아주 촘촘하고 강할 수 있는 유형 중 하나가 INFP라고 생각해요

인사해주셔서 저도 감사합니다ㅎㅎ 미니언님도 좋은 밤 보내세요!",그물
"INFP 성격이 인생의 초반기(20대)까지는 살아가기가 힘든 건 맞는 것 같아요. 부정적인 편견도 많고..타인에게 이해 못 받고 그게 또 상처가 되고..

그래도 30대 이후로는 메타인지가 발달하고 객관적인 시각도 생기면서 마음이 편안해진 것 같아요. 부족한 기능들이 뭔지 깨닫고 열심히 발달시키며 살고 있습니다. 고생은 초반전에 다 했고ㅋㅋ 그래서 맷집도 생겼고~ 삶의 난이도가 갈수록 낮아지는 것도 장점일까요..ㅎㅎ
나이가 어리신 INFP 분들께 드리고 싶었던 말이기도 합니다 ㅎㅎ",INFP미니언
"그러고보니 그물님 예전에 댓글에서 뵜던 기억이 나요~ 그 때도 좋은 정보들을 적어 주셨던 것 같은데 따뜻한 분으로 기억하고 있어요ㅎㅎㅎ 
그물님은 INTP 신가요. 예리하신 분석력과 동시에 온기가 느껴졌어요 :)",INFP미니언
"네 저는 INTP입니다! 제 설명을 여러 번 보겠다고 하셔서 제가 감동을 받았었죠ㅋㅋ

삶의 난이도가 갈수록 낮아지는 것도, 전형적인 대기만성형 유형들 중 하나에 속하기 때문이 아닐까 싶기도 하네요. 철을 두드릴수록 더 단단해지는 것처럼요

그러고 보니 제가 좋아하는 글귀 하나가 떠오르네요ㅎㅎ",그물
"맞아요 INFP도 대기만성형 유형 중 하나였네요. 철을 두드릴수록 더 단단해진다라는 표현 참 와 닿네요.

‘당신은 아무 일 없던 사람보다 강합니다’
정말 공감되는 말이에요. 시련은 힘들지만 겪고 난 뒤엔 자아가 많이 성숙해지고 단단해지는 것 같습니다.

그런 거 보면 세상에 공짜는 없는 것 같습니다 ㅎㅎㅎ

좋은 글귀 공유해주셔서 감사합니다!!^^ 그물님의 탐구심과 고운 마음씨 덕분에 엠헬 카페가 더 따뜻하게 느껴지네요☺️

점심 맛있게 드시고 좋은 하루 되세요~
또 뵙기를!!",INFP미니언
우와 그물님 글에 감동 받고 갑니다! :),잉쁘피 infp
감동받으셨다니 뿌듯하네요ㅎㅎ 인사해주셔서 감사합니다!,그물
와 정성스런 답변에 제가 다 감사하네요 늘 씹프피에 찡찡이 찐따로 표현돼서 속상했는데 건강한 인프피의 모습을 잘 표현해주셔서 저도 감동받고 갑니다☺️,날고싶은코끼리INFP
인사해주셔서 저도 감사합니다~~ 좋은 오후 보내세요! ☺️,그물
지나가던 잉뿌삐 감동 받고 갑니다! 제 반쪽도 intp인데 왜 이렇게 다를가요 🥹,잉뿌삥INFP
"ㅋㅋㅋㅋㅋ 잉뿌삥님을 강하게 키우시기 위해서일까요? 농담이고요, 인사해주셔서 감사합니다!",그물
"인프피장점
다정하다
다정하다
다정다정하다",entp 쓸모없음의쓸모
"인프파ㅋㅋㅋㅋ 장점 : 귀엽다..., 엉뚱하다, 섬세하다, 귀엽다",intp 삼다수
"자아 성찰력
호기심
오픈마인드
타인 배려

인 것 같습니다~^^

아 그리고 제일 큰 장점

귀엽다😊",INFP미니언
"""너는 지금언제야"" 는 어때요",된장속강아지 INTJ
"나는 꼭 웅크린채로 고난의 시간을 통과하는 중인 것 같아
이 시간이 흐르면 그 끝엔 빛이 있겠지 나는 온전히 이 시간을 통과할 수 있을거야 나를 위해 기도해줘 올타임마이훼이보릿 인티제여…",하이루미
아ㅋㅋㅋㅋㅋㅋㅋㅋㅋㅋ이것이 뭔가요 귀여워 엥뿌삐...,eStj로니
이래서 엥뿌삐를 못끊어요 (어?),된장속강아지 INTJ
감사함미다 희희,하이루미
저도 인티제 최애에요…❤️,하이루미
"생의 한가운데라고 하면
뭐라구?.. 어딘지나 얼른 이야기 해줘😅 이렇게 반응하면 서운한가여 아니면 그냥 또 다른 드립을 치시나요!",방긋ISTPA
"뭐라구? 하면 약간 서운할 거 같긴한데요
뭐래는겨. 하면 웃길 것 같아요
ㅋㅋㅋㅋㅋㅋㅋㅋㅋㅋㅋㅋㅋㅋㅋㅋㅋㅋㅋㅋㅋㅋㅋㅋㅋㅋㅋㅋㅋㅋㅋㅋㅋㅋㅋㅋㅋㅋ 근데 드립중독이라 웬만하먄 다 드립으로 받습니다!!",하이루미
뭐래는거야! 정도가 적당하겠네여 기억해둘게여 이엔에뿌삐~,방긋ISTPA
루미님 관심없는 상대와 톡 계속 이어갈슈 있나용 ?,eStj로니
절대 못 해요…… 절대절대 저는 엄마 카톡도 씹어요… 그래서 혼남미다..ㅎ,하이루미
"홀... 아 오매 전에 좀 깊게 썸탔던 분이랑 일적으로 연락이 닿게됐는데 업무관련 연락 아니더라도 사적인 연락을 거의 일주일 가까이째? 하게됐네요. 사람조아하는 엔뿌삐라서 그냥 저냥 암생각없이 연락하는줄알고...
저는 단순 업무관련인줄 알았는데 아닐수도 있겠다싶어서 거리두기를 하거나 해야겠네요 🥹...

답변감사합니다 🫨",eStj로니
"제 생각엔 그 분 엔프피력이 강하면 하루종일 생각하고 카톡 하나하나 고민하다 보낼 가능성이 높은 것 같슴다… 혹시 엔프피가 넌지시 고백할 때 마음이 없으시면 깔끔하게 끊나주세요 그리고 엔프피가 마음 속에 있는 말을 다 할 수 있게 배랴해주신다먄 정말 감사하겠습니다 🥹 저도 얼마전에 엣티제한테 고백했다 까였는데, 마음속에 있는 말들 다 하고 정리하니 속 시원하게 잘 정리되드라구용",하이루미
"네넹 ㅠㅠ 명심하겠습니닷...
에고 하 ㅠㅠ 사실 예전에 제가 고백받았는데 확실하게 얘기하고 끝낸사이긴 하거등요... 매일 마주쳐야하는 사이였어서 제가 먼저 절대 다가가거나 그런 스탠스없었고 본인도 연애관련 암생각 없다고 해서 편하게 업무톡이랑 주고 받고했는데... 그게 아닐수도 있겠다싶어서 아차싶네요 ㅠㅠ 흐어

상처받지않게 잘해볼게유 답변 감사해요 🫶🏻",eStj로니
창을 열어 소리쳐봐라고 한다면 무슨 말을 할건가요?,열일하는ENTP
엄마 사랑해!!!!!!!!! 가 떠오르네용,하이루미
아빠는 왜 소외시키나요 창 한번 더 열여야죠,열일하는ENTP
근데 이제 아빠도 사랑하는데 두번째라 서운한건 아니지??? 조카도 사랑하고!!!!!!!!! 다 사랑해!!!!!!!!!! 그냥 세상 인류 다 사랑해 근데 이제 범죄자는 다 죽어라!!!!!!!!!!,하이루미
사람 좋아하는 엔프피는 상대방(이성)에게 나도 너랑 정들었다 이런 표현 빈말로도 할 수 있나요?,Iris istj
빈말로 할 수는 있어요 근ㄷㅔ 티가 납니다… 진심으로 정들어서 너무 너무 좋은거면 표현이 격해요 비언어적 요소들이 ㅋㅋㅋㅋㅋㅋㅋㅋㅋㅋㅋㅋㅋㅋㅋㅋㅋㅋ,하이루미
일주일 약속 평균 몇 번이세요?,intp 삼다수
ㅇ음…어… 지난 일주일간은 여덟번 정도였던 것 같네요… 요새 유독 많이 나가기도해서…,하이루미
"반대성격에 끌리나요? ex) 이성적,차분함이있는사람들에게요?",라라랜드으
넵 맞습니다 저는 무조건 조용하고 차분한 사람한테 일단 끌리는데요… 그래서 intj 스타일을 굉장히 선호합니더!!!!!!! 이성적이고 차분한 모습 너무 멋쟈보여서 무조건 끌려요!!!,하이루미
"인프피가 보낸 그 장문의 톡만큼의 생각을, 엔프피 또한 합니다.
다만 정리를 잘 못하는 유형이라 톡으로 써달라고 하면 잘 못해요~
또한 보편적으로 그 어떠한 n유형이라 해도 s형에 비해서는 생각의 양이 압도적으로 많긴 하고요.
엣프제나 잇프제가 s형 중에서는 생각이 많은 편이긴 합니다.
당연히 사바사는 존재해요~",Arte
"많이 하는데 저의 경우는 솔직히 계산도 많이 해서 그거에 대한 인정,감사 같은거 못받거나 돌아오는게 없다 싶으면 확 정떨어져용😹",샤카 enfp
"ㅋㅎㅎ 넹 생각이 많네요,,
근데 그걸 하나하나 다 말할 수도 없고, 어느 정도는 말할 부분도 아니라고 생각해서 말 안하고 있다가
계속 생각이 들거나 확실히 바랄 때 솔직하게 말하는 것 같아요,,
헤헤,,",암엥뿌삐
