contents,author,comments
"['1. 먼저 다가갈줄 알지만 처음의 다가감은', '호의로써의 다가감인 사람', '', '2. 생각보다 자기자신을 향한 감정에대해서는 눈치가 빠른사람', '', '3. 다른사람을 받아들일지 말지에 대한 고민이 많은사람', '', '4. 상대방이 나를 향한 감정이 진심인지 확인하는 시간이 많이 긴 사람', '', '5. 직접적인 대화를 하지않아도 호감이거나 좋아하는사람에게 내적친밀감은 올라가는데 겉으로 들키면안될거 같아 초조한사람', '', '6. 상대방의 마음에 대해서 이것저것 찾아보는사람(sns등 염탐)', '', '7. 그리고 그 마음이 길게 유지되었으면 하는 사람', '', '8. 티안내려고 하지만 온몸으로 티가나서 오히려 도망다니는 사람', '', '9. 단둘이 보다 여러사람이 있어야 티안나게 상대를 맘놓고 찬찬히 보는사람', '', '10. 갑자기 다가가면 역효과인사람', '', '11. 웃음과 다정한 말은 킬링포인트', '', '12. 은은한 달 빛 같은 느낌의 사람들']",그루 ESTJㅡISTJ,[]
"['생각보다 감정기복이 심한데요', '특별히 어떤 일 때문에 좋다 안좋다가 아닌것 같아보여요', '그래서 기분 안좋을때 왜그러냐 하면 설명을 못하는건가', '본인이 기분 좋고 안좋은 이유가 명확하지 않아보여요', '', '그리고 본인은 좋아하는 감정을 진짜 강아지가 달려들듯이 퍼붓는 편인 것 같거든요', '근데 정작 본인은 그런 감정폭탄을 받는 것 보다는 진심이 느껴질때 더 감동받는것 같아요', '생각보다.. 본인한테 감정을 퍼붓는 걸 좋아하는것 같은 느낌이 아닌듯해요', '', '싫은 사람한테도 별로 내색 안할 때가 많은 것 같아요', '그래서 정말 호감인건지 아니면 예의상인건지 헷갈릴때가 많았어요', '근데 이건 오래 보다보니 진심인것 같긴해서 그러려니 생각하고 패스하려구요 ㅎㅎ']",ENTJ큐큐QQ,"['감정이 왜 그렇게 널뛰기를 하는지 이해가 안가는 엔팁입니다', '저도요..\n음 그래서 이유를 물어보면 대답을 잘 안해주는데요\n그냥 짜증나거나 예민할때가 좀 있나봐요 🤔🤔\n이부분이 제일 어렵네요\n저는 보통 몸이 안좋다 안좋은 일이 있었다 좋은일이 있었다 그런거 아니면 감정기복이 일정한 편인거든요', '너무 귀엽네요...', '귀엽죠 ㅋㅋ 강아지 같아요\n애기같아서 애기라고 하거든요 ㅎㅎ', 'ㅠㅠ저는 극i라서 맨날 집에 박혀있고 만나는 사람이라곤 일하다가 만난 사람밖에 없어서 인프피 엔프피분들을 꼭 만나서 친해지고싶네용ㅎㅎㅎ 저도 잡아오고싶어요ㅋㅋ', '특별히 어떤 일 때문에 감정기복이 있는 것은 아니다 : NE가 열심히 작동하는데, 스스로도 내가 무엇 때문에 이런 기분이 드는지 인지가 잘 안 되는 경우가 있고요. 그럴 때, Ti를 잘 쓰는 INTJ/INFJ들이 가정을 세워서 넌지시 이런 게 아니냐 물어주면 그때서야 인지가 되는 부분들이 생겨요. (INTJ/INFJ 너무 사랑합니다.)\n\n강아지 달려들듯이 좋아하는 감정을 표현하는 것은, 순간적인 감정의 파도가 출렁! 내 안에서 일어나서, 너무 행복한 이 감정을 있는 그대로 드러냈을 때, 상대방이 이렇게 느낄 것 같은데, 스스로는 그렇게 표현하는 와중에도 이 표현이 과하다는 인지가 없어요, 상대가 말해주면, 남들은 안 그래요? 나만 그래요? 나만 이렇게 좋고 행복해요? 그런데 어떡해요, 이렇게 좋은데. 행행.\n\n그리고 감정폭탄 받는 거 좋아요. 너무 좋은데 고장나서, 인팁이보다 더 로봇같은 로봇이 되어버려서 작동오류나요.\n\n그리고 잔잔한 진심전달은 정말 트랩 (헤어나올 수 없습니다.)\n\n싫은 내색하지 않고요.(상처주는 거 너무 싫어합니다.)\n그렇지만 예의상 호감있는 사람에게 지속적으로 에너지를 빼앗기지 않아요.\n\n엔프피 글 재미있게 읽었습니다. :) (과거:엔프피/현재:인프피인 배터리)', '엔프피 저랑 j/p 하나 차인데도 주변 지인들 보고 있으면 귀엽더라구요 ㅋㅋ 가끔 기빨릴때 있긴 하지만요 ㅎㅎ']"
['estj라고 들은것 같은데...'],샤이니 INFJ,"['보통 st랑 안맞아하는 경우가 많더라고요 전 반대지만요😂', 'S들어간 유형이요', '엔프피는 그나마 다 잘 맞는 유형 아닐까 싶네요!']"
[],발걸음INFP 4w5,"['N이 수학을 싫어하나요? 전 영수 좋아했는데..', '저도 수학 좋아하는데....', '본문 글은 N이 수학을 싫어한다는 게 아니라, 이해 없는 암기를 싫어한다는 뜻 같은데요. 수식의 뜻을 이해 못했는데 끼워넣는 것에 스트레스를 받았고, 그래서 수학을 못했다고 써져 있어요...', '아 그렇네요 수학이 아닌 암기..\n전 수학뿐만이 아니라 모든 상황이 이해되고 납득이 가야 넘어가는데 수학도 그런이유에서군요', '아하...!', '근데 융은 암기가 싫다는 뜻으로 말한 건 아닌 거 같아요.', '네. 융의 자서전을 제가 읽어보진 못해서 확실하진 않은데, 저 단락만 읽어봤을 때 융은 암기가 싫다기보단 수식을 이해하지 못했으나 수식을 이용하여 문제를 풀어야 하는 상황이 싫다고 한 것 같네요. 근데 본문 글쓴이 분은 암기가 싫다는 뜻으로 해석하신 것 같아요!', ""오... 헷갈리네요. 본문 글쓴이님 해석대로 '이해 없는 공식 암기'가 싫은 것일 수도 있고, 아니면 '이해 없는 공식 활용'이 싫은 것일 수도 있고... 정확히 무슨 말인지 자서전을 읽어보고 싶단 생각이 강하게 드네요 ㅎㅎ"", '‘이해없는 공식’이라는 말은 본문에 없어요. ‘이해없는 수학’이라는 말은 있고요. 그러니 이해없는 공식 암기나 활용에 대한 융의 생각을 본문으론 알 수 없는 거 같아요.', '첫문장에 수식은 내게 이해할 수 없는 것이었다, 수식을 끼워넣을 때 수학을 이해할 수 없었다, 는 걸로 보아 이해 없는 공식 암기 or 활용으로도 해석할 수 있을 것 같아요. 근데 애초에 카를 융이 대수적 개념을 이해하지 못해서 공포까지 느꼈던 경험이 있다는 글을 본 적이 있어서... 걍 수학적 감각이 부족한 수포자(...)였던 것 같기도 하네요. 어쨌거나 확실히 알 순 없다는 점에선 동의합니다ㅎㅎ', '생물의 호르몬, 신체기관의 이름 사회의 지역사회 특산물, 역사의 특정인물의 이름 사건의 명칭, 영어의 단어\n이런것들이 제가 위 과목을 진저리치게 만들었던것 같습니다 ㅋㅋㅋㅋ', '이해가 그리 깊지는 않지만 8년째 원주율을 암기하고 있는데 오히려 재밌게 암기하고 있습니다.']"
"['이별하거나 마음힘들때 사람들은 목표를 정해서 뭔가 집중하는 일을 하잖아요', '집 일 운동 공부 이렇게 노선을 정해서 하곤 하잔ㄹ아오', '(제가 헤어진 사람도 연애는', '당분간 안될거같다고 이렇게 해여겟다고 말햇어요)', '근데', '그사람이 햇던말이라 그런가 이상하게 청개구리처럼 저는', '그렇게 하기 싫고 좋아지려는 노력할 힘조차 없이 느껴져요', '', '그리고 일은 이미 과부화일정도로 만ㄹ아수 진짜 힘들게', '일하고잇거든요 시간없이', '', '근데다끝나고 집에오면 너무 힘드네요 운동도 하고오면 별 성취감도ㅠ없구요 이러다보니ㅜ더 아무것도 하기싫고', '', '제스스로도 너무 징징거리는거같디고만 느껴지고', '오늘도 아침 10시부터 8시까지일하는데 이성의끈이 놔지는느낌이에요']",뿡빵뿡,[]
"['제목이 곧 내용입니다', '음 같이 야경도 보러가고 하는 사이인데 카톡만 하면 칼답할때도 있고 읽씹하는 경우도 있습니다(그러고 다음날 링크를 보냅니다) 어장일까요??', '음 단둘이 밥도 먹고 술도 먹는 사이입니다']",용기가 필요한 잇프피,"['호감 있는 상대면 절대 읽씹은 안해요! 늦게라도 카톡을 이어가려고할거예요.. 텀이 길거나 엔프피쪽이 대화를 이어가려고안하면 관심없는거..', '음 어떻게든 이어나가려고 하는거죠? 상대방이 끝내려고 해도', '네 맞아요 저는 항상 그랬어요!']"
"['넘 힘드네여...ㅠㅠ 제가 잇프제라 플러팅도 넘 어렵고', '나름 표현한다고 하는 중인데 상대 쪽에서는 못 알아차리는 것 같아요. 아니면 알고도 모르는 척 하는 건지ㅜㅜ 그렇다고 막 들이댈 수 있는 성격도 아니고 그렇게 하다가는 부담스럽게 느낄까봐 걱정도 되고ㅠㅠ 너무 좋아해서 그런가 그 사람이 더 소중하게 느껴지고 함부로 못 다가가겠어요']",바다ㅏ,"['엔프피는 이미 알고있을겁니다 ㅋ', '그런가요 ㅋㅋㅋㅋㅋㅠㅠㅠ', '엔프피 어떤점에 맘에\n드샸나요!?', '다정하고 밝고 친절하고... 무엇보다 보면 볼수록 생각이 깊은 게 느껴졌어요. 그리고 어른스러운 면도 있는데 귀엽기도 하고... 저랑 다른 느낌을 가진 사람이라 끌리는 것 같아요!!']"
"['ENFP 남자애가 제 뒷말을 엄청 해서 이미지가 많이 안좋아졌어요. 이유는 정확히 모르지만, 추측하건데 원래 ENFP랑 엄청 친했던 친구가 저랑 친해지면서 자연스럽게 저 둘이 멀어져서 그런것 같아요.', '전 뒷말 하던 말던 냅두고 남자애가 싫은 티를 전혀 안냈어요. 그냥 만나면 제가 인사하고, 인사 씹히는게 일상이었어요.', '얼마 전에 제가 휴학했단 사실이 퍼졌는데, 그 이후부터 저 남자애가 제 근황을 엄청 궁금해한대요.', '또 휴학하고 학교 학교 근처에서 알바해서 마주친 날이 많은데 이상하게 만날때마다 갑자기 친한척 해요.', '휴학 전까지만 해도 절 엄청 싫어하고 피해다닌 애였는데 갑자기 친한척 하는 심리가 뭘까요?']",1st9,"['혹시 님 뒷말 할 건덕지 더 찾으려고 그러는거 아닐까요\n그분한테 특별히 님이 실수한건 없으신거죠?\n보통 남 말 하기 좋아하는 사람들이 남한테\n관심도 많더라구요', '그냥.. 좀 단순해서?\n극단적인 예시지만 5분전까지만 해도 어떤 이유로 싫어했다가도 초콜렛 먹을래? 하면 내가 넘 나쁘게 생각했나?\U0001f979 사실 좋은 사람일지도?...하는 친구들 같아요']"
"['혼자 2~3인분의 일을 꾸역꾸역 해오다가', '너무 너무 힘들어서 혼자 펑펑 울고 있는데', '그걸 보신 한 분이 따라오라고 하시더니', '뭐가 힘든 건지 말해보라고 하셔서', '', '머뭇거리다가 말을 했죠', '더이상 못해먹겠다고 근데 그거 가지고 힘들다고 말하는 게 맞는 건지도 모르겠다고', '', '그 분이 말해도 되는 거라고 알려주셔서 그제야 알았죠', '참는 게 정답이 아니었구나']",단다네 INFP,"['세상에는 내 생각보다 내 의견을 수용해줄 수 있는 사람이 많더라고요,,!\n좋은 경험하신 것 같네요', '지금이라도 솔직하게 말을 잘했습니다', '토닥토닥', '말하는 것도 좋지만\n때려치면 더 좋을 수도 있을것 같아요\n같이 할수 있는 일이라면\n혼자 다 떠맡지 마세요', '저를 불러내신 그 분도 일을 좀 분배하라고 하셨어요. 분배해서 시키는 것도 못하겠으면 상황 중재를 자신에게 부탁해도 된다고... 그리고 다른 사람이 못한 거 메꿔주려고 하지 말라고 펑크가 나봐야 그 사람도 두 번 다시 자기 일 빼먹지 않는다고 하시더라고요', '제가 예전엔 거절 잘 못하고\n시키는거 잘 못했는데요\n진짜 그럴수록\n나뿐 아니라 다 같이\n파리지옥에 끌고 가는 거더라구요\n일이 꼬여서요\n지금도 사실 잘 못하긴 하는데\n말하는게 맞고 그게 더 효율적인건\n맞아요\n\n저희 둘다 파이팅 해요!']"
"['요즘 건강도안좋은데', '일은 넘 많규 시간은없고', '제가 투잡을 하는데 너무너무 힘들어서', '하나는 정리하고 싶은데..', '또 경재적으로는 그만둘수는 없는 현실인데', '', '오늘은 또 전세금문제류 집주인한테', '연락왓는데.. 이것도 잘하면 이사가야할거같아서 넘 스트레스받구', '', '시간남으먄 몸이 너무 지쳐서 병원갈 힘도없어요ㅜㅜㅎㅎ', '이런상황에 소개받은분하고는 그냥 좋은지인으로 남기류 햇는데..', '역시나 내가무슨 연애인가 싶고 마음기댈곳이 없다고 느껴져서', '오늘 정말 펑펑울엇어요', '엄청 맘에들어서 좋아하거나 그런건 아녓지만 좋은분이셔서 좋은 호감은잇엇는데 더 감정소모하기전에 끝난건', '잘됏지만 그새 뭘 기대한건지 슬픈마음이든게 제가 너무 한심하게 느껴졋거든요', '', '요 몇일사이 유독 많이지쳣는데… 어쩌겟어요 저혼자 다 버티고 이겨야할 일이죠', '괜찮아지고자 하는 노력을 할 애너지가 없는 느낌이들구..', '홧김에 사람들하고 소통도 교류도 다 놔버리고 싶지만', '동시에 너무 외롭고 슬프고 아프네요ㅎㅎ', '', '이러다보면 뭐라도 좋아질날이잇을까요.', '좋은일도없어도되니까 안좋은일도 그어떤일도 일어나지않으먄 좋겠어요 몇날이고 몇일이고 잠만자고 싶고', '너무 위로받고 싶은날이에요', '', '', '', '', '']",뿡빵뿡,"['어후 꼭 고통은 몰아서 오더라구요ㅠㅠ 야식 맛난거 드시고 주말에 힐링하셔요~~!!', '울먄사 고기왕창먹고 잠들엇네요 우울해도 배는\n고프네용 ㅋㅋㅋㅋㅠㅠㅠㅠ 감사합니당🥺\U0001faf6', '토닥토닥\n인생에 얻는게 있으면 잃는게 있고..지금은 뭔가 제대로 손에 잡히는건 없고 건강이든 연애든 떠나는것 같겠지만 나중에 뒤돌아보면 분명히 뭔가를 얻고있던 시간들일수 있어요 너무 힘들어하지 말자구요!!\U0001fae1', '잡히는거 없이 떠난다 느껴지는게 진짜 공감가요 제 마음이 딱 그런마음같아요 ㅠㅠㅠ.. 나중에 뒤돌아볼날이 반드시 있겟죠… 눈감앗다 뜨면 다 지나가잇움 좋겟어요…', '휴식이 필요하신 것 같아요\n그리고 좋은 분 만나서 연애하시면 좋을 것 같구요 서로 의지하고 위로하면서', '휴식도 너무 필요하구.. 연애.. 이사람이랑 의지하구 위로할수있겟구나 하면 그게 다 이어지지 않었구 최근엔 그게 ㄱ계속 반복되더라구요 ㅜㅜ.. 댓글 감사합니다', '', '', '뭐라 말을 건네야 할 지도 모르겠지만, 혹여나 이 작은 댓글 하나가 힘이 되실 수도 있지 않을까 하는 마음으로 씁니다. 모든 게 괜찮아질 수 있을 거라고 말씀드리면 조금 나아지실까요,, 오늘도 수고 많으셨어요. 수고가 많았던 수많은 날들 중 오늘은 특히나 더.\n힘들었던 마음들은 모두 잠시 벗어두고 잠드는 시간은 편안할 수 있기를 기도합니다.', '단다네님 그럼요 많운 위로가 됐어요 감사해요\U0001faf6', '에고 힘든날이셨구나요 ㅜㅜ 힘든 날들 지나갈까 싶지만 꼭 반드시 지나가고 좋은날 오더라고요... 지치고 힘들수록 오히려 쉬어가야해요~\n그 쉬는 시간에 단단히 스스로를 정비하고\n멋지게 뛸 준비를 해야해요~\n다 잘될테니 글쓴님도 자신을 믿어주길 바라요.', '단단히 제자신을 정비해야하는데… 그럴수 있겟죠? 이런일에 익숙해지지도않고 시간이 흐를수록 더 어렵게 느껴지는건 지쳐서 인걸까용 😢… 제자신을 믿는것도 앞으로 좋아질거라 믿는일도 다 어렵네요..']"
['펑'],salki,"['음 친하고 편한 사이면 놀리고 챙겨주는 건 가능할 것 같은데..\n각자 일행이 있는 상황에서 술 마시고 보고싶어하고 연락하는 건 호감 같기듀 해용', '막 술마시니까 그냥 기분에 취해서 그런거 아닐까요', '백퍼 호감..!', '술에 취해서 그러는 확률은 없나요?', '이게 안맞으면 그사람이 연구대상이네요...', '원래 인프피 호감있으면 어떻게 하나요..', '엄청 티나요 고장나고 이상해져요ㅋㅋ 그게아니면 적극적으로 다가가고 섬세하게 챙겨줘요 (선물주고 뭐하는지 궁금해하고 선톡잘하고~)', '댕댕이 그자체네요. 답변 감사합니다!!']"
"['이런 이야기, 가까운 친구에게도 하지 않는 성격이라', '커뮤니티에 적어서라도 제 마음을 털어놓고 싶었어요.', '', '전에 글은 썼었지만요.', '바로 옆자리 유부남 상사와 바람난 전여자친구.', '나이차도 10살 이상이나 나는 40초반인데', '심지어 여자친구 퇴근시간에 데리러갈때도 1층에서 기다리고 있다가', '전여친과 같이 나오던 그 상사와 인사도 나눴는데..', '', '결국 바람을 피웠다는 사실을 알고 헤어졌거든요,', '그 후로 누굴 만날 생각조차 안들고, 아직까지도 마음이 괴롭고', '내가 진심으로 결혼까지 생각했던 사람이고 믿었던 사람이어서 그런지 배신감에 힘드네요.', '', '친한 친구가 얼마전 저랑 잘 어울릴 것 같다며 괜찮은 사람이니 소개받아보라며 나오라고 했지만..', '지금은 누구에게 마음을 열 용기라기보다는, 완전히 지쳐버린 상태에요..', '연애감정, 설레임 이런게 다시 생길 수 있을까요.', '지금은 정말 일,운동,집만 반복하고 있어요. 술도 부정적인 감정에 휩싸여질 수 있기에 마시지도 않아요.', '', '저는 제 자신을 정말 아끼는 사람인데, 그만큼 사랑하는 연인도 아껴주는 마음으로', '전연인도 후회없이 사랑했거든요, 그런데 돌아온게 배신이라니 그래서 더 마음이 괴로운 것 같아요.', '수개월동안 거짓말로 상황을 모면해오고, 계속해서 믿어온건데, 그게 모두 거짓이었다는 사실과', '결국엔 바람, 그것도 유부남과의 바람이라는데', '제 자존심에 굉장히 상처가 됐고, 도대체가 전여자친구의 심리가 이해가 되질 않아요.', '', '가정 환경에 결핍이 있던 사람이었지만, 그 결핍을 채워주고자', '정말 사랑을 아낌없이 주려고 노력했고, 물론 제 기준일 수 있지만', '제 현재 위치 상황에서 최선을 다했다고 자신있게 말할 수 있을만큼 사랑을 줬어요..', '결국에 돌아온것이 이런거라니, 더군다나 가정이 이미 있는 남자에게 몸을 줘버리다니..', '그것도 한번이 아니라 수차례, 주말에는 저와 뻔뻔하게 데이트를 하면서 속여왔다는게', '', '시간이 지나도 말로 형용할 수 없는 괴로움은 가시질 않네요.', '', '불금, 친구들이 나와서 놀자고는 하지만, 이제 술자리가 싫어졌어요..']",웬프줴,['참.. 누가 어떤 말을 해도 쉽게 아물 상처는 아닐 것으로 보이네요. 그 여자분과 결혼하지 않으시고 그 전에 사실을 알아채신게 그나마 다행인 것 같구요. 뻔한 말이라지만 정말 사람으로 인한 상처는 사람으로 치유되더군요.. 저도 남자친구가 바람펴서 죽고 싶을 만큼 고통스럽고 남자를 아예 못 믿겠어서 마음을 쉽사리 열지 못하던 시기가 있었는데 너무 좋은 사람 만나 그 아픔이 전부 치유되었습니다. 근데 그런 든든한 나무같은 역할을 작성자분이 하신 거 같은데 되려 뒤통수를 맞으시다니 참.. 진짜 마음이 쓰리실 것 같습니다. 다음 번에는 쾌락보다는 안정적인 관계를 중시하고 마음이 바다같이 넓고 깊은 여자분을 만나시길 바랍니다. 포기하지 마셔요! 작성자님께 사랑 받을 자격이 충분한 사랑 넘치는 여자분이 계실거에요']
"['E 87', 'N 80', 'F 92', 'P 88', '', '질문 조하효']",ENFP 쿵쓰,"['엔프피들은 본인한테 마이너스 되는 말을 왜 할까요?\n저는 그런게 순수해 보이고 귀엽긴한데 이해는 안가거든요.\n제가 만나온 사람 성격상 방심하게 해서 뒷통수 치려는건 아닌것 같거든요.🤔🤔\n\n같은 맥락인지 모르겠지만 사람을 잘 믿고 좋아해서 배신당하고 상처받을때가 많다더라구요\n\n뭐... 좋아하는 사람이 그러고 다니니 옆에서 보기에 좀 속상합니다\n\n다른 엔프피분은 남들도 별반 다를것 없다고 생각해서 창피하거나 숨겨야 겠다는 생각을 안하는거라고 했거든요', '그럼에도 이 사람은 나한테 상처 안주겠지 .. 나는 이사람 믿으니까! 하는 경향이 있어요 매번 ㅠㅠ 그러고 3분에1확률로 상처 받고 또 이제부터 정 절대 안줘야지 내 얘기 절대 함부러 안할거야 해놓곤 또 반복하죠.. 어쩔 수가 없나봐요 저도 이런 제가 싫답니다....😭', '😉', '인프제는 귀여워!!!🤤', '순도 100퍼 엔프피인 만큼 본인 스스로도 순수하다고 생각하시나요?', '네 머가리 꽃밭이에요 (욕임)\n그냥 사람에 대한 경계심이 없는 강아지라고 봐주시면 될 것 같아요..', 'I 인 친구를 끌고나갈 때 어떻게 설득하시나여?', 'ㅋㅋㅋㅋ이거 진짜 일급 기밀인데\n제 주변 친구들 96퍼가 I 거든요\n놀자고 한 두시간을 설득하다가, 그럼에도 싫다고 한다면 갑자기 태도 돌변해서 ㅇㅇ 알겠다 라고 하면 백이면 백 갑자기 왜 알겠다고 해...? 라고 해요ㅋㅋㅋㅋㅋㅋㅋㅋㅋㅋㅋㅋㅋㅋㅋㅋㅋㅋㅋㅋㅋ그러고 불쌍한척 하면 다 ㅇㅋ 하던데요ㅠㅠ', 'ㅋㅋㅋㅋㅋㅋ 쿵쓰님... 무서운 사람이셨어....', '인간관계에서 정이나 미련이 많은 편인가요?', '너무 많아서 문제네요......', '엔프피가 행복하게해줘서 고맙다고하는건 찐행복인건가요? 저는 걍 일상적데이트였다고 생각하는데~\n여기에다 답을 어케해줘야될까여? ㅋ', '찐 행 복 맞 습 니 다 ! !\n너가 행복했다니까 내가 더 행복해진다 더 행복하게 만들어줄게 딱 기다려 ~ !!!!\n요런 말 환 장 합니다']"
['펑'],사회화된잇티제,"['디엠 메시지 옆에 떠요!', '간직하고 싶어서요']"
"['인프피와 2년전에 썸타다 끝났었고(당시에 상대는 ENTP였는데 지금은 INFP)서로 간간히 연락 주고받다', '만나려고 했었는데 제가 보자고 할 땐 상대가 약속이 있고 상대가 보자고 할 땐 제가 약속이 있고 계속 타이밍이 안맞으니까 그낭 그러고 말았어요. 지금은 서로 인스타만 보고 좋아요만 누르는 사이에요.', '', '제가 몇일전 인스타에 글을 하나 올렸는데 상대(남자)가', '몇일 뒤 인스타 스토리에 조블랙의 사랑 명장면을 올린거에요. 그 장면이 뭐였냐면, 남자와 여자는 서로 반했지먄 남자가 뒤돌아서 여자를 볼 땐 여자가 가고 있고 여자가 뒤돌아서 남자를 볼 땐 남자가 가고 있어 서로 타이밍이 안맞는 영상을 올렸더라고요.', '', '의미부여 하면 안되는걸 알지만 제 인스타 글이랑', '괜히 연관지어 생각하게 되네요.. ㅠㅠ', '제 착각인거겠죠?', '사진은 제가 인스타에 올린 글이에요', '']",민디스,"['만약 그 영상 올리는게 의미가 없는거라면 글쓴님한테 괜한 오해 만들기 싫어서 올리고 싶어도 안올릴거같은데\n소심한 인프피식으로 티내는걸로 보이는데요 제가 인프피라 의미부여 잘해서 그런지 ㅋㅋㅋㅋㅋ', '스토리 올린 타이밍이나 내용을 봤을 땐 아무의미 없이 올리진 않은것같아요! 민디스님이랑 비슷한 감정을 느끼신걸수도ㅎㅎ', '의미부여 같은데 좋은 느낌은 아닌 거 같아요. 그 땐 그랬지만 이미 지난 일이고 감정에 취하지 않겠다는 내용으로 보이네요. 미련도 안느껴지고']"
['요즘 제가 너무 친구 없는 거 같기도 하고 취미활동 하면서 사람 좀 만나고 싶은데 어떤게 좋을까요🥺?? 원래는 드럼 배우고 싶었는데 보통 1:1로 하는 게 많아서요ㅜㅜ 여러명이서 같이 할 수 있는 거 하고싶어요! 추천 부탁드립니당ㅎㅎ'],누룽누룽이,"['그렇다면 크로스핏 추처니요', '클라이밍 추천합니다!', '결혼한 지금은 집에서 하는 취미인 다꾸하는데.\n성향상..등산,트레킹,여행,영화/연극 모임 들었네요 ㅎ\n한때 위시리스트가 악기하나 할줄알기였어서 우쿠렐레 모임도 간적있어요']"
"['인프피 남자친구를 만나고 있어요!', '평소에 봤을 때 저한테도 속이야기를 편히 하지 않는 편인데 조금씩 맞춰 가고 있거든요.', '', '최근에 저와 교제하고 있다는 걸', '가족들에게 이야기했다는데', '우리 관계를 진지하게 생각하고 있다고 받아들이면 될까요? 저랑 만나기 이전에 장기연애를 했던 터라', '혹시 김칫국 드링킹하고 있는 건가 싶어서', '여기에 물어봐요']",Infp탐구중,"['넴..정말 진지하게 생각해본거 같습니다\n분명 깊은 고민끝에 마음 정하고 가족분들에게 말하셨을겁니다!', '가족한테까지 얘기한다는건 사귀는거에 대해 진지하게 생각하고 있다는거 같아요. 가볍게 만날거라면 부모님께 얘기할 필요성을 못느끼거든요.']"
"['요즘 힘든데 너 덕분에 그나마 행복하고 기운이 난다고 하면요', '뭐라고 대답해 줘야 하나요??', '저는', '', '무슨 일 있어?', '그게 어떤거든 너가 행복하지 않으면 다른 사람들 때문에 뭔가 하려고 하지 않았으면 좋겠다', '쉬고 싶을 땐 다른 사람 생각하지 말고 쉬고 너 하고 싶은대로 하라고 하거든요.', '', '근데 이런 경우 f들은 나도 사랑해. 고마워. 더 많이 사랑해주지 못해서 미안해. 이런식으로 대화가 흘러가더라구여 😶😶', '', '이런 대답을 원하는거면 저는 너무 상대방을 이해 못하고 있는건가 싶기도 해서요..']",ENTJ큐큐QQ,"['니가 행복하면 그걸로 됐어 더 행복하게 해줄게 걱정하지마\n\n이런 류의 대답…!', '음..그렇군요...\n평소랑 좀 많이 달라서 걱정이 되더라구여\n저 말만 한게 아니고 이상한 인스타 올리고 그래서..\n가끔 한번씩 저러다 잘못되거나 나쁜 마음 먹는거 아닌가 싶을때가 있게 굴거든요\n뭐 평소엔 저도 작성자님이 말씀하신거랑 비슷하게 말합니다. 😆😆', '너한테 내가 그런 존재일 수 있어서 너무 고맙고 다행이다 >.<\n무슨 일 때문에 힘든지 정확하게는 모르겠지만 내가 아는 너는 충분히 이겨낼 수 있어!\n내가 항상 응원하고 있다는 걸 잊지마~', '저는 이유가 알고 싶은데 이유는 별로 말하고 싶지 않은걸까요', '""뭐 때문에 힘든지 말해줄 수 있어?, 이유를 알면 내가 좀 더 구체적으로 도와줄 수 있는 방법이 있지 않을까 싶어서""\n이런식으로 물어봐도 되고,\n\n그냥 요즘 뭐가 힘든지 궁금하다고 바로 물어보세용!\n웬만하면 오픈하는데 굳이 얘기 안하려고 하면 힘내라고 위로해주면 될 것 같아요', '네에.. 감사합니다', '그냥 무슨일인지 물어봐도 될까? 니가 걱정되서 조금이라도 도움이 될수있을까해서..말하기 힘들면 말안해도되구. 라고 물어보면 될듯요. 전 보통 진짜 비밀아니면 다 말해요.', '그렇군요..\n보통은 힘든거 말하거나 징징거리는 편인데 지금은 말하고 싶지 않은가봐요\n요즘 계속 저기압이더라구요']"
"['', '', '', '매력이 엄청나서?', '남 주긴 아까워서?', '뒤돌고 나니 후회가 돼서?', '이것도 인연이라면 인연일까요', '아님 이어져서는 안 됐던 악연일까요', '문득 궁금해지네요 ㅎㅎ']",엔프피 계란말잉,"['진짜아닌데뭔가아닌거같은데 좋으니양가감정인거죠', '끌리는 포인트가 있는데 안되는 사람인거 알고 억누르니깐 더 그런거 같네요.. 근데 그럴수록 더 안 엮이는 게 맞는듯..', ""제 경험상\n남 주긴 아까워서 40%\n못해본게 후회가 되어서 40%\n그냥 20%\n\n근데 다른건 다 인정해도 저 '그냥'이 이유없음으로 해결불가에요;\n떨쳐내는것도 '그냥' 내려놔야하는데 내려놓을 이유가 생기지 않는 이상 쉽게 안사라지는 것 같아요 따흑"", '아직 순수해서여..이성보다 감정', '안된다는 걸 아니까 오히려 그 부분이 더 매력적으로 다가오는 게 아닐까요? 마치 로미오와 줄리엣이 된 기분이라고나 할까', '무슨이유가 있을까요? 끌리는(퓔)무언가에는 답이없는것같아요', '서로 진짜아니면 서로를 위해라도 놔주어야죠 ㅜㅠ\n저는 진자 아닌데 끌릴 확률은 적은듯요', '저도 예전에 그런적있었는데 서로에게 독이에요..\n의식적으로 끊어내는 것 말곤 모르겠네요', '안될 걸 알수록 더 끌리는 것 같아요 일종의 오기랄까', '지금까지 지내온 정', '나쁜남자라서요', '전 아쉬움인거같아요. 끌리긴 끌려서 더 함께하고 싶은 마음.. 하지만 경험상 좋아하는 마음만으로 안되더라구요. 서로 상처만 되요', '댓글 하나하나 다 읽어 봤는데 모두 맞는 것 같아요 ㅎㅎ 의견 감사합니다🙇\u200d♀️']"
"['어떤 J유형은 자기전에 다음날 옷까지 준비한다고 하던데 저는 당일 아침에 즉흥적으로 고르거든요', '평소에 날씨 정보를 안 보는데 지하철을 타니 사람들이 우산을 들고 있네요ㅋㅋ', '집에만 쌓인 우산이 많은데... 또 사게 되었어요ㅋㅋ']",발걸음INFP 4w5,"['ㅋㅋ 대박\n여기도 우산 들고들 있네요😂\n하지만 전 직장에 우산이 있죠', '아 맞다 우산(역전세계편)인 건가요?!', 'j도 날씨 안보던데욬ㅋㅋㅋㅋㅋ 제 동생이 그러해요...ㅋㅎㅋㅎㅋㅎㅋㅎㅋ', '오늘 비와요?? 오마갓..', '오 마이갓 차키 안보여서 차놓고 나왔는데', '저는 이상하게 빼박 P인데 전날 옷도 생각하고 잠들고 아침에 일기예보도 꼭 확인해요... 이건 멀까영ㅋㅋㅋㅋ', '저는 옷고를때 젤 위에 쌓인옷만 골라서 맨날 위에꺼만 입어요', '아침에 일어나서 외출할때 되면 항상\n""오늘은 옷을 어떻게 입을까?"" 보단\n""오늘은 이렇게 입어야겠다.""하고 바로바로 결정해버리긴 해요ㅋㅋ', '저는 p인데도 나갈땐 옷 미리 고르고 일기예보도 미리 봐요ㅋㅋㅋ', '대충 어떤 스타일로 입을지 머리에 그려놓고 잡니다.\n그러나 아침에 일어나서 그대로 입었을 때 별로인 경우가 많아서 최종 결과는 당일 즉흥 코디\n\n날씨 같은 경우는..\n비 온다 그래서 우산 챙긴 날은 정작 비가 안 오고\n못 챙겼을 때만 비가 와서 그냥 일기예보 따위 안봅니다.\n여행 등 미리 일정이 있을 때만 날씨 확인해용!', '저도 아침에 즉흥적으로 고르고 갑니다. 일기 예보 안 보고 나갔다가 감기걸리거나 우산 없이 비맞고 다닌 적도 있어요.']"
"['자존심이 너무 없는건 자존감 문제일까요?', '연애하면서 자존심 부려서 좋을거없다는 주의였는데 어느정돈 있어야하나봐요 끝나고 오는 허무함이 더 크게 다가와요', '혼자 정주고 맘주고 애쓰고도 못놓는 관계 그만하고싶어요 저도 누군가에겐 차가웠을까요', '한번 맘주면 상대 단점 어느정돈 다 포용하고 세기의 사랑마냥 헌신적인데 엔프피 특인가요? 이렇게까지? 싶을정도로 소중히 대하거든요.. 시간지나면 을이 되어있는게 문제지만..', '근데 믿던 상대 알고보니까 만날 기간 정해놓고 있었다는것과 내로남불 막말 이기적인 모습에 실망하면서도 부정하고 못놓다가 몇주 울고 혼잣말 3시간정도하다이제야 놨어요', '추억보다는 어떻게 사람이 이렇게 이기적일 수 있는건지가 더 의문이여서 힘드네요', '자긴 힘든거 다 말하면서 원래 감정못받아준다하고 제 속마음 말할때마다 배려안해준다면서 입꾹다물거나 자긴 할만큼 했다는 식으로 관계포기하네요 원래가 어디있나요', '자기한테 부족한 부분을 더 원하는게 맞나봐요 모순적이에요 그런데 평소엔 너무 다정하고 생각깊고 상반되는게 충격이여서 헤어나오질 못하나봐요', '끝까지 절 대역죄인으로 죄책감 심길래 할말 다하고 나오니까 속은 시원해요 제 포용범위가 넓어서 많이 넘어간것뿐이지 절대 연인다툼간에 일방적인 잘못은 없다생각하거든요', '그럼에도 자동적으로 상대입장 먼저 생각하고 이해하려는 제가 바보를 넘어서 호구같아요 서로 그러면 좋을텐데요 이별에 예의가 없는 사람은 참 많아요 당장 맘 떠났으니 신경쓸거없으니까요 전 지낸 정이 있으니 좋게 마무리하고싶은건데 생각보다 없어요 그런 사람이', '회피형은 두번째인데 비슷한 점도 많지만 벽이랑 대화하는 느낌이 가장 힘드네요.. 말그대로 인간의 존엄성을 짓밟히는 느낌 그래도 전애인들한텐 다 연락왔네요 차라리 안왔으면하는데요 후회하는 모습조차 실망스러워서..', '저랑 다르게 과묵하고 시니컬한 분위기에 끌리다보니 좋아하는 사람은 회피형일 확률이 높았던거같아요 속마음 모르겠어서 6개월을 검색하고 탐구하고.. 속 시커먼 놈말고 투명한 사람 만납시다 정신건강에 해로워요', '이젠 그냥 저처럼 앞뒤 똑같고 정많고 표현많은 사람 만나고싶어요 그것대로 단점은 있겠지만요', '저같은 사람은 꽤 감정적이기도해요 인정하고 고쳐가면서 좋은 사람 만나고싶은데 있을까 .. 😮\u200d💨', '혼자 주절주절 하네요 일어나서 지우자..']",뿌린,"['연애를 해도 언제나 자기를 1순위로 두세요', '이제 그래보려구요.. 한번 빠지게되면 그게 젤 어려운거같아요', '자존감과 자존심은 다른 거라고 생각하지만 자존심을 너무 놓고 상대에게 맞춰주면 내가 어느 순간 상대에게 공기 같은 사람이 되어 있더라구요. 다만 내가 맘이 가는 사람에게 퍼주는 사람들은 외려 나에게 헌신적인 사람보다 내가 그럴 수 있는 사람에게 좀 더 이끌리는 거 같기도 해요... 담엔 안그래야지 하면서 또 다 주고 공기화 되어가는 날 보며 더 해줄게 없을 때 이별을 준비하고... 힁...\n\n힘내세요. 더 좋은 분이 뿌린님을 기다리고 있을 거에요.']"
"['연애가 지친다고 이별 통보 당하고 헤어진지 6개월 정도 됐고 그동안 아예 연락 끊켰었어요', '서로 차단한 상태도 아니고 겹치는 루트가 있어 아주 가끔 마주치곤 합니다', '', '진심을 다해 먼저 연락하는 것과 연락이 오기까지 기다리는 것 둘중에 어떤 것이 좋을까요?', '헤어지기 전에 제 생일에 연락 주겠다는 식으로 했는데 그때까지 기다려야할까요?', '', '인프피들은 이별 후 6개월이면 다 잊는지도 궁금합니다']",Xstpp,"['케바케...같은데여..ㅜㅡㅜ', '감정이나 관계라는 게 성향에 따라 똑같이 획일화 된 게 아니고 사람마다 달라서 이렇다 저렇다 확신하면서 말씀드릴 수는 없지만\n저는 상대에게 지쳐서 손 놓는 순간에는 다시 돌아본 적 없었던 거 같긴 해요.\n그리고 제가 시간에 익숙해져서 상대를 생각해도 아무렇지 않아지기 전에 연락이 오면 고민했던 거 같아요.', '유형상관없이 마음닿는대로 해보세요\n진심이고 인연이라면 분명 통할거에요-!']"
"['둘은 파국인가여?', '', 'estp가 주변에 있긴한데 깊이 알진 못해서', '궁금하네요..!']",yninfp,"['기본적으로 잘 맞는 유형은 아니에요ㅎㅎ\n인프피가 속으로 서운한일들 좀 있을거같아요\n엣팁은 그 서운한 포인트 이해못하구요\n저는 친한 친구들중에 인프피 둘 있는데 무조건 그냥 쌓아두지말고 말해달라고 했거든요 기분안나쁘니까\n이 친구들이 초중반엔 안그랬는데 그래도 오래 함께하고싶은지 자신들 마음을 언젠가부터 솔직하게 말해주기 시작하면서 관계가 단단하게 오래가기 시작한거같아요\n그래도 다른 유형끼리 친하면 재밌는일은 훨씬 많아요', '오홍..저도 가볍게 사귀었을 땐 나쁘지않았고 재밌었는데 조금 봐보니 깊게 들어가면 잘 맞지는 않겠다싶더라구요ㅎㅎ저보다 P느낌이 강했고 시원시원한 느낌이었어요 정반대 성향이라는게 확 느껴진..!', '네네 가까이 지내다보면 다른성향에 서로 신기해하는게 느껴져요ㅋㅋㅋ\n작성자분 인프피이신거같은데 엣팁과 잘맞을지는 왜 궁금하게 되신건가요?\n주변에 있다는 엣팁분이랑 친해지고 싶으세요?', '친해지게 된 엣팁 여성,남성분이 있는데 두 분다 저한테 동성, 이성적 호감이 있어 보여서 궁금했습니당ㅎㅎ제 주변에는 없는 유형이라서요..!', '사랑이 껴져있는 연인사이는 mbti로 정의하기 힘들긴 할것같아요. 그런데 친구사이라면 도온님 의견에 일절동의합니다🥰', '맞아요ㅎㅎ사랑은 저도 공감합니다..! 어느정도 맞아야싶긴 하겠지만여ㅎㅎ', '답답 & 상처의 파국조합 아닐까....', 'ㅋㅋㅋㅋㅋㅋㅋㅋ떼잉..ㅋㅋㅋㅋ', '종이방패가 핵탄두에 뚫리는 느낌일거라 생각해요.\n\n기본적으로 안맞아도 너무 안맞아요', '학ㅋㅋㅋㅋㅋ그렇군여', '서로 성향알고 조심하믄 모를까.. 진짜..안맞아여..전 그랬어여..제가 맞추는 기분이라.. 아 이거 직장상사 모시는건가..그런기분..ㅠ 성향자체가 infp는 미움받기 싫어서 그래도 최대한 맞추는데에 뭐랄까 고마워하면서도..당연하게 여겨지는..그냥 생각나는 대로 말하는데에 전 끙끙앓다가 말하는 타입이라 ㅡ..ㅡ 전 비추요....', 'ㅋㅋㅋㅋ안 맞는걸루..', ""연인 관계에는 또 어떤 변수가 있을지는 모르겠지만, 일반적으로는 서로 꽤 노력해야 하는 조합입니다.\nINFP가 노력해야 할 점 - 싫은 것은 싫다고 말하는 습관 들이기\nESTP가 노력해야 할 점 - '말하기 전에 생각했나요?' 짤부터 떠올리는 습관 들이기\n(왜 짤이냐 하면...SP들(Se 주/부기능 유형)은 관념이나 이론보다는 구체적인 뭔가가 있어야 더 받아들이기가 좋아요)\n\n아, 물론 에니어그램 유형에 따라 달라질 수도 있고, 진리의 사바사도 있습니다 )"", 'ㅋㅋㅋㅋ말하기 전에 생각했나요? 넘 웃기네옄ㅋㅋ', '결 하나도 안맞는 파국 조합이져', '역시 st와 nf는 쉽지않군여', '진짜 파국일거같아욬ㅋㅋㅋㅋㅋㅋㅋㅋㅋㅋㅋㅋ', '제 20년 친구가 인프피입니다. 저는 엣팁에서 잇팁으로 바뀌었구요 ㅋㅋㅋ 저희 이제는 서로 ""그래 넌 그런 인간이지"" 하고 맙니다. ㅋㅋㅋㅋ 서로에게 원하는바가 달라요. 안될 걸 아니까 원하지도 서운해하지도 않습니다.', 'ㅋㅋㅋㅋㅋㅋ서로에게 뭘 원하시나요?', '원하는게 없습니다 그냥 아프지 말고 늙어가면 됩니다', 'ㅋㅋㅋㅋㅋ개웃겨옄ㅋㅋㅋㅋㅋ', '연인으론 처음에 너무 달라서 끌리는데 가까워질수록 안맞는점이 크고 작게 계속 보여요 ㅋㅋㅋ 물론 극복할 수 있겠지만 쉽지 않은건 맞죵 ㅋㅋ 만나봤는데 빨리 끝났어요 ㅠㅠ 처음엔 불같이 빠르게 진행되나 결국은 잘 안맞는…\n하지만 친구로선 최고의 여행메이트가 엣팁이에요 ㅋㅋㅋㅋ 서로 즉흥적이고 재미 추구하는데에는 최고 ㅋㅋ 서로 멋있고 신기해하는 점도 많구요', 'ㅋㅋㅋ나이가 들어서인지 이젠 너무 다르면 거부감이 들어욬ㅋ예전엔 호기심 가득 더 알아가고싶았는데']"
"['제가 좋아하는 연예인들도 보통 인프피 이고', '제가 짝사랑 했던 사람들도 인프피 인프제..', '제 주변 친구들도 인프피 인프제 인티제 인팁...', '제가 엠비티아이를 알고 일부로 좋아하는게 아니라 끌리고 보면 IN --인 경우가 정말 많아요', '다른 엔프피 분들도 그런가요???']",엥에엥뿌피,"['보통 in형들은 내면의 세계가 깊고 속내를 알 수 없는 데다 텐션이 낮은 경우가 많은데,\n엔프피는 그 사람들을 끌어내서 엔프피 특유의 텐션으로 밝게 해주고 싶기 때문에.', '', '앜ㅎㅋㅎㅋㅎㅋㅎㅋㅎㅎㅋㅎㅋ 맞는거 같아요!!!', '여기서 궁금한거.. 엔프피도 결국 지쳐 버리는걸 너무 많이 봤어요 사람이니 퍼주기만 할 수는 없겠지만, INT 를 해석한 내용대로 행동했을때, 엔프피도 서운함을 느끼는걸까요? 지치는걸까요? 정서적인 서운함인지\n노력을 쏟아부어도 고쳐지지 않기에 포기한것인지요! 질문이 잘 전달될지 모르겠습니다. 엔프피도 F라서 어려워요...', ""음... 엔프피는 딱히 '고치려고' 하지는 않아요. p기능 때문에 타인에 대한 융통성이 있거든요.\n그냥 한 순간 그 사람을 웃겼으면 그걸로 만족합니다.\n물론 엔프피도 사람이기에 계~속 들이댔는데 상대방이 철벽을 치면 포기하지 않을까요?ㅎ\nf형 특성상 어찌 됐든 본인은 노력했는데 타인이 마음을 열지 않으면 서운함이 드는 건 어쩔 수 없다 봅니다.\n특히 st형에 비해 감정을 좀 더 예민하게 느끼는 nf형이니. 쿨한 척하는 거지, 쿨하지 않아요."", '답변감사합니다! 정확한 상황설명을 못드려서 아쉽습니다. 고친다 라는 말은 아무래도 제 기준에서 튀어나온것같아요. 엔프피를 스스로도 주변에서도 확신하는 친구하나가 저로 인해 본인이 부정당하는 것 같다는 생각을 자주하나보더라구요. 여러 이유가 있겠지만 그 중 하나를 간단하게 여쭤봤어요.그리고 정말로 쿨한척하지만 쿨하지 못해서 저는 좋게 나가기가 어렵구요..']"
"['', '저는 학원에서 일하고 있는데', '-학원비 부담으로 인해 학원 그만둠', '-성적 안올라서 학원 옮김 (학생이 공부를 안해서)', '이렇게 제가 컨트롤 할 수 없는 영역이', '제 실적에 압박을 주면 너무 스트레스에요..', '', '그래도 3년 넘게 일해서 이제 어느정도 괜찮아졌다 생각했는데', '..', ""요즘 ' 관리직까지 올려줄테니 실적 더 올려라'"", ""'매출 신경쓰자' 이런 말 듣는 시점에"", '학생이 그만둔다는 소식이 들리니 너무 힘들어요..', '', '이 시기가 학생들이 학원 옮기는 시기라서', '매년 힘든데 올해는 유난히 더 힘들고..', '매년 힘든게 정해졌다는게 슬프네요 ㅠㅠ', '', '원래 일하면 다 이렇게 힘든 시기가 있는 걸까요', '아님 제 일이 원래 힘든걸까요', '제가 눈물이 많은 걸까요 ㅠ', '', '']",ENFP 퇴준생,"['율지마여 ㅠㅠ 뚝ㅠㅠ 토닥토닥', '감사해요 ㅠㅠ 아니 그만 울어야죠 ㅎㅎㅎ ㅋㅋㅋ 습관적 눈물', '아이고… 아픈 마음이 느껴져서 제가 다 슬퍼지네요.. 어디 좋은 곳이라도 가셔서 기분 전환하셔야 할 것 같네요.. ㅠㅜ', '감사합니다. 그래도 글 쓰고 댓글을 보니 맘이 정말 좋아졌어요!!!!!!!!!! 감사합니다', '제가 최근에 가장 좋아하는 인용구인데, “나무에 앉은 새는 가지가 부러질까 두려워하지 않는다.”\n\n직장에서 듣는 말들에 가스라이팅 당해서 하루하루 고통받으신다고 생각이 들면 조금더 나은 내일을 위해서 하루빨리 그곳을 떠나는 용기를 갖는것도 필요하다고 생각해요.', '인용구 너무 멋지고 지금 저에게 넘 필요했던 말이에요... 사실 떠날 용기가 없어서 못떠나고 있는건 아닌지 고민도 많았고 막상 떠나서 아무것도 못하면 어쩌지도 생각 많았거든요. 오늘부터 새로운 출발을 할 수 있는 자신감이 드네요! 감사합니다!', '필요했던 말을 해줄 수 있어서 기쁘네요, 조금 더 행복해지세요! 좋은 하루 보내세요🥰', '토닥토닥입니다 제가 사교육에서 공교육으로 옮긴 여러 이유 중 가장 큰 이유인지라 공감이 가네요.... 차라리 내 성적을 올리라면 하겠는데 안되고 안하고 일주일에 학원 기껏해야 몇시간 오는 애들 성적을 올리라는게 너무 스트레스더라구요', '네네 ㅠㅠ 사실 누군가를 담당하고 교육한다는 것 자체가 쉽지 않은 일이란걸 알면서도 몰아칠 땐 너무 힘드네요ㅋㅋㅋ\n보람도 크고 아픔도 큰 계열 같아요! 보람에 중독되서 계속 일하고 있었는데, 어제도 저 글 쓰고 울고 있었는데 그만 둔 학생이 너무 감사했다고 장문의 카톡을 보냈더라구요 그거 보고 엉엉 울었어요 ㅋㅋㅋㅋ', '마음 고생 심하시겠아요 ㅜㅜ 실적 문제가 진짜 내가 어떻게 할 수 있는 한계그 있으니 더… 맛있는거 드시고 텐션 업업 해보셔용 ㅠㅠ', '오늘 이겨내려고 바로 맛있는 디저트집와서 잔뜩 사왔습니다 ㅋㅋㅋㅋㅋㅋㅋ 그래도 벼텨야죠 정말 감사합니다!!', '컨트롤 할수 없는부분이라고 적어 놓으셨네요 컨트롤 안하고 같이 옆에 있어줄(놀아줄) 친구와 함께하세요 :)', '감사합니다! 네네 주말엔 힐링 시간좀 가지려고 합니다.ㅎㅎ']"
"['카톡 공감에서 하트를 잘 누르는 편인가요?', '', '저는 하트 엄청 민감해서 절대 못누르겠던데 ㅋㅋㅋ', '', '무슨 마음인지 궁금하네요']",이귤,"['내가 봤다는걸 상대방이 알아도 되는 게시물에 크게 할말 없을때 누릅니다 ㅋㅋ', '아 소개팅 하구 여러번 만났어요 ㅋㅋㅋ 갠톡에서요! 저는 약간 조심스러워서', '좋아하는 사람에게만 남겨요', '아아 저도 infp인데 저는 어렵더라구요 ㅜㅜ 사귀는사이 아니면', '썸이긴 한데 철판 깔고 직진중 입니다..', '이야기가 다 끝난 듯 한데 더이상 할 말이 없을 때 ‘글 읽었다, 오키‘ 요런 느낌으로 구냥 하트 눌러요', '저두 할말 없어서 대화 마무리할때! 그 하트가 그 하트는 아니예요..ㅎㅎ', '저 하트 못누르는 편이에요.\n그... 하트 모양도 신경 쓰이지만 일단 그거 누르고 답을 안 하는 것도 신경 쓰여서 못 누르겠더라구요.\n\n예외로 제 인티제한테는 좀 써요. 할 말 없는데 대화 유지하는 걸 잘 못하고 어려워 할 것 같아서,\n굳이 대화 이어가려고 애쓰지 않아도 돼~ 정도의 의미로 하트 쓰고 있어요.\n\n그 외엔... 못써요 못써 ㅋㅋㅋ']"
"['인프피를 떠나서 무슨 상황인가요?', '제 이야기는 아니고 제 친구 이야기인데', '친구가 수영을 배우는데 수영장에서 다른 레인에서 수영하던 여자하고 눈을 두번인가 마주쳐서 그냥 말을 걸어봤는데', '상대 여자가 호응도 좋고해서 말을 좀 길게 하더라고요 저도 근처에서 보고 있었습니다.', '그리고 수영장에서 나와서 그 여자 뭐냐 물어보니 제가 위에서 언급한 이야기하면서 본인은 호감이 있다는 식으로 이야기 했고요.', '이후 일주일정도 지나고 제가 그 여자에대해 물어보니 그사이 연락처도 주고받고 밥도 몇번먹고 전화도 몇번 했는데 한번하면 뭐 한 40분정도 통화를 했다고 합니다.', '거의 일주일에 3일정도는 보는거 같습니다. (근데 참고로 수영장이 대학교 안에 수영장이고 제 친구가 매일 도서관에서 책읽거나 이런거 하고있고 그 여자도 취업준비 하느냐고 도서관을 자주가서 자주 마주친거 같습니다)', '근데 어떻게 알고보니 그여자는 남자친구도 있고 휴대폰 케이스 뒤에 남친사진도 있고 본인 입으로 남친있다고도 하고 그랫다고 합니다.', '그냥 본인 생각에는 이 친구가 말레이시아에서 국제학교 다니다 부모님은 제주도에 살고 남친도 제주도에 살고 지금 대학에서는 늦은 나이에 편입해서 친구도 없고해서 심심한게 느껴진다고 합니다.', '그냥 서로 말로는 친구로 지내자고 했다는데 제 친구는 그래도 호감은 있는거 같고', '이여자의 심리는 뭔가요? 여자는 infp이고 제친구는 intp입니다. 위에서 언급한 행동말고도 저녁 안먹었다고해서 샌드위치도 집앞까지 사다주고 제친구가 그랫다네요..', '아무리 남친이 제주도에 있다지만 이렇게까지 할 수 있나요? 여자는 걍 심심해서 진짜 찐친이라고 생각 하는 걸까요? 서로 알고지낸게 거의 2주도 안되거같은데 서로 하는거 보면 연인아닌가요? 직접 행동을 보진 않았지만', '친구 아니면 호감이 있어 환승각 보는걸까요?']",나무늘보다,"['남자친구랑 사이 안 좋거나 싸웠거나 권태기 중이라 환승하려는 것 같고 찐친은 절대 아니에여...... 저게 찐친이면 세상 모든 남녀 커플을 찐친이라 해도 되겠져! 그냥 어장의 한 부분이고 이런 여자는 연애해서도 전혀 믿음이 안 갈 사람이니 호감은 접으시는 겡..... ㅎㅎㅎㅎㅎ', '전 잘 모르겠어요 그냥 밥 먹고 통화를 했고 자주 마주친게 끝이잖아요 이건 친구 사이에도 가능한 일인데 행동을 봐야 알 듯요', '통화를 40분씩하나요? 만난지 일주일 안됐는데...\n단둘이', '전 만난지 얼마 안 된 친구랑 7시간씩 통화도 했었어요', '인프피여자분이 남친도 자주못보고 마음이 외로우셔서 다른유혹을 떨쳐내지못하는거 같아요 바람인듯.. 인프피가 워낙 금사빠금사식이라.. 그리고 인프피는 인간관계가 그렇게 넓은편이 아니라 진짜인프피라면 마음잇는거고 엔프피라면 친구로도 가능하겟네욤']"
['요즘 정신이나 건강상태 때문인지는 몰라도 예민하고 소심하고 지질해진 것 같아요 원래도 그렇긴 했지만 원래 평소에 말 많고 말 잘 걸고 에너지도 밖에 나가면 더 충전되는데 집돌이이긴 하지만 아무튼 제목처럼 엔프피인데 소심하고 지질할 수 있나요?'],최강 ENFP T 4w5,"['네', '네 아주 그럽니다. 전 극도의 소심이고 밖에서 에너지를 얻는 것과 소심하고 쭈구리와는 다른 부분이라고 생각해요.', '제가 딱 그래여', 'mbti대로 딱딱 그러지 않아요\n160가지 유형으로 나뉘었다면 꽤나 신뢰할수 있을거같지만요', '네']"
"['커플될 확률이 거의 없어도 직진하나요?', '거절했는데 집앞에 찾아와서 저를 설득한다고 합니다...', '']",아키키istp,"['어우 없던 정도 떨어질 거 같은데요...', '좀 그러네요.. 저는 절대 설득 당하지 않을 것 같아요', '넹 좀 할만큼은 해보는 스타일인데\n저는 한 번 거절 당하면 GG 쳐요\n근데 상대도 호감을 표했으면 미련이 남는 편이용', '그렇군요.. 단호하게 더 거절을 해야겠네요 .. 감사합니다~', '제가 제일 싫어하는 말입니다. 열번찍어 안넘어가는 나무 없다.그냥 한번찍어 안되면 찍지마 합니다', '어우 아니요 저는 보통 상대도 호감이 있다고 판단했을때야 부담스럽지않은 선에서 직진하는것같아요 고백을 이끌어내는? 상대가 거절했으면 바로 좋게 마무리하고 끝내요', '윽 저도 자존심 더럽게 부리는 엔프피라 한 번 거절하면 미련줄줄에 눈물 콧물 다 쏟아도 절대 안잡아요...', '잘될건덕지가 보이면요...?', '상대방이 싫어하면 전 스탑이요']"
"['문득 어떤분 글에서 엔프피는 본인이 좋아해야 오래간다는 식으로', '댓글 달린 걸 봤었는데 제 현 애인이 엔프피이고 1년 연애중이지만', '저는 제가 맘에들었어서 열심히 노력해서 사귀게 된 케이스여서요 ㅎㅎ', '다른 사람이 본인을 좋아해서 만난 연애는 상대적으로 오래 못가셨나요?', '현 애인은 암것도 안해도 편하고 잘맞아서 오래가고 싶은데 문득 그 생각이 드네요,,', '']",도애 EnFJ,"['상황에따라 다른것같아요! 전 제가 좋아했던 사람들이랑 오히려 빨리 끝났어용 ㅎㅎ', '오옹 그렇군요! 제 엔프피애인은 좋아했던 사람이랑 훨씬 오래갔었어서요,,', '전 주로제가 조아해야 오래간편인데\n저 좋다해서 만낫다 만나다보니괜찮아서\n오래간적 두번정도있어요\n케바케지만 일년사귄신거면 오래가실것같아요', '얼마정도 만나셨는지 여쭤봐도 될까요?', '한명은 삼년 한명은팔년이요!!\n아래글처럼 안좋아하면저도 삼개월 육개월못넘겨요..\n시작은좋아서해도 만나다별로인경우도있고해서', '오옹 오래만나셨네요!', '일년이넘엇다면 상대분도 쓰니분 사랑하니만나는거예요~\n일년넘어가면 오래만나는것같아요! 어디까지나 제기준이긴하지만요^^', '그런가요 제 기준 오래만난건 3년 이상이라서요 ㅎㅎㅎ\n답변 감사합니다 ㅠㅠ!', '그 본인이 좋아해야 오래간다는게 만남의 첫시작이 누구로부터였나가 아니라서 만나면서도 좋아져도 오래가요ㅎㅎ 첫시작이 상대 덕분이었지만 만나면서 좋아지지않는다면 3개월도 못넘기고 헤어집니다..ㅋㅋㅋ 저는 정말 안좋아하면 3개월이상 못만나겠더라규요..', '아 첫시작이 누구였는지는 관련없는거에요?? 저는 그 본인이 좋아한다는게 무조건 본인이 먼저 좋아해야 한다고 생각했어서요,, 1년이면 가능성있는건가요 ㅠㅠ', '2222\n완전공감!!\n전 항상 상대가 불도저로 다가온 사람들과 연애하다 좋아지는 케이스에요!\n연애하다 엄청 좋아지지 않는다면\n3개월도 못가는거 인정\n좋아한다면 장기연애 잘합니다!', '1년이나 됐으면 어중간한 마음은 아니지싶어요~ 아마 한참 푹빠진 시기와 달라진 태도에 고민이신가 싶은데.. 장기연애로 갈 수록 꽁냥보다는 친구같은 털털한(?)사이로 가게되더라구요ㅎㅎ사실 그게 엔프피의 본모습이기도 하고요.. 그만큼 편안하고 안정적인 연애중이라는뜻이니 마음이 긴가민가할땐 솔직하게 대화해보시는거 추천드려요', '그렇군요 감사합니다! 사실 요즘 달라진 태도가 눈에 보이기두 하구요,,\n솔직하게 대화해볼게용 ㅎㅎ', '내가 좋아하는 상대이긴해야해요. 상대방이 먼저다가오더라도 내 취향이면 누가 먼저인지는 안중요한듯요 ㅎㅎ']"
"['저는 잇팁이구용,, 진짜진짜 상대방을 너무 좋아해서 오래가고 싶고 잘 해주고 싶은 마음에 여기에 한 번 물어봅니당. 유형이 그 사람을 말해주진 않지만 그래도 보편적인.. 뭔가가 있을까 싶어서요!', '', '1. 요런건 특히 상처받는다! 혹은 이런거 확 깬다 싶은 것들이 궁금해용', '2. 그리고 플러스 애정표현…을 제가 잘 못해서 이런데서 사랑이 느껴졌다 싶은게 있다면 알려주시면 좋을 것 같아요 ㅎㅎ', '', '잇팁과 사귀셨던 인프피분들 있으면 너무너무 도움 될 것 같아요..!!']",isstp,"['1. 지나친 넝담 하지말기 - 뒤에 내 진심은 이거다라고 꼭 확인해주기\n\n2. 행동+ 말로 표현하는게 최고>< 외모칭찬이나 귀엽다거나 꼭 말로도 애정표현해주세요', '1. 말 함부로 하기. 험한 말 등등...\n2. 행동으로 보여주는 게 좋아요~! 챙겨준다는 느낌 받을 때마다 이사람이 나를 사랑하는구나 느꼈어요!', '말로 상처를 받기 쉬운 거 같아요. 말투 험하거나 욕설 사용하는 거 싫구...\n팩트폭력이 나쁜 건 아니지만 연인 사이면 순화해서 말해주면 좀 더 기쁘게/차분하게 받아들일 수 있어요...\n\n그냥 좋아한다는 걸 말로/행동으로 많이 표현해 주세요.\n아끼는 사람의 애정표현이나 응원만으로도 무한동력 가능한 우리 존재...', ""전 여자인데 ㅋㅋㅋㅋㅋㅋㅋ '얘 왜이렇게 귀엽지' 라는 마음을 품고 있는게 느껴지면.. 너무 행복합니다...""]"
"['3년만나고헤어질때도 자기감정을 모르겠다 미안한 마음으로 만나는건지 뭔지 모르겠다 햇다해서 3주동안 세번 시간갖자 헤어지자 말하고 다시 번복하더라구여', '그래서 넘 힘들어서 헤어지자햇어여', '', '헤어지고 거의 바로 새여친 만낫거든요???', '', '저한테 연락하지말라면서 답장 다해주고', '안부물어보고 미안한감정이랑 이상한감정이 든다면서', '왔다갔다해여', '', '저는 엣티제라 그런가 저런 감정이 이해가 안가거든요', '왜그러는걸까여??']",리리릿,"['이해하지 마시고… 도망치세요😂 그거 이해하려다가 돌아버려요,, 경험자로서,, 제발 돔황챠…\n\n엔프피건 엔프피할배건 이별에 대한 예의가 없는 사람이랑은 빠른 손절이 답입니다🥲 물론 nfp들이 맴이 쓸데없이 약해서 헤어지자하면서도 쓸 데 없 이 다정하게 연락 받아주고… 그러는거에 아리송한 마음과 희망을 가지시면 아니아니아니되옵니다….', '하 좀 괜찮아졋는데 저자식이 또 저러니깐 또 심란하네요 ㅋㅋㅋ 숨어야겟어여', '222', '진짜진짜 그냥 리리릿님 인생사세요 딱끊어내셔야 해여 저 엔프피구남친 완전히 손절하는 데 2년 걸렸어요 하… 지도 모르는 지 감정을 우리가 어떻게 알게쒀여… 밑댓님 말씀처럼 모질게하면 지가 나쁜놈같으니까 저렇게 행동하는거예여 저게 더 나쁜데!!!!!', '하 2년 남일 같지 않네여 ㅋㅋㅋㅋ 아 근데 코앞에 살아서 아예 안볼수도 없고 진짜 미쳐버리겟음', '2년 다 지나고 나서도 결혼사진 걸어둬도 인스타 팔로 걸더라고여^^….. 그놈은 죽었다고 생각하시고 독하게 맘먹으세요….', '그래야겟어여 내가 좋아햇던 그놈은 죽엇다라고 ㅠㅜ', '죽은게 맞아여 내가 좋아했던 그사람은 영영 다시 만날수 없으니까여… 홧팅하시고 원래 잘 하시던 루틴으로 돌아가서 갓생살면서 치유하세여!!!', '윗분 말 맞아요 그냥 맺고 끊음 안되는 사람이에요… 감정형이라 그런지 상대 상처받을까봐서 모질게 하지 못하는 이해 안되니 그냥 먼저 끊으세요 ㅠㅠ 그게 답이에요… 모질게 하면 상대가 상처받을까봐 다 받아주는데 사실은 그냥 본인 좋은 사람처럼 보이려는 그것도 있겠죠', '머...사람마다 다르지만...\n어떻게 헤어지고 바로 다른 사람을 만나지...??\n제 상식선에선 있을 수 없는 일이네요.\n여기서부터 저 사람은 저한텐 인생에서 아웃입니다.']"
"['저는 받을 줄 밖에 모르는 사람이에요.', '배려를 해도 제 방식대로의 배려를 하니, 타인에게 정말 도움이 되는 게 무엇인지를 잘 고려해주지 못합니다.', '사람들의 말 행동 하나하나에 이리저리 흔들리고 혼자 멋대로 실망해버리는 것은, 사람들이 나에게 주기를 바라는 것입니다.', '', '정작 저는 사람들에게 잘 표현하지도, 베풀어주지도 못합니다.', '그래서 꽤나 이기적인 사람입니다.', '', '반대로 생각해보았죠.', '차라리 내가 돌려받지 못해도 줄 수 있는 사람이 되면 참 좋겠구나.', '그럼 가두었던 마음을 한 번 열어볼까. 그러다가 상처 받아서 다시 마음을 닫게 되는 순간이 온다고 해도 예전 성격처럼 다시 마음을 열어 이리저리 주고 다녀볼까.', '그래, 한동안 그리 살아보자.']",단다네 INFP,"['맞아요 F면 다 배려 잘 할 줄 아는데 사실 자기만 아는 F들도 많죠 특히 Fi 때문에 그런 것 같아요', '반대입장을 생각해보는 것만으로도 이기적인 사람이 아녜요 :)\n표현이 어색하고 서툰 거라 생각해요', '멋진 변화네요!']"
['펑! 감사합니다.'],ENFJ 브을랙,"['그냥 고마워도 아니고 항상, 늘 이란 단어를 붙인다면?̊̈ 넌 내게 특별한 사람이야를 다른 말로 표현한거라고 생각합니다!!', '근데 이상하게 그냥 제 느낌인지는 모르겠습니다만, 지난 만남 이후 연락 텀이 더 길어지고 답장의 성의가 떨어진것 같기도 해서 괜시리 생각이 많아지네요...\n(텀이 길어져서 스트레스를 받는건 아닙니다! 그저 신경이 쓰이네요)', '만나서는 특별한 일은 없으셨나요?̊̈ 저는 호감있는 사람이면 칼답하는 편인데 인프피를 헷갈리게 만드는 애매한 행동을(이 사람이 나를 좋아하는게 아니었나? 요런 생각이 드는) 하셨다거나 하는…?̊̈', '저는 표현 진짜 못해서, 고마워, 미안해 그런 말에도 큰 용기가 필요하더라고요. 여기에 ""오늘도"", ""늘"", ""항상"", ""나랑 놀아줘서"" 이런 말들이 붙는다는 거는 진심이 담겨있다고, 의미가 있다고 봐도 좋을 듯합니다.', '쉽게 뱉을 단어는 아니란거군요! 답변 감사합니다 ㅎㅎ']"
['감사합니다'],istp12345,"['ㅠㅠ 조언 감사합니다!', '저같은 경우는 상대방이 저를 향한 호감이 확실해보이지 않으면 속마음 들키는게 싫어서 방어기제가 작동해서 이 사람이 거절하면 어쩌지?̊̈ 아직 먼저 만나자고 할 사이는 아닌가?̊̈ 이런 생각 백번 하고 먼저 만나자는 말 잘 안해요ㅠㅠ 오히려 관심 없고 안 친한 사람한테는 조만간 밥 먹어요 술먹어요 이런 얘기 쉽게 했다가.. 약속 잡히면 후회하는 편... 관심있는 사람의 생각, 말 한마디 한마디 이 사람이 날 좋아해서 하는 말인가? 를 좀 많이 생각하는 편인것 같아요. 약간 횡설수설 한거같은데 인프피분한테 호감이 있다는걸 좀 드러내면 그분도 좀 더 적극적으로 나설것 같아요!\n아 그리고 저도 다른 지인분한테 조언 구하는건 반대예요 ㅠㅠ 둘만의 일을 다른 사람이 알고있는게 싫고 불편해요 차라리 너 나 어떻게 생각하냐 돌직구로 물어보는게 나아요', '근데 글쓴님께서 썸은 아니고 알아가고 싶은 사이로 관계를 정의하셨는데 이런 생각을 가지고 말과 행동을 하셨다면 인프피는 이미 이 사람은 나한테 호감이 없다고 느끼셨다에 치킨 겁니다… 엄청 예민하고 과대해석 하는 편인것 같아요\n\n인프피라면… 좀 오바해서 좋아해 사랑해 이 말을 해도 진짜?̊̈ 근데 행동은 왜그러지..?̊̈ 라고 생각할거기때문에 (말은 못함)\n두분이서 어떤 대화를 나누셨는진 모르겠지만 제가 지금 잇팁남에게 듣고싶은 확신의 표현을 써보자면 내가 너한테 관심/호감이 있는데 너는 어때?! 이정도 까지 해야 알아들을것 같습니다.. (양심없음)', '방금 쓰긴 글에 저도 답변 달았어요ㅋㅋ 썸 타고 싶은데 썸 느낌은 안나서 썸이 아니라고 했어요.. 저한테 천천히 알아가는 편이라고 해서 약간 선 넘지 말고 부담스럽게 다가오는 거 안 좋아하는 느낌이어서 저도 생각만 많아지고 그러는 중이에요.. 답변 감사합니다', '금사빠인거 티날까봐 일부러 천천히 알아간다고 말한건 아니구요?! 누가 잇팁이랑 인프피랑 감정선이 상극이라고 했는데 진짜 안 맞는거 같기도 해요ㅋㅋ 하지만 이겨내보겠습니다..! 댓글 감사해요! ㅋㅋ 낼 언제 시간되냐고 다이렉트로 물어보려구요', '그러게요? 천천히 알아가는 타입이라면서 연애는 나름 쉬지않고 했더라구요.. 신기했어요. 참고로 저같은 경우는 급 다가오면 부담스러운 거 있는데 여기서 제가 조금이라도 호감있는 남자가 뚝심있게 다가오면 저도 어어 뭐지 이러면거 마음이 열리거든요. 제 기준 잇팁은 맘에 없는 사람이랑 단둘이 밥 안 먹어요. 시간 아깝고 상대방한테 희망고문하는 것 같아서', '인프피는 솔직한 편이라 직접적으로 얘기해보는게 어떠세요? 말은 잘 표현못해도 아닌 건 또 분명하게 아닌지라 확실한 답이 있을거예요', '맞아요 물어보면 본인 할말은 잘 하더라구요.. 제가 연애 관련 질문을 적극적으로 못 해서 그렇지 ㅠㅠ']"
"['오후 2시에 면접이 있어서 절대 늦으면 안되는데', '이 친구가 평소에 약속시간에 자주 늦고 ( 늦잠자거나 길치... )', '오늘도 11시에 일어나면 되겠다고하고 잤거든요', '', '깨워달라고 하지는 않았는데 그냥 걱정이 되서', '11시에 전화를 했는데 부재중이더라구요', '그래서 잘하겠거니 하고 생각하는데 불안해서', '1시 반에 또 전화했으나 통화중이라고 떠서 아 깨있구나 했거든요', '', '그래서 부재중떠있는거보고 다시 전화할까봐', '면접잘갔나해서 전화했어 통화중인거보니 잘갔나보네 화이팅', '하고 남겼거든여', '', '', '1. 깨워달라고 안했는데 전화하면', '""내가 알아서 할 수 있는데 왜 귀찮게해"" 이런 느낌인가요...?', '', '2. 카톡으로 저렇게 남겨놓으면 좀 별론가요...?', '', '3. INFJ는 왤케 겁이 많을까요...']",iNFJ융,"['1. 귀찮다? 이런 생각은 하지\n않고 일단 저를 생각해서 깨워줬다는것이 고맙기도 하고 좋을것 같아요!\n2. 엔프피님이 아무래도 연락할 정신이 안돼서 못하시는것 같은데 화이팅 이 연락보시고 나중에라도 고마울것 같아욤! 면접 끝나면 이랬다 저랬다 연락할것 같네요 고마움도 표현하구 ㅎㅎ\n3. 인프제분은 안만나봐서 잘 모르겠네요 ㅎㅎ', '다행이네영......!!', '저도 고맙다는 생각만 들것같아요ㅎㅎㅎ', '구렇군요...!!!', '1. 안귀찮고 나를 챙겨주는구나 생각해서 넘죠아요 ㅋㅋㅋㅋㅋㅋ 근데 호감 없는사람이면 부담스러울거같아요\n2. 좀더 다정하게 해주시면 좋을것 같아요!!!\n면접 잘갔어~~? 잘 보고와 ~~ 이런느낌으로', '넵넵 방법까지... 감사합니다!', '썸타는 상황이라면 이미 너무 감동받아서 손자 손녀 얼굴 상상해요', 'ㅋㅋㅋㅋㅋㅋㅋㅋㅋㅋㅋㅋㅋ그정도였군여', '1. 헉ㅋㅋㅋㅋㅋ 머야 나 챙겨줬네 고맙농 (이런 느낌쓰)\n2. 괜찮은데 이모티콘을 추가하거나 좀 더 다정하게 !?\n3. NF 들은 원래 좀 그런 것 같아요 ㅋㅎㅎ 뭐 남을 배려하는 마음에 그렇다고 생각함미당', 'NF는 같군여...ㅋㅋㅋㅋ', '정신없어서 답못한게아닐까요 ㅎㅎㅎ전 고마울거같아요.', '그런것같습니다\n평소와 다름없이 또 자기 신나는 얘기를 하더군여 ㅋㅋㅋ']"
"['', '일은 너무 힘들고 몸도 안좋고', '얼마전에 좋아하는 사람과 관계가', '끝난지 한달', '', '힘들면 힘들수록 그사람이 저에게 해준 위로의 말들이 떠올라서 더 힘들어지네요 너무 위안이됏엇고 행복했거든요', '', '지난일이야 지나갈거야 되뇌이고', '울고싶을땐 충분히', '슬퍼해야한단 생각에 울고울어도 끝이나지를 않아요', '몸은아파서 서럽고 너무 쉬고싶어서 오늘 반나절은 그래도 쉬엇는데', '', '감정조절이잘안돼서 힘들어요', '이럴땐 어떻게하면서 이겨내셧나요? 마냥', '슬퍼하기엔 너무 괴로워요..', '', '잠시다른거하면 잠깐괜찮다', '다시 눈물이 주룩주룩 나요']",뿡빵뿡,"['F시겠지요 우리 지금을 열심히 흘려보내봐요 노래도듣고 일에 더 몰두해보고 술마시고 울어도보고 실수도해보면서…나만이러는게아니란거에 안도하면서요', '지금을 흘린다는말이 와닿네오 어떻개든 시간은 흘러가겠죠..?', '아주 옛날에 헤어진 분 있으면 떠올려보세요.\n시간 지나고 또 누군가 좋아지고 그러면 최근에 이별한 그 분도 똑같이 희미해질거예요.\n\n더 좋은 사람 만나게 되려고 겪었던 공부과정이다…. 저는 그리 생각하고 지나갔어요.\n\n토닥토닥~~~ 아픈거 얼른 나으시길요~', '잘 안되지만 공부과정이다 라는 말 계속 되뇌어보려해요 ㅎㅎ 감사합니더🧡', '그 사람이 아니더라도, 내 주변에 항상 있었던 친구나 가족 생각하면 번뜩 정신차리게 되더라구요. 그 사람없이도 나는 잘 살아왔는데, 그 사람 없다고 왜 슬퍼해야 할까. 나를 응원해주고 믿어준 사람들은 아직 남아있고 주변에 있는데, 그 사람들한테 더 잘 해야하지 않을까. 저는 이렇게 항상 생각해요. 가족과 주변 친구들을 생각해서라도, 나자신을 생각해서라도 훌훌 털어버립니다. 비참해지면 저 저신한테 너무 미안해지더라구요.\n찐 응원하는 사람이 주변에 있다는걸 잊지마세요.', '맞아요 참 내주변에잇는\n사람들에대한 감사함을 잘 잊는거같아요. 그들이쥬는 사랑이 어떤의미인지 찬찬히느까명서 그 마음이 커지면 좀 덜하겟죠??? 댓글감사합니다', '억지로 난 괜찮다 감정을 억누르기보다 마음껏 아파하고 후회도 마음껏 하고 눈물도 마음껏 흘리고 미워도 하고 이래저래 감정을 폭발시키는것도 어느정도 필요한 거 같아요~(일기를 쓰거나 기록을 하는 방식도 아주 좋아요) 사정을 아는 가까운 이들에게 한두번 기대는 것도 좋고요 일부러 마음이 힘든 순간 아예 더 힘든 운동을 한다던지 하는 것도 도움이 많이 되었어요.', '머리로는 다\n알지만 지쳐서 그냥 누워잇게만되는거같아요 🥺 그랴도 댓글 남겨주셔서 아맞아이런방법이 잇엇는데 안해봣네 하고 생각하개되는거같아요 감사합니다', '밖에나가서 좋아하는 노래 들으몀서 걸어요', '노래들으면서 산챡하기!!!! \U0001faf6']"
"['-', '', '']",이이우,"['인프피는 약간 그때그때의 감이 중요하기도하고.. 잘 모르겠어서 제 주변에도 3번까지는 만나는 지인들도 많구요\n선톡 + 텀느려짐 이거는 인프피한텐 호감 시그널일 수 있어요 느리다는건 그만큼 실수안하려고 신중해지고 생각이 많아질때도 그렇기때문에.. 물론 통상적인 이유(관심없음)으로도 텀이 벌어지지만 꾸준하게 이어지지않고 읽씹 안읽씹을하는 방식이며 선톡을 절대 하지않습니다!\n서두르지마시고 천천히 더 알아가보세요 좋아보여요', '그냥 일상적인 대화에서도 텀이 느려지기도 하나요? 저녁 뭐 먹냐는 질문에 3시간 뒤에 답장이 오더라구요.. 뭔가 좀 확실한 호감 시그널이 있으면 저도 지치지 않고 기다릴텐데 너무 막연하다보니 좀 지쳐가는 느낌이네요', '저도 사실 거의 중립에 가까운 별종인프피라 그거 좀 답답하긴한데요.. 사실상 아무리 호감이어도 연락텀에 대해서 인내심이 부족해지는 느낌이 들면 더 마음가기전에 정리하시길 추천드려요 그냥 저냥 바쁘게 살때는 그게 크게 신경안쓰이는데 내가 놀고싶을때 그러면 진짜 짜증나더라고요', '참고하겠습니다. 답변 감사드립니다', ""일단 모든 인프피에게 해당되는 이야기는 아니고, 저의 주관임을 미리 적어둘게요!\n인프피는 대부분 연락 시간과 호감은 큰 상관이 없습니다. 사람에 따라 호감도와 답장 시간이 비례하는 인프피도 있지만, 기본적으로 원래 연락이 잘 안 되는 유형이니까요...\n저는 호감이 있으면 '선톡'을 합니다. 그래서 선톡 여부로 호감을 판단해보라고 많이 말씀드립니다.\n글을 읽으면서 그 인프피 분은 좀 더 천천히 알아가고 싶어하시는 것 같다는 느낌을 받았습니다. 어떤 사람인지 좀 더 알기 전까지는 호감 표현도 조심스럽다고 생각하신 게 아닐까요?\n호감이 있는지 없는지 판단하기에는 아직 이릅니다. 조금 더 여유를 갖고 천천히 만나보세요!"", '그럼 반대로 제가 호감을 표현하는 거에 대해서는 어떻게 생각하시나요? 어느정도 표현하기는 했으나 저도 엄청 적극적으로 표현은 안한 상태긴 하거든요 상대가 어떻게 생각하고 있는지 모르는 상태에서 혹시나 부담스러워 할까봐', '저는 호감 없다에 한표요\n저도 비슷하게 행동한 적 있는데 남자가 막 완전 별로는 아니고 장점도 보이고 나한테 적극적이라\n딱 세 번 만나보고 마음이 생기나 봐보자 이런 마음으로 삼프터 승낙한 적 있어요\n근데 끌림이 없어서 카톡이 재미없었고 수동적으로 대화했었어요\n호감있으면 막 질문도 하고 농담도 하고 그랬을텐데 말이죠\n그리고 나는 삼프터의 의미가 널 아직 모르겠으니 천천히 더 알아보자라는 의미였는데\n상대는 긍정신호로 받아들여서 너무 빠르게 다가오니까 부담스럽더라고요\n여자분이 맘에 드신다면 천천히 속도 맞춰주시면서 본인 어필을 더 해보세용\n인프피는 일상대화, 뻔한 질문과 대답보단 하나의 주제에 대해 생각과 사상을 공유하는 대화를 더 선호하는거같아요!', '어필을 하려고 해도 대화가 잘 이루어지지 않다보니.. 어떤 주제에 대해서 얘기를 꺼내도 답이 늦게오고 그러다보니 몇번 대화가 이루어지지도 않은 상태에서 하루가 끝나가고 잘자란 인사하고 다음날 또 리셋. 이게 반복되는 구조라서요', '저는 호감이 없는건 아닌데 상대 반응이 너무 미적지근하니 반쯤 포기상태라 이번주도 만남이 크게 기대가 되진 않거든요. 이런 상황이다보니 삼프터라해서 완전 사귀자까진 아니더라도 호감인지 비호감인지 그정도는 알고 싶다고 하는것도 인프피 입장에선 급발진일까요?', '대화가 그렇게 오갔다면 인프피입장에선 안맞다고 생각하고 아마 이번주 만남때 정리하지 않을까 라는 개인적인 생각이드는데 일단 제 말듣고 단정짓진마시구요!\n여자쪽에서 이번에도 미지근하게 굴면 솔직담백하게 물어보는 정도는 괜찮을거같아요!\n저라면 내가 지금 어떤 마음인지 솔직하게 대답해줄거같아요', '답변 감사드립니다. 이번주 속앓이좀 하면서 마음 비워야겠네요', '22공감..']"
"['저 esfj 이구요', '최근 만난 남성분들 infp , enfp 예요', '그들이 너무 솔직해요', 'nf 특성인가요?', '', '인프피는', '저랑 헤어지고 직후 바로 소개팅 들어와서 몇명 만났고,', '그들이 엄청 들이댔는데 근데 아닌것같아서 싫다고했다~근데 그사람들, 다른사람들은 나보고 다 재미있고 매력있다고하는데 너만 왜 내가 매력이없다고 느낀거냐?', '묻더라고요 제가 이해가 안간대요', '', '엔프피는', '저 소개받기전 날 바로 이성과 소개팅을 했고', '맘에안들어서 연락안했다,', '회사에서도 동료이성이 작은 관심이나 질문을해도 무관심해서 대답자체를 단답으로한다~', '', '대체 이런말을 하는이유가 뭘까요?', '질투유발? , 나 너말고도 좋다는사람 많다', '이런건가요?', '저의 경우는 굳이? 왜 상대한테 이런말을 할까 싶거든요 ? 상대가 꼬치꼬치 물어도 말돌려서 안해줄것같은말을 너무 솔직하게 술술하니 참..', '', '']",라라랜드으,"['부정적인 감정은 숨기는 경우가 많지만 긍정적인 감정은 무조건 솔직합니다 믿으셔도 댑니다 ex)사랑이거나 사랑이거나', '딱 이거 공감해요.\n그래서 저도 nf형이지만 nf형들이 괜찮다, 좋다고 하는 말 다 믿지는 않아요~\n이게 심한 사람들은 좀 거르고요.', '22 엔프피 딱 저 이래요 ㅋㅋㅋㅋ', '제가 저렇게 말 하진 않았지만 엔티제 남친이 너무 솔직하다고 하긴 하더라구요...\n제 입장에선 그냥 상대가 좋으면 깊이 생각 안하고 표현을 하는데 윗 분 댓 처럼 사랑입니다...ㅠ\n질투유발 할 정도로 깊이 생각해서 말 하진 않고... 그냥 그런 사람들이 있었지만 네가 더 좋다는 의미 같은데용 ㅎㅎ', '질투유발 표현은 아니고, 그만큼 나는 너가 좋은데 너는 왜 이런 나를 안좋아하냐의 표현이예요! 좋아함에 있어서는 솔직하게 표현 많이 해요~~.', '솔직한게 nf들의 장점이자 단점', 'nf들은 저랑 또 다른 솔직함이 있는것같아서 댓글보고\n놀라네요 ㅎㅎ 감사합니다!', '관심없는 사람한테는 저렇게하는데.당신한테는 호감이있다 라는 의미죠 뭐 ㅎㅎㅎ저도 그냥 모든 이야기 다하는 스타일이기도해요 ..', 'Nf여서도 있지만 p라서 더 그렇습니다. 같은 f여도 fj와 fp는 감정기능을 완전히 다르게 써요. 체면을 중시하는 사회적 특성상 sf보다 nf가 더 솔직할 수는 있는데요(sf가 사회적 특성을 반영해서 싫어도 싫다고 말하기 어려워하는 경향), nf중에서도 nfj는 sfj이신 쓰니님과 같은 외향감정-진심보다는 상황에 적절하게 반응하는 것을 중요하게 여김-을 쓰기 때문에 부담을 느낄 만큼 솔직하게 느껴지진 않으실 거예요.', '저같은 경우는 입장바꿔 생각해보면 다른이성이 남친한테 말건다고 하든\n과거에 소개팅을 했는데 잘 안됐든 남친이 마음이 없으면 상관없어서??\n내가 제일 잘났으니 나랑 사겻겟지 후훗~ 이런느낌ㅋㅋㅋㅋ\n\n저도 역지사지로 내 과거도 괜찮다고 생각하는거 같아요 ㅎㅎ\n그냥 다른 큰이유 없고 나오늘 뭐먹었어~ 이런거처럼 일상얘기라고 해야할까요 ㅋㅋ\n그냥 별생각없이 tmi 뿌리는거죠 ....ㅋㅋㅋㅋ..ㅋ.ㅋㅋㅋㅋㅋ.....\n\n\n다른이성이 나한테 말걸든 소개팅하든 내맘이 없으니 딱히 별 상관이 없는 얘기니까요']"
"['안녕하세요', '현생을 거의 신석기 부족사회 마냥', 'T의 무리속에서 서식하고 있는 엔팁입니다.', '', '제가 이곳에서 이렇게 광대승천해가며', '글을 끄적이는 이유는', '최근 인프피라는 종족을 알게됨으로서 인데요,', '', '긴 말 안 하겠습니다. 그냥 인프피 너무 귀여워요.', '코알라같아요.', '코알라 제 최애 동물인데', '귀여움이 코알라 언저리 쯤 되는 인간은', '살면서 처음 봤습니다.', '', '누구는 인프피가 답답하다고 그러는데', '제 눈엔 그저 갓 피어나 움틀대는 연약한 새싹 같아요.', '제가 상대를 막 흔들어놓을 때면 정신없이 흔들리면서', '어질어질대는 모습이 너무나 사랑스러우면서도', '동시에 그만의 감성을 잃지 않는 모습을 보니', '더 조심히 아껴주고 싶은 마음이 생깁니다.', '', '매번 수줍어하고 숨는 듯 하다가도', '가끔씩 예상 못 할 쯤에 훅 치고 들어오는데', '그 치고 들어오는 경로가 참 순수합니다.', '인프피님들 당신들 유죄야.']",SONGJURO,"['좋아하는 마음은 앞서는데 상황에 딱 들어맞는 말을 고르느라 고민하는 모습이 너무 귀여움.', '지나가던 인프피가 이 글을 좋아합니다.. \U0001fae3', '유죄인간 조용히 지나갈게요 저도 엔팁유형 좋아해요 속닥', '지나가던 인프피2 이 글을 좋아합니다,,\U0001fae3', '인프피 사랑스럽게 봐주셔서 감사합니다 :)', '지나가던 인프피3 이 글을 좋아합니다,,\U0001fae3']"
"['잠수 타기 전까지 연락 잘되었고 어제 저녁 6시에 친구들이랑 술 먹으러 나간다는 카톡 이후', '진짜 연락 두절 됐습니다…', '', '이건 뭘까요…']",엔쀼 Enfj,"['갑자기 현타?', '현타 끝나면 연락이 올수도 있나요..?', '걱정된다고 연락 남겨보셨나요?', '살아있어?? 이렇게 카톡 남겨놨능데.. 걱정된다고 남겨볼까요??', '넵 충분히 남겨도 되는 시간인것같아요..! 술을 많이 마셨으면 힘들어서 연락을 못했을 가능성이 크다고봅니다', '친구들과 썸타는 얘기를 나눠본 결과 썸을 그만둬야 한다고 느껴져서 그런것 같네요.']"
"['인프피와 썸 3주 간 타고 어제 1일 된 엣티제입니다 에헷', '', '로봇처럼 연애하다가 인프피 만나니까 세상 귀엽고 사랑스럽고 아주,,', '좋네요', '', 'MBTI가 아예 정반대라 진짜 상극이려나? 싶긴 하지만', '너무 좋으니까 그런건 강아지나 주고 싶네요 ㅋㅋㅋ', '그와중에 상극이라는 말에 꽂혀서 옆에서 부들부들 거리는 인프피 귀여워', '', '여기 놀러와서 인프피 공부 좀 해야겠어요!', '음,, 사실 공부 안 해도 어느정도 파악은 완료했지만 여기 글보면서도 그 친구 생각하고 싶네요', '인프피와 연애 자랑 끝 !', '']",아토찡 ESTJ,"['저는 인프피가 귀엽다는 말이 좋더라고요.', '인프피가 이렇게 귀여운 지 첨 알았읍니댜..! 헷', '오마나 새로운 시작 축하드려요 😊 !! 모든것은 사바사이며 본인이 겪기전까지 색안경은 금물이예요! 이쁜사랑하세용 ♥️♥️']"
"['난 종종 T가 되고싶어', '내 혈육이 T인데 세상 마이웨이로 살면서도 주변을 잘 살피고 자기할일 잘하고 갓생러', '인프피 친구들 인프파 장점이 뭘까']",개복치infp,"['인프파 쿨하네요 스우파처럼 인프피들 모아다 놓고 땐쓰땐쓰 배틀 시키고 싶음', 'ㅋㅋㅋㅋㅋ인프피들을 모아놓고 댄스배틀이라니,,그것은 정말 정적 속 파티 일듯', '인프피 귀여워용 세상 달콤한거 다 알아용', 'ㅜㅜ...불건강할땐 안좋은데 갑자기 장점이 생각이.....\n안나부러요', '저도 T가 되면 편하게 살수 있지 않을까 하는 생각을 많이 하는거 같아요... 장점이 뭘까... 늘 쵹쵹할 준비가 되어 있는 눈일까... ㅠㅠ', '그죠,,세상 나서서 어렵게 사는 인프피', '인프피분들 내가 만약 하루 t가 된다면 어느타입으로 살아보고 싶으세요??', '저는 엣티제 저랑 완전 반대요', '대박~~엣티제 대박이죠. 프로계획러에 달변가임', '귀엽고 무해하고 다양한 생각을 해서 가끔 신박해요', '이 각박하고 차갑고 효율만 추구하는 tj스러운 세상을 인간적으로 만들어줍니다 너무 소중해용\U0001fa77\U0001fa77', '회피 99, 직면 1. 인프피가 똑바로 일을 직면했을 때 자신의 감정에 솔직해지는 점이 매력 있어요', '맞죠 진짜 딱 1의 직면이 남들이 예상하지 못할때 나타나는거 같긴해요', '인프피가 가진 장점.\n\n제 생각엔\n상상력?아닌가 싶어요ㅎㅎ', ""인프피가 아닌 사람도 말씀드려도 되나요?ㅎㅎ\n\nI와 N과 F와 P의 성향이 반반에 가깝지 않고 뚜렷한 INFP일 경우에 나타날 수도 있는 장점 중 일부를 개인적으로 추측해보면\n\n1. 본인이 옳다고 믿는 가치관을 올바른 방식으로 강단 있게 추구하며 세상을 좀 더 아름답고 따듯하고 사람이 살 만한 곳으로 바꿔나갈 수 있음\n: 당장은 이상과 현실이 다르더라도 본인이 꿈꾸는 미래를 상상하며 힘을 얻고, 본인만의 깊고 열정적인 감정이 꺼지지 않는 불꽃처럼 이상을 추구하는 매우 강력한 동기가 됨\n\n2. 자신의 감정이 소중한 만큼 상대의 감정도 소중하게 여기기 때문에 상대를 있는 그대로의 모습대로 존중해줄 수 있음\n: 상대는 그렇게 자신의 있는 그대로의 모습을 수용받는 과정을 통해 마음이 치유되고 본인이 꿈꾸는 일을 해낼 수 있다는 긍정적인 자기 확신을 갖게 됨\n\n3. 타인의 마음을 다각도로 살피며 각자의 상황을 고려한 갈등 조절법을 도출해낼 수 있음\n: 특히 다수에 의해서 희생될 수 있는, 보이지 않는 소수의 입장을 헤아리며 그들이 소외되지 않도록 돌보는 일에 특화되어 있음\n\n4. 상대방의 감정선이 자신과 유사할 경우에는 아주 깊은 공감을 바탕으로 한 위로를 잘 해줄 수 있음\n: 상대가 느끼는 감정을 거의 그대로 옮겨온 것처럼 느끼는 정서적인 공감과 '내가 당신이었다면 이런 위로를 받고 싶었을 것이다'라는 통찰을 바탕으로, 상대가 진정으로 바라는 위로를 해주며 마음을 치유하고 다시 살아갈 수 있는 힘을 줌\n\n5. 자신의 감정을 그림이나 글이나 음악 같은 방식으로 잘 표현해서 사람들에게 깊은 인상을 줄 수 있음\n: 상대에게 본인의 깊고 풍부한 감정을 전달하는 독창적이고 다채롭고 예술적인 감각을 발휘하거나, 타인들이 본인의 내면세계와 취향 등을 매력적으로 느끼게 할 수 있음\n\n6. 작은 것에서도 큰 감동을 느낄 줄 아는 안목이 있음\n: 상대의 칭찬이나 따듯한 말 한마디에도 하루 종일 행복해하며 좋은 기분을 유지하는 게 가능함\n\n7. 사람들 사이에 평화로운 분위기를 형성함\n: 순수하고 부드럽고 따듯해 보이는 분위기와 말과 행동을 통해서 사람들에게 호감을 주고 상대가 긴장을 풀 수 있도록 도와줌\n\n8. 깊은 마음을 나누는, 진실된 인간관계를 맺을 수 있음\n: 상호 신뢰를 바탕으로 하는, 서로의 마음을 솔직하게 나누며 의지할 수 있는 관계를 형성하고 유지함\n\n9. 섬세한 배려심, 관대함, 융통성이 있음\n: 상대의 이야기를 잘 들어주고, 누군가에게 아주 조금이라도 상처를 주지 않기 위해 노력하며, 상대의 실수를 인간이라면 할 수 있는 행동으로 여기며 관대하게 눈감아줄 수 있고, 융통성이 있어 돌발 상황에도 효과적으로 대처할 수 있음\n\n10. 상대의 장점과 잠재력을 잘 발견함\n: 사람들의 이상적이고 좋은 면을 알아보며 자신감을 갖게 하고, 상대가 가진 능력으로 이룰 수 있는 미래의 다양한 가능성을 보고 응원해 줌\n\n11. 자아 성찰 능력이 뛰어남\n: 본인의 마음을 깊이 들여다보고, 어둡고 괴로운 감정까지도 인정하고 솔직하게 직시하는 능력을 통해서 어떤 위기가 와도 흔들리지 않는 단단한 내면을 만들어 나감\n\n12. 감정 조절 능력이 좋음\n: 아주 미세한 부정적인 감정도 섬세하고 빠르게 알아차리고, 그런 마음이 드는 원인을 정확하게 파악한 뒤에 그런 감정을 해소할 수 있는 효과적인 방법을 찾고 실행하기 때문에, 제 때 해소하지 못한 감정에 휩싸여서 이성을 잃거나 마음의 병이 생기는 일이 적음\n\n이렇지 않을까 싶어요"", '그물님 감동받고 가요..\U0001f979 INFP로서 거의 다 공감되어요 :) INFP 유형에 평소에 관심이 있으셨는지 따뜻한 시선이 느껴집니다. 이 장점들, INFP에 대한 편견을 넘어서 자세히 살펴봐야 알 수 있는 것들이라 생각합니다.\n\n그물님 장점 정리해주셔서 감사합니다\n^ㅇ^ 굿밤 되셔욥🌙', 'ㅎㅎㅎㅎ 저는 모든 유형들에게 관심이 있지만, INFP는 유독 부정적인 편견이 많은 유형들 중 하나인 듯 해서 그 부분에서는 평소에 안타까운 마음을 가지고 있기는 해요. 장점만 있는 유형은 없듯이 단점만 있는 유형도 없는데 말이에요. 외면은 그렇게 안 보일 수도 있지만, 내면은 아주 촘촘하고 강할 수 있는 유형 중 하나가 INFP라고 생각해요\n\n인사해주셔서 저도 감사합니다ㅎㅎ 미니언님도 좋은 밤 보내세요!', 'INFP 성격이 인생의 초반기(20대)까지는 살아가기가 힘든 건 맞는 것 같아요. 부정적인 편견도 많고..타인에게 이해 못 받고 그게 또 상처가 되고..\n\n그래도 30대 이후로는 메타인지가 발달하고 객관적인 시각도 생기면서 마음이 편안해진 것 같아요. 부족한 기능들이 뭔지 깨닫고 열심히 발달시키며 살고 있습니다. 고생은 초반전에 다 했고ㅋㅋ 그래서 맷집도 생겼고~ 삶의 난이도가 갈수록 낮아지는 것도 장점일까요..ㅎㅎ\n나이가 어리신 INFP 분들께 드리고 싶었던 말이기도 합니다 ㅎㅎ', '그러고보니 그물님 예전에 댓글에서 뵜던 기억이 나요~ 그 때도 좋은 정보들을 적어 주셨던 것 같은데 따뜻한 분으로 기억하고 있어요ㅎㅎㅎ \n그물님은 INTP 신가요. 예리하신 분석력과 동시에 온기가 느껴졌어요 :)', '네 저는 INTP입니다! 제 설명을 여러 번 보겠다고 하셔서 제가 감동을 받았었죠ㅋㅋ\n\n삶의 난이도가 갈수록 낮아지는 것도, 전형적인 대기만성형 유형들 중 하나에 속하기 때문이 아닐까 싶기도 하네요. 철을 두드릴수록 더 단단해지는 것처럼요\n\n그러고 보니 제가 좋아하는 글귀 하나가 떠오르네요ㅎㅎ', '맞아요 INFP도 대기만성형 유형 중 하나였네요. 철을 두드릴수록 더 단단해진다라는 표현 참 와 닿네요.\n\n‘당신은 아무 일 없던 사람보다 강합니다’\n정말 공감되는 말이에요. 시련은 힘들지만 겪고 난 뒤엔 자아가 많이 성숙해지고 단단해지는 것 같습니다.\n\n그런 거 보면 세상에 공짜는 없는 것 같습니다 ㅎㅎㅎ\n\n좋은 글귀 공유해주셔서 감사합니다!!^^ 그물님의 탐구심과 고운 마음씨 덕분에 엠헬 카페가 더 따뜻하게 느껴지네요☺️\n\n점심 맛있게 드시고 좋은 하루 되세요~\n또 뵙기를!!', '우와 그물님 글에 감동 받고 갑니다! :)', '감동받으셨다니 뿌듯하네요ㅎㅎ 인사해주셔서 감사합니다!', '와 정성스런 답변에 제가 다 감사하네요 늘 씹프피에 찡찡이 찐따로 표현돼서 속상했는데 건강한 인프피의 모습을 잘 표현해주셔서 저도 감동받고 갑니다☺️', '인사해주셔서 저도 감사합니다~~ 좋은 오후 보내세요! ☺️', '지나가던 잉뿌삐 감동 받고 갑니다! 제 반쪽도 intp인데 왜 이렇게 다를가요 \U0001f979', 'ㅋㅋㅋㅋㅋ 잉뿌삥님을 강하게 키우시기 위해서일까요? 농담이고요, 인사해주셔서 감사합니다!', '인프피장점\n다정하다\n다정하다\n다정다정하다', '인프파ㅋㅋㅋㅋ 장점 : 귀엽다..., 엉뚱하다, 섬세하다, 귀엽다', '자아 성찰력\n호기심\n오픈마인드\n타인 배려\n\n인 것 같습니다~^^\n\n아 그리고 제일 큰 장점\n\n귀엽다😊']"
"['', '너는 지금 어디야', '라는 질문을 받으면', ""'생의 한 가운데' 라는 대답이 떠오르는"", '엔프피임미다', '', '무엇이든 물어보심시오']",하이루미,"['""너는 지금언제야"" 는 어때요', '나는 꼭 웅크린채로 고난의 시간을 통과하는 중인 것 같아\n이 시간이 흐르면 그 끝엔 빛이 있겠지 나는 온전히 이 시간을 통과할 수 있을거야 나를 위해 기도해줘 올타임마이훼이보릿 인티제여…', '아ㅋㅋㅋㅋㅋㅋㅋㅋㅋㅋ이것이 뭔가요 귀여워 엥뿌삐...', '이래서 엥뿌삐를 못끊어요 (어?)', '감사함미다 희희', '저도 인티제 최애에요…❤️', '생의 한가운데라고 하면\n뭐라구?.. 어딘지나 얼른 이야기 해줘😅 이렇게 반응하면 서운한가여 아니면 그냥 또 다른 드립을 치시나요!', '뭐라구? 하면 약간 서운할 거 같긴한데요\n뭐래는겨. 하면 웃길 것 같아요\nㅋㅋㅋㅋㅋㅋㅋㅋㅋㅋㅋㅋㅋㅋㅋㅋㅋㅋㅋㅋㅋㅋㅋㅋㅋㅋㅋㅋㅋㅋㅋㅋㅋㅋㅋㅋㅋㅋ 근데 드립중독이라 웬만하먄 다 드립으로 받습니다!!', '뭐래는거야! 정도가 적당하겠네여 기억해둘게여 이엔에뿌삐~', '루미님 관심없는 상대와 톡 계속 이어갈슈 있나용 ?', '절대 못 해요…… 절대절대 저는 엄마 카톡도 씹어요… 그래서 혼남미다..ㅎ', '홀... 아 오매 전에 좀 깊게 썸탔던 분이랑 일적으로 연락이 닿게됐는데 업무관련 연락 아니더라도 사적인 연락을 거의 일주일 가까이째? 하게됐네요. 사람조아하는 엔뿌삐라서 그냥 저냥 암생각없이 연락하는줄알고...\n저는 단순 업무관련인줄 알았는데 아닐수도 있겠다싶어서 거리두기를 하거나 해야겠네요 \U0001f979...\n\n답변감사합니다 \U0001fae8', '제 생각엔 그 분 엔프피력이 강하면 하루종일 생각하고 카톡 하나하나 고민하다 보낼 가능성이 높은 것 같슴다… 혹시 엔프피가 넌지시 고백할 때 마음이 없으시면 깔끔하게 끊나주세요 그리고 엔프피가 마음 속에 있는 말을 다 할 수 있게 배랴해주신다먄 정말 감사하겠습니다 \U0001f979 저도 얼마전에 엣티제한테 고백했다 까였는데, 마음속에 있는 말들 다 하고 정리하니 속 시원하게 잘 정리되드라구용', '네넹 ㅠㅠ 명심하겠습니닷...\n에고 하 ㅠㅠ 사실 예전에 제가 고백받았는데 확실하게 얘기하고 끝낸사이긴 하거등요... 매일 마주쳐야하는 사이였어서 제가 먼저 절대 다가가거나 그런 스탠스없었고 본인도 연애관련 암생각 없다고 해서 편하게 업무톡이랑 주고 받고했는데... 그게 아닐수도 있겠다싶어서 아차싶네요 ㅠㅠ 흐어\n\n상처받지않게 잘해볼게유 답변 감사해요 \U0001faf6🏻', '창을 열어 소리쳐봐라고 한다면 무슨 말을 할건가요?', '엄마 사랑해!!!!!!!!! 가 떠오르네용', '아빠는 왜 소외시키나요 창 한번 더 열여야죠', '근데 이제 아빠도 사랑하는데 두번째라 서운한건 아니지??? 조카도 사랑하고!!!!!!!!! 다 사랑해!!!!!!!!!! 그냥 세상 인류 다 사랑해 근데 이제 범죄자는 다 죽어라!!!!!!!!!!', '사람 좋아하는 엔프피는 상대방(이성)에게 나도 너랑 정들었다 이런 표현 빈말로도 할 수 있나요?', '빈말로 할 수는 있어요 근ㄷㅔ 티가 납니다… 진심으로 정들어서 너무 너무 좋은거면 표현이 격해요 비언어적 요소들이 ㅋㅋㅋㅋㅋㅋㅋㅋㅋㅋㅋㅋㅋㅋㅋㅋㅋㅋ', '일주일 약속 평균 몇 번이세요?', 'ㅇ음…어… 지난 일주일간은 여덟번 정도였던 것 같네요… 요새 유독 많이 나가기도해서…', '반대성격에 끌리나요? ex) 이성적,차분함이있는사람들에게요?', '넵 맞습니다 저는 무조건 조용하고 차분한 사람한테 일단 끌리는데요… 그래서 intj 스타일을 굉장히 선호합니더!!!!!!! 이성적이고 차분한 모습 너무 멋쟈보여서 무조건 끌려요!!!']"
"['인프피는 만난적있는데 자기의생각을 장문톡으로 하더라고요?', '혹시 엔프피랑 비슷한점이 많나요?', '제가 출근이 일찍이라 톡대화나 오래하고싶은데 제가 받아주게되면 담날 피곤할까봐 더 못보냈대요~', '만나는것도', '엔프피 회사,집이 경기도라 평일에 야근안할때 올라오고싶은데 제가 혹시 부담이 될까봐 말을못했다고 하길래', '아니라고 나도 평일에 또 봐도좋다고 일정조율해보자니까 너무좋아하더라고요', '그동안에 생각했던걸 하나 하나 솔직하게 말하는것같은데요 그런점은 대화하면서 알게되어 좋은것같아요', 'esfj라서 저도', '생각이 많은편이긴한데, 엔프피도 상대방 생각을 좀 많이하는편인거죠?', '', '', '', '']",라라랜드으,"['인프피가 보낸 그 장문의 톡만큼의 생각을, 엔프피 또한 합니다.\n다만 정리를 잘 못하는 유형이라 톡으로 써달라고 하면 잘 못해요~\n또한 보편적으로 그 어떠한 n유형이라 해도 s형에 비해서는 생각의 양이 압도적으로 많긴 하고요.\n엣프제나 잇프제가 s형 중에서는 생각이 많은 편이긴 합니다.\n당연히 사바사는 존재해요~', '많이 하는데 저의 경우는 솔직히 계산도 많이 해서 그거에 대한 인정,감사 같은거 못받거나 돌아오는게 없다 싶으면 확 정떨어져용😹', 'ㅋㅎㅎ 넹 생각이 많네요,,\n근데 그걸 하나하나 다 말할 수도 없고, 어느 정도는 말할 부분도 아니라고 생각해서 말 안하고 있다가\n계속 생각이 들거나 확실히 바랄 때 솔직하게 말하는 것 같아요,,\n헤헤,,']"
