mbti,text
ESFP,잇프제 소개팅남 다시 연락
INFJ,잇프제분들 연락하는 거 별로 안 좋아하시나요??
ENTP,잇프제 남자 이별
ISFJ,Isfj에서 esfj가 되었는데 행복하네요
ESTP,잇프제분들 질문이용..
ESTJ,잇프제에게 한 번 더 들이대볼까요....??
INTP,잇프제님들 이성이 이러면 어떨거같으세요?
ESFP,잇프제 소개팅남 관심없어보이죠..? ㅎㅎ
INFP,"엣프제분들 인프피는 어때요 ,,?"
ENTP,잇프제는 나이를
ENTP,주관적 잇프제 관찰기
ISFJ,"여러분은 집, 도서관, 스카, 카페 중 어디서 공부하십니까?"
ISFJ,Isfj 여러분은 직업이 어떻게 되십니까?
INTP,이정도면 긍정적인편일까요?ㅠㅠ
ISFJ,극 s분들은 수능 몇 등급이셨습니까? 사적인 질문 원하지 않으시면 대답 안하셔도 됩니다. (S분 n분 다 환영)
ISFJ,ISFJ입니다 ESTP ESFP만나보고 싶어요
ISFJ,Esfj 남자가 이렇게 말한 의미
INFJ,대충 엣프제 좋다는글(엣프제 특징)
ISFJ,ISFJ / INFJ 인 본인이 싫어하는 이성 스타일
INTP,이거 계속 친하게 지내려고 노력해도 될까요 ㅜㅜ
ESFJ,심심해서 ESFJ 아무거나 무물
ESFP,ISFJ 잇프제분들 헤어지고 카톡 차단...
ESTJ,상사가 둘다 잇프제..친해지는 법
INTP,isfj 의 시간 맞춰보자는 말
ISFJ,잇프제분들 걱정 다들 많은거 맞죠?
ISFJ,ISFJ INFJ 둘 중 누가 더 F중 T에 가까워요?
INTP,잇프제분들 인팁 어떠세요?
ISTJ,잇프제남 결혼
ISFJ,잇프제가 잇프제 성격을 딱 3가지로 정리한다면...
INFP,남자 esfj 랑 infp 여자 어떤 모순이 있고
ENFJ,ISFJ 질문/카톡
ISFJ,MBTI 궁합
ISFJ,MBTI에서 S가 만점에 가까운 점수를 받으신 분 계세요?
ESFJ,"잇프제 남자분들, 친구들에게 여친 소개 언제하시나요?"
ISFJ,잇프제랑 결이 가장 비슷하다고 느끼는 mbti
ISFJ,잇프제 입맛 특징
ENFJ,잇프제여자에게 고백후 대기중인 엔프제입니다
ISFJ,잇프제가 생각하는 잇프제 남자 장점 / 여러분이 생각하는 여러분 mbti 장점은?
ISFJ,잇프제랑 결이 가장 비슷하다고 느끼는 mbti
ISFJ,잇프제 입맛 특징
ENFJ,잇프제여자에게 고백후 대기중인 엔프제입니다
ISFJ,잇프제가 생각하는 잇프제 남자 장점 / 여러분이 생각하는 여러분 mbti 장점은?
ISFJ,잇프제가 생각하는 남자 패션의 세계!
ENFJ,ISFJ 여자 스킨십
ISFJ,잇프제 공략법 이래요
ISFJ,ISFJ(남) 무물!
ISFP,엣프제 관계 정립
ENFJ,Isfj 여자분 이거 무슨 의미죠?
ISFJ,잇프제 분들은 각각 I E / N S / F T / P J 비율이 어떻게 되시나요?
ISFJ,헤어졌는데 상대 마음이 어떻다고 보시는지 궁금합니다
ISTP,Form Q 정식 검사 결과
ENFJ,"ISFJ 여자분들,,,"
ISFJ,ISFJ 지만 ISFJ 같지 않은 구석(#_ 제 얘기)
ISFJ,ISFJ 잇프제 연예인중에 좋아하는사람있나요?
ISFJ,잇프제 연애시 특징
INTP,잇프제들은 호감 없으면 아예 연락 안하나요??
ISFJ,잇프제가 이별을 말할 때 입니다🥲
ISFJ,잇프제 공감 가네요😂
ISFJ,잇프제의 공황장애 경험담
INTJ,잇프제의 이 행동은 쫌 화가나는데 어쩔까용
ESFJ,넘넘 심심해서 무물 받아용
INFJ,잇프제 분들 장거리일때 연락이랑 대화 어떻게해결하시나요?
ISFJ,"ISFJ, ESFJ 특"
ISFJ,심각하게 심심해서 isfj 무물!
INFP,엣프제 남자 만나보신 분들
ISFJ,퇴사 결정에 있어서 이런 제가 잇프제가 맞는지 의심이 되기도 하네요
ESFJ,잇프제분들은 연락텀이 어떻게되세요?
ISFJ,잇프제도 사랑꾼인데용@.@
ESFJ,잇프제 어렵네용!
ISTJ,ESFJ 남자 연락과 만남
ISFJ,잇프제는 SJ 유형중에서 개개인 마다 성격 편차가 가장 심한것 같아요.
ISFJ,[ISFJ 남교사] (특히 퇴근에) 철저한 계획형 ISFJ
ISFP,잇프제 남과 썸붕?
ENFP,IsfJ랑 친하게 지내고 싶어요
ESFJ,잇프제 어렵네용!
ISTJ,ESFJ 남자 연락과 만남
ISFJ,잇프제는 SJ 유형중에서 개개인 마다 성격 편차가 가장 심한것 같아요.
ISFJ,[ISFJ 남교사] (특히 퇴근에) 철저한 계획형 ISFJ
ISFP,잇프제 남과 썸붕?
ENFP,IsfJ랑 친하게 지내고 싶어요
ESTP,인프제? 잇프제 친구에게 사과하는 방법
INFP,estj와 esfj의 차이점 궁금해요
ENFP,ISFJ 연락한다고 했어도 연락 안할 수도 있죠?
ISTP,ISFJ 카톡만 노잼이에요...
ENFP,EISFJ 남자 질문요!!!! ㅠㅠㅠ
ENFP,ESFJ가 안 읽씹해요. 이유가 뭘까요?/내용 펑예
ISFP,5살 아들램이 잇프제 같아요
ISFJ,잇프제가 '일 못하는 사람'을 싫어하는 진짜 이유(#_물론 제 기준에서)
INFP,ESFJ 엣프제 연인의 장/단점 알려주세요
ISFJ,저같은 집돌이분들 계시나요?
ISFJ,어린이날 기념(?) 잇프제 무물
ISFJ,잇프제 유형 특징중 본인에게 해당하지 않는 부분!
ISFJ,잇프제 질문 받아요!
ISFJ,생각해보니 esfj 남편에게 참 고마운 것 ㅇㅁㅇ
ESTP,잇프제_ISFJ 는 둘 중 하나인듯
INFP,esfj와 연애중인 infp가 느낀 esfj의 장/단점
ISTP,-
ISFJ,엣프제는 건강과 불건강 차이가 굉장히 큰 것 같아요.
ISFJ,[ISFJ 남교사] 시골학교 학생과 ISFJ 남교사
ISTJ,도와주세요 잇프제남자가 연애할때 원하는 안정감
ISFJ,[ISFJ 남교사] ISFJ 운동 특징
ISFJ,[ ISFJ 남교사] 루틴로봇 ISFJ
ENTP,잇프제 ㅋㅋㅋ너무귀야워용
ISFJ,다른 잇프제 분들은 잔소리랑 참견 심하게 하시는 편인가요?
ISFJ,마음을 접어야 할까요?
ESFJ,아내와 남편은 삶이 다릅니다.
ISFJ,여러분이 생각하는 연인으로서 잇프제의 이미지는?(복수선택)
ESFJ,ISFJ 아내 이해하는데 31년..
ISTJ,ISFJ ESFJ 왔다갔다 하시는 여자 분들께 질문할게여!
INTP,ESFJ 남자분들 어디 가면 많이 있을까요? 너무너무 매력적이에요
ISTP,ISFJ는 재미와 거리가 먼가요?
ISFJ,잇프제 분들은 보통 잇티제랑 비슷한 구석이 많으신가요?(#_잇프제 분들 투표)
INFP,엣프제분들 연인한테 의지 많이 하시나요?
INFP,잇프제는 자신의 우선순위가 틀어지는걸 싫어하나요? (ㅍ)
INFP,엣프제분들은
ENFJ,잇프제 썸붕
ISTP,엣프제분들 조언 부탁드립니다
INFP,통 크게 감동주는 엣프제 남자친구..
ESFJ,내 ESFJ와의 700일🌷
ISFJ,갠적으로 생각하는 잇프제에 대한 흔한 착각
ISFJ,esfj는 갈등상황을 싫어하는 줄 알았는데
ISFJ,잇프제인데 n성향 강한 잇프제...
ESFJ,내 ESFJ와의 700일🌷
ISFJ,갠적으로 생각하는 잇프제에 대한 흔한 착각
ISFJ,esfj는 갈등상황을 싫어하는 줄 알았는데
ISFJ,잇프제인데 n성향 강한 잇프제...
ESFP,"['지난주에 잇프제남자분과 소개팅 했는데 살짝 편안하고 친구같은 장난치는 분위기? 였지만 재미있었고 한번더 만나보고 싶었는데 다음날 남자분 선톡이 없으셔서 제가 먼저 보냈는데 답텀이 길고 예의상 답하는 느낌이라 그냥 읽씹으로 (상대방이 ~ 재밌게하세요 마무리하는 듯한 톡에서 마지막으로 답장을 제가 안했어요) 마무리됐는데요,, 한번본거라 이사람이다! 확신은 당연히 아니긴한데 한번 만나기는 조금 아쉽고 맞는 점도 꽤 있는 것 같은데 일주일 지난 지금 제가 연락하면 별로일까요?연락받는 잇프제 입장에서요! 제가 넘 눈치없이 확률도 없는데 부담주는걸까봐..ㅜㅜ ㅎㅎㅎ 급작스런 이별 당한 전남친도 잇프제.. 그이후 첫소개팅남도 잇프제.. 잇프제 좋은데 어렵네요']"
INFJ,"['', '저는 다정하고 말도 이쁘게 하고 섬세하고 저랑 코드도 잘 맞는 ISFJ 분들을 너무 좋아합니다', '또 제 주변에도 제일 많은 유형이구요', '', '일부러 ISFJ 만 골라서 사귄 것도 아닌데 제가 좋아하고 또 잘 맞아서 관계를 오래 유지해온 사람들을 보면 다 ISFJ 더라구요', '', '그런데 유일하게 안 맞는달까 좀 서운함을 느끼는 포인트가 바로 연락이에요..ㅋㅋㅋㅋ', '주변 ISFJ 들 모두가 제가 먼저 연락 안하면 특별한 일이 없는 한 절대 먼저 연락 안하네요', '', '저도 연락 자주하고 선톡 자주 하는 타입은 아니지만 관계 유지를 위해 꼭 필요한 부분 중 하나가 연락이라고 생각해서 노력하는 건데 왠지 그 노력을 저만 하는 것 같아서 현타가 좀 오더라구요ㅠㅠ', '', '연락 스타일이 다른가 보다 하고 이해하려다가도 그럼 다른 친구들, 연인, 가족 등등의 사람들한테도 모두 이런 식으로 연락 안하나? 라는 의문점이 생기더라구요 그렇게 고민하다보니 절대 모든 사람한테 이렇지는 않을 것이다 라는 생각이 스멀스멀 올라오기 시작하면서 좀 서운하더라구요', '', '나만 진심인 것 같고 나만 놓으면 되는 관계인 것 같고ㅠㅠㅠㅠ', '주변 ISFJ 들한테 대놓고 물어보기는 좀 그래서 여기 계신 ISFJ 분들한테 여쭤봅니다', '', '다들 모든 사람한테 연락 자주 안하는 타입이신가요?', '']"
ENTP,"['오늘 잇프제 남자에게 일방적으로 갑자기 카톡 이별 통보 당하고 카톡, 전화, 문자 다 차단당했어요..', '', '아침에 일어나서 폰 봤는데 새벽 5시 반 경에 ""미안해..내가 누굴 만날 여유가 없는 것 같아 잘 지내"" 이렇게 달랑 카톡 한 줄 와있더라구요', '', '아마 이 카톡 보내고 바로 저 다 차단한 것 같아요..', '', '한달 정도 썸 탔고 사귄지는 2주 정도 돼서 크게 갈등이 있거나 계기가 있진 않았어요.', '', '다만 썸 때 제가 엄청 적극적으로 해서 사귄거긴 하고..', '', '연락 텀은 원래 엄청 느리긴 했지만..', '헤어지자고 하기 불과 하루이틀 전까지만 해도 엄청 애교부리고 전화하고 꼬박꼬박 자기 하루 일과 다 알려주고 컨디션 체크하고 뭐하는지 묻고 그랬는데 어떻게 사람이 하루아침에 이러나 싶고..', '', '그리고 이유가 뭐가 됐든 마지막으로 전하고 싶은 말이나 인사조차 할 기회도 주지 않고 본인 할 말만 하고 모든 걸 바로 다 차단하는게..', '', '당해보니 생각보다 너무 많이 아프네요', '', '아무리 다신 안 볼 사이라고 해도 이렇게까지 잔인하게 구는 이유도 모르겠고 이럴 필요까진 있나 싶고..', '이 정도로 내가 싫었으면 처음부터 사귀자고 하지를 말지..', '', '내가 그렇게 별로인 사람이었나 싶기도 하고..', '보통 차단은 정말 꼴도 보기 싫은 사람한테 하는거 아닌가요..?', '', '오늘 금요일인데..', '원래대로라면 오늘 만날 생각에 막 설레고 행복했을텐데..', '', '그래도 그 친구가 걱정되네요', '항상 본인의 지금 사회적 지위와 처한 현실에 대해 엄청 고민이 많았었고 이직 준비도 겹쳐서 많이 힘들어했는데..', '지금도 충분히 괜찮다고 잘 하고 있다고 너무 많이 안힘들었으면 좋겠다는 말도 못하게 하네요..', '', '시간이 약인 거 알지만 그냥 아직은 감정 정리가 쉽지 않고 이유도 모르겠고..답답해서 올려요..', '', '두서 없는 글 읽어주셔서 감사합니다.']"
ISFJ,['ㅋㅋ역시 밝게 살아야 행복']
ESTP,"['', '평소에 관심있던 여자애가 있어요', '나이차이는 두살 납니다', '', '같은교회 청년부에서 알게된 사이고 지금까지 단둘이서만 본적은 한번도 없었구요', '올해 상반기에는 같은 그룹이라 얘기하고 지내면서 친분을 텃고', '그 과정에서 관심있는 티는 좀 냈다고 생각합니다', '', '교회 안에서의 만남이다보니 관심있다고 얘기했다 까여버려도', '매주 어쩔수없이 봐야하는 사이라 그게 좀 무서워서 지금까지 직접적으로 말은 못했었는데요', '', '하반기 넘어가면서 그룹 개편하고 나서 다른 그룹이 되어서', '한번쯤은 너한테 관심있다고 얘기해봐야 후회는 안하겠다고 생각하던 차였습니다', '', '', '', '이번 주 화요일쯤 인스타 스토리에 아무생각없이 그냥 치즈돈까스 먹는걸 올렸는데', '스토리 답장으로 ""치즈롤 맛있겠다..."" 하는 내용의 DM이 왔어요', '', '그 이후로 DM 주고받으면서 치즈돈까스 좋아하냐고 물어보고 완전 좋아한다길래', '""돈까스 맛있는데 아는데 주중에 밥 한번 같이 먹을래?"" 하고 무작정 질러봤습니다', '바로 금요일에 시간 된다고 답장 오길래 내일 퇴근하고 보기로 했는데요', '', '', '저같으면 누군가 특별한 이유없이 단둘이 보자고 하는건 저한테 관심있다는 뜻으로 받아들일거 같고', '제가 그 상대한테 호감이 없으면 완곡하게 거절하거나 다른사람 끼워서 같이 보는건 어떠냐고 할거 같거든요?', '', '', '잇프제들은 누군가가 관심있는 티내고 같이 밥먹자고 할 때 호감없는 상대라면 어떻게 하시는지 궁금합니다', '그리고 상대한테 호감이 있다면 어떻게 다가오고 관심표현을 해야 부담이 안될지도 궁금해요', '', '', '상대방이 어떤 마음인지 잘 모르니까 자신감이 없어서 별의 별 생각을 다 하게 되네요 ㅠ', '']"
ESTJ,"['사내 직원인데 제가 슬쩍슬쩍 다가가서 최근에야 인간적으로 조금 친해진 상태고 이주 전에 처음으로 둘이 저녁 한 번 먹었어요!', '', '우연히 얼굴 보기는 힘든 구조라 제가 퇴근하고 맛있는 거 먹으러 가자고 해볼까 싶습니다 근데 거절당하면 ㅁ... 앞으로도 얼굴 보고 지내야 하니까 걱정이 되네요ㅠㅠㅠ', '', '그는 동료 간에 호의로 나왔던 건데 혼자 약간의 호감이라거 착각했을까봐 ㅎ........ㅎㅎㅎㅎㅎ']"
INTP,"['모임으로 알게됐고 사적으로 둘이 만난적은 없지만', '상대한테 먼저 연락도 간간히 오고 다음에 둘이서 밥먹자고도했는데(아직은 말로만)', '모임에서도 정작 둘이 거의 얘기하진않고 다른 사람들이랑 주로 놀고있다면', '나한테 호감이라기보단 그냥 여기저기 친화력 좋은 사람이구나라고만 생각드나요?ㅠㅠ', '제가 상대 잇프제남자분한테 호감이 있는데 모임에서 티내면 불편해할까봐 붙어있지도못하겠고', '연락도 부담스러울까봐 자주 못하겠던데.. 한편으론 제가 호감있다고 생각이 안들거같아서....;;', '둘이 밥먹자고 확실히 날짜 물어보는게 나을지 고민이네요ㅠㅠ']"
ESFP,"['Isfj이시고 연애경험은 없지 않은편인데 자만추로 만나왔어서 소개팅으로 잘되는게 성격상 어렵다고 하셨어요 ㅎㅎ 그래도 어제 5시간정도 대화했고 계속 엄청 재밌었다고 하시고 분위기는 좋았는데 ㅎㅎ..', '', '어제 집앞에 데려다주셔서 제가 헤어지고 먼저 톡드렸는데 약간 매너톡 같고..(술을 좀 마시긴 했어요) 그다음날 아침에도 연락없어서 제가 먼저 했는데 관심없어보이죠..? ㅋㅋ 그냥 답 안하는게 낫겠죠..? 🥲']"
INFP,['쫌 안 맞으신가요?\U0001f979']
ENTP,"['', '', '남자가 잇프제인데 둘다 30대', '여자보다 7살 많으면', '', '나이 신경쓰이나요?', '', '선디엠 찔끄찔금 올땐 별 관심 없다가 한날 새벽까지 하게되고', '', '그러다 점타 빈도수가 늘어나 또 새벽까지 연락했네요', '질문은 거의 제가 하지만 잇프제는 대답은 잘합니다..', '서로 호감이 있는거 눈치깠고', '디엠 거의 대부분 그쪽이 선디엠 했다가', '한번은 읽씹하길래 저도 안하다', '에라이 먼저 해보자..하고 용기내서 했더니', '칼답 하더라구요 ㅎ', '근데 내용이 티키타카가 잘 되진않아요', '연락을 애써서 하는것은 아니게찌.? 하는 걱정이 든달까요', '잇프제가 먼저 담달 스케줄 나오면 밥먹러가자하구', '...', '', '이거 호감은', '맞나요..ㅎ', '', '', '적극적인거 뷰담스러울까바 살짝살짝 다가가는 중입니당...', '']"
ENTP,"['1. 인싸 중의 아싸 기질은 모르겠고 아싸 중의 인싸', '- 4인팟이 결성됐을 때 i들이랑 i같은 e들(나 포함) 사이에 있다보니 잇프제가 주도함', '', '2. 가족사랑', '- 가족애가 돋보임. 그리고 왠지는 모르겠지만 잇프제 가족으로부터도 직장동료들이 애정을 듬뿍 받고있음...', '', '3. 기브 앤 테이크', '- 분명 기브 앤 테이크 성격이 매우 강함. (근데 은근 테이크만 즐기는 면모도 슬쩍 보이는 기분이 드는 건 왠지...)', '', '4. 청소왕', '- 언제나 정리정돈.', '', '5. 친절왕', '- 모든 사람들에게 친절하고 붙임성 좋아서 다른 사람들에게 안 이쁘게 보일 수가 없음.', '', '6. 애교', '- 이건 케바케인지 모르겠는데 단톡방이든 갠톡이든 애교가 넘침+이모티콘.', '', '7. 현실에 충실함', '- 미래지향적으로 살다 진로가 많이 꼬였는데 저 말 듣고보니 j말에 납득이 갔음.', '', '8. 부지런함', '- 규칙적 생활에 빠른 출근시간 등등 부지런함', '', '9. 때때로 효율을 놓침.', '- 예를 들면 바로 코앞에 편하게 다닐 수 있는 버스 놔두고 빡빡한 버스타서 고생 사서 하는 타입', '', '10. 은근 허당', '- 자기가 장난치려다 자기가 당함']"
ISFJ,"['복수 응답 가능합니다.', '기타는 댓글로 작성하셔도 됩니다', '']"
ISFJ,"['저는 간호대학/간호학과를 목표로 공부하는 수험생입니다.', '잇프제는 간호사가 제일 많고, 잘 맞는 걸로 알고 있는데', '여기 잇프제 여러분은 직업이 어떻게 되십니까?']"
INTP,"['잇프제 남자분이시고 모임에서만 몇번 만낫고 갠적으로는 만난적없는데 제가 호감가서 먼저 선톡 보냇엇어요 ㅎ', '톡은 계속 이어지진않았고 항상 마무리 짓고 며칠뒤에 제가 다시 선톡하고 이런정도로 천천히 다가가고있었는데', '이분도 말이 없는편이고 저도 리드하는성격이 아니다보니까 밥먹자고 엄청 용기내서 말해놓고 둘이 먹는게 사실 부담스러울거같기도하고 날짜까지 확정하면 더 부담스러울까봐 일단 반응만 봤는데 이정도면 다음에 연락할때 슬며시 약속 잡아봐도될까요?ㅠㅠㅠㅠㅠㅠ', '', '사진은 펑.!']"
ISFJ,"['자기 자랑 아님을 알려 드립니다.', '저는 작년에 정신적으로 안 좋아서 수능을 제대로 못 치렀습니다.', '국영수 323 나왔었네요..', '한편 한국사 1 사탐 1 과탐 1 이렇게 나왔습니다.', '', '극 s뿐만 아니라 s분 n분도 댓글 작성하셔도 됩니다.']"
ISFJ,['어디로가야 만나나요']
ISFJ,"['제가 몇박을 친구랑 만나서 놀고 어제 제가 친구한테 나랑 연락은 계속 할거지? 물어봤는데 대답이 그런 말을 왜 하냐고 그런 말을 하지 말라고 하더라구요', '무슨 의미일까요']"
INFJ,"['제가 경험한 엣프제들의 특징들을 써보려고 해요', '사람마다 차이가 있는건 당연하니 가볍게 봐주세용ㅎㅎ', '1. 자신으로 인해 상대가 즐거워하고 재밌어하는걸 행복해함 -> 웃겨주려고 하거나 즐겁게 해주려 해요ㅋㅋㅋㅋ', '2. 사소한것도 다 얘기해주길 바람', '3. 단호하고 팩폭 잘 함', '4. 솔직함 -> 특히 감정표현을 정말 솔직하게 하는 것 같아요.', '5. 말 예쁘게 함', '6. 말 많음+잘 들어줌', '7. 긍정적임 덕분에 나도 생각할때 긍정적으로 생각하게 됨', '8. 표현 잘함(고마워 행복해 감동이야 질투나 서운해 속상해)', '9. 칭찬잘함', '10. 눈치가 좋다', '11. 잘 웃음 -> 얘기할때마다 꺄르륵 웃어줘서 얘기할때 즐거워용', '12. 자신이 어떤 사람인지 잘 알고 좋은 무기로 쓰는것 같음 -> 엄청 매력적으로 느껴짐!!', '13. 조언 잘해줌 -> 마냥 감정적으로 위로해주지 않고 현실적인 요소와 함께 도움되는 말만 딱딱 짚어서 얘기해줌', '14. 계획적이고 계획한걸 빠른시일 내에 실행으로 옮김', '', '엣프제는 배울 점도 많고 동기부여가 되는 사람들이에요💕 사랑둥이+매력둥이라고 생각합니다 제가 살면서 본 사람들 중에 성격이 제일 예쁜(?)것 같아요ㅎㅎ', '얘기할때마다 엣프제가 해주는 말에 늘 감동을 받게돼요', '아무튼 사랑해요 엣프제', '']"
ISFJ,"['1)', '주변에 택시 기사나 어르신에게 말 싸가지 없게 하고 자기 밖에 모르는 사람', '', '', '-> 특히나 본인이 남보다 더 위라고 깍아내리는 강약약강 마인드 싫어함', '', '', '2) 계획성 없는거에 대해 경각심 없는 사람 + 정리 정돈 ×', '', '', '2-1. 돈을 아낄 줄 모르는 사람', '-> 자기보다 돈 많은 남자 원하는건 둘째치고 본인이 본인 돈 잘 간수 못하는건 문제 있다 생각하는 편', '', '2-2. 뭐든지 느낌대로 즉흥적으로 사는 사람', '-> 자기개발할 시간을 희생하면서 술 마시고 게임하고 도박하고 그냥 하루 스케쥴이란 개념 없는 그런 삶', '', '+ 번개 약속이 일상인 사람(기본 일상이 번개 약속보다 항상 우선이여야 된다 생각)', '', '2-3. 방이 항상 지저분함', '-> 남녀 떠나 별로...', '', '', '3) 이타심 ×, 배려심 ×, 욕설 많이하는 이성도 별로', '', '->', '', '예 )', '', '저 사람 넘 불쌍하다... 우리가 가서 도와드리자!', '', '-> 우리 일 아니잖아! 괜히 우리가 도와 주는것도 솔직히 오지랖이니까 신경 끄자!', '', '이런 식인 사람 솔직히 좀...', '', '', '', '#_ 안 맞았던 유형', '', '', '-> 말 거칠게 하는 T 유형들과 대체적으로 안맞았었어오...', '그런 사람들이 본인들이 본인이 말 거칠게 하고 있고 기본 안지키는거에 대해 객관화 안되면 보는 전 답답하더라고요.', '', '', '', '', '']"
INTP,"['상대는 isfj 남자분인데 모임에서 3번정도 만낫고 제가 호감이생겨 먼저 카톡을 보냈는데', '제가 선톡은 항상 모임후 핑계거리로 시작해서 시덥잖은 얘기들 하다가 항상 그날에 연락은 끝냈었고', '어제도 카톡 끝맺음 맺고 아쉬워서 오늘은 첨으로 아무핑계없이 선톡후 숙취해소제를 보내줬는데', '이모티콘만 보내길래 부담+귀찮다는 표시같아서 읽씹할까하다가 임티만 보내고 끝내려고했거든요 ㅜㅜ', '근데 또 이렇게 카톡을 보내주니까 제가 계속 친해져도 되는지 어렵네요 ㅠㅠ.....', '막상 임티만보내놓고 선물보내준게 미안해서 카톡 이어준걸까요 ㅋㅋㅋㅋㅋ...;;', '(모임에서도 말이 많진않았고 그전에 연락했을때도 단답한적은 없고 항상 무난하게 했었어요)', '', '+사진은 지우겠습니당..!ㅋㅋ']"
ESFJ,"['첫 무물이네요', '심심해서 아무 주제로 다 무물받아욧']"
ESFP,"['5월 14일을 끝으로 만나서 한시간 좀 넘게 얘기하다 헤어지고.. 3주후에 가볍게 안부 카톡 보냈는데(장문아니고 한줄정도) 2-3주간 1이 안사라지고 아무 답이 없었어요.', '', '그런데 저는 예전에 자기는 헤어져도 딱히 차단을 해본적은 없다고 한거로 봐서, 차단은 아니고 안읽씹이라고 생각했거든요? 송금버튼, 이미지 다 보였고 물론 메세지만 차단일 수 있지만, 그래도 나쁘게 헤어진거 아니라 차단아니고 안읽씹일거라 생각했어요.', '', '여전히 그건 알수 없지만 제가 숨김해놓고 하루에 한번씩은 꼭 보는데 헤어진지 한달 반이 되는 오늘 완전 차단당했네요.. (프로필도 송금도 안보임) 갑자기 뭘까요? ㅠㅠ 제가 업무용 폰이 있어서 확인해봤더니 프로필 변경은 없는데 무슨 심리일지 \U0001f979\U0001f979 제 프로필 바꾼 건 없었구요,, 헤어지고 전화나 문자 해본적은 없어서 그쪽 차단은 모르겠는데... 보통 다른 여자 생겨서이거나 마음 완전 정리되서 갑자기 차단한걸까요?']"
ESTJ,"['저희 회사 관리상사가 두분인데(여1남1)', '둘가 잇프제입니다', '저는 잇프제남친도 만나보고 했지만 사람마다 다르다는걸 느끼는데요 그래도 잇프제들만의 로봇트같은 느낌은 비슷하게 풍기더라구요', '하필,우연히 만난 잇프제들과 가까워지고싶은데', '소심한 다람쥐같은 잇프제들에게 천천히 다가가려고 하지만 속을 알수도없고 보여지지도 않아서', '친해지길 포기해야하나 싶다가도 그래도 방법을', '찾아보자는 마지막 심정으로 올려봅니다', '', '일단 제가 느낀 잇프제 상사들의 특징이구요', '', '1.본인 할당된 일만시키고 그외에 터치없음', '2.직원들에게 대면대면', '3.가끔 힘든일은 본인이 하려는 느낌?부탁못하고', '스스로 하려는 느낌', '4.회식을 하는 회사가 아닌데 회식을 하자고 하는 상사', '5.사적인 부분 절대이야기안하고', '6.아주 가끔 가벼운대화만 하는 편', '7.하사가 일을 잘하든 못하든 터치없는', '8.하사들이 원하는대로 맞춰주려하는 느낌', '9.일커지는거 극도로 싫어하는 느낌', '10.눈치를 많이 보는거같은데 티안내려고하는', '', '사람을 신경많이 쓰는건지 진짜 관심이 없는건지', '알수가없네요..ㅎㅎ사람은 좋은거같은데', '그냥 이렇게 가깝지만 먼 관계가 베스트인건지', '궁금하네요', '', '']"
INTP,['그냥 하는 말인가요 아니면 진짜 시간 맞춰서 나중에 보자는 말인가요??']
ISFJ,"['검사할때마다 백프로 잇프제 나와요.', '', '겉으로는 티가 안나는데', '매번 일어나지도 않을 일들을 걱정해요', '', '혹시 다른 잇프제도 그런가요?..']"
ISFJ,"['n중에서 그나마 잘 맞은 인프제 친구가 꽤 이성적입니다.', '본인도 이성적이라고 느끼고 있고요.', '잇프제 인프제가 f 중 가장 t인데', '그 중에 누가 더 t 같은가요?', '저는 인프제가 더 t 같다에 한 표 던집니다.']"
INTP,['남편이 잇프제고 제가 인팁인데 굉장히 성격이 안 맞는다고 느껴요. 남편이 속 얘기를 잘 안 하는데 여기서라도 간접적으로 듣고 싶네요. 인팁 어떤가요? 시덥잖은 것도 괜찮으니 다 알려주세요.']
ISTJ,['잇프제 남자는 여자친구와 결혼하고싶을 때 어떻게 말하고 행동하나요?']
ISFJ,"['1) 전형적인 잇프제( <- 이 성격이 잇프제의 기본 베이스다.)', '', '- 잇티제도 가끔 나옴(잇프피 일 수도 있음)', '', '- 에니어 6번/9번', '', '- F지만 T 성향 강함', '', '- 겉과 속이 다름, 싫은 소리 잘 안함', '', '- 현실에 입각해 실용적으로 문제를 해결하는 능력이 강함', '', '- 보수적', '', '- 우유부단', '', '', '', '2) 1보다 조금 더 E 성향이 강한 잇프제', '', '- 엣프제/엣티제 성향 있음', '', '- 1번 같은 성향보다 리더십이 강함', '', '- 보수적 + 가정적', '', '- 1보다 자기 일에 열정적이고 성취하려는 성향 있음', '', '- I 치고 조금 더 외향적', '', '- 그 외에는 1과 비슷', '', '', '', '3) 조금 더 내향적이고 수비적인 잇프제', '', '- 불안 성향 높음, S치고 N 성향 높음, 집단에 수용적이면서도 반항적인 면도 조금 있음', '(잇프제 치고 뭔가 N 성향이 강한데 인프제는 또 아닌...?!)', '', '- 잇프제도 S치고 복잡한데 이 유형은 그 성향이 더 두드러짐', '', '- 즉흥적으로 행동하지 않고 계획적인 편', '', '- 대체적으로 수용적', '', '- 에니어그램이 6번이 많으나 특유의 성향 때문에 4 같은 느낌도 있음', '(에니어 6, 4 특유의 복잡한 느낌이 있음)', '', '- 그렇지 않아보이는데 은근히 보수적이며 성격도 더욱 내향적', '', '- 그 외에는 1과 비슷', '', '', '', '', '근데 아무리 잇프제 성격이 다양해도', '잇프제는 잇프제 만의 공통점이 있다 봅니다.', '', '예를들어 일을 순차적으로 끝낸다든지, 인성을 무엇보다 중시한다든지, 정리정돈에 신경 쓰는 편이라든지...', '(예 -> 메모, 계획, 청소 등)', '', '+ 싫은 소리 못하고 타 유형보다 경험을 중시하고 보수적인 면이 있는것도...', '(이 예시는 모든 잇프제가 다 그런듯 싶어요.)', '', '']"
INFP,"['이렇게 사귀면 어떤 부분에서 모순이 가장 많이', '생길가요?']"
ENFJ,"['ISFJ 여성을 실제로 만나면 질문이 많은데 왜 톡에서는 대답만 하는거죠?', '실제로 만나면 내일 출근 몇시냐? 잠 잘잤냐? 등등 물어보는데', '카톡에서는 질문이 없는 이유가 무엇인가요? 귀찮은건가...?']"
ISFJ,"['최고: ISFJ(이성) ISTJ ESTP ESFP', '좋음: ESFJ ISTP ESTJ ISFJ', '보통: ENTJ ISFP INFJ', '별로..: INTJ INTP INFP ENFP', '최악: ENTP ENFJ', '', '저는 이렇습니다.']"
ISFJ,"['제가 올해 MBTI 정식 검사를 받았는데 (Form Q 였습니다.)', 'ISFJ가 나왔습니다.', 'I, S가 극단적으로 높게 나왔는데 (I는 30점 만점에 20정도인가..)', 'S는 30점 만점에 27-28점 정도로 만점에 근접한 점수를 받았습니다.', '저는 망상하는 것을 안 좋아하고', '비현실적인 것을 가지고 토론하는 것을 많이 싫어하는데', '저처럼 S가 극단적으로 높으신 분 계십니까?', '아, 참고로 수능공부하면서 S 유형이 많이 뚜렷해지긴 했습니다.']"
ESFJ,"['', '만난지 두달, 사귄지는 한달 안됐는데 잇프제 남친 친구들이 빨리 여친 소개시켜달라고 한다는 말을 전해 들었어요.', '근데 남친이 제가 이 사실을 안다는걸 몰라서 그런지 저한테 말도 안꺼내고 친구들에게 소개도 안시키네요.', '', '아주 극초반이라 많이 서운하진않지만 잘 지내는 상황에서 모임일정을 안잡는건 아주 쪼오금 섭섭해요 ㅎㅎ', '이런 경우엔 신뢰가 안쌓여서 그런가요?', '아니면 결혼적령기일 경우 정말 결혼할 여자만 소개시키는 성향인가요?', '사바사겠지만 잇프제 남자들 성향이 좀 궁금해요..', '']"
ISFJ,"['', '보통은 잇티제라고 하는데', '(제가 생각할때 전 잇티제랑은 거리가 있는것 같아요. 성격도 좀 우유부단하고 좀 순진(?)한 면이 있어요. 그리고 은근 겉으론 수용적이여도 반항전인 면도 있어요.)', '', '제가 생각할때 저는 인프제 쪽에 더 가깝고 에니어, mbti 세부 비율만 봐도 그렇더라고요.', '(에니어 4가 6과 그리 크게 차이도 안나기도 하고요.)', '', '여러분이 보기에 잇프제랑 비슷한 mbti는 무엇인가요?', '', '', '', ""-> 수정: 저기서 엣프제를 엔프제라 잘못 적었는데 '엣프제'로"", '투표 🗳']"
ISFJ,"['1) 한국적인(?) 음식 잘 먹음(본인은 물론 해당 ×)', '', '-> 순두부 찌개, 비지찌개, 도토리묵 같은 음식 잘먹는 편', '', '물론 저 같이 달달구리들이랑 삼겹살, 한우, 피자, 치킨 같은거만 먹는 사람도 있습니다.', '', '', '2) 아는 맛만 먹음', '', '', '-> 대부분 S 유형 특, 잇프제는 인프제 처럼 뭐든 잘 먹는 스타일이라기 보단 옛날 부터 먹던 음식만 먹는다.', '', '', '3)', '은근 밥심 있음', '', '', '-> 주변에 SJ 유형들 대부분 하루에 한 번은 밥 먹어야 된다는 사람 많은것 같다.']"
ENFJ,"['저는 엔프제이고 그녀와는', '장거리인데 알게되고 친하게되어', '만나서 손잡고 데이트도 알콩달콩하고', '주에 2번 2시간씩 시간가는줄모르게', '전화도하고 톡도', '잘하고 정말 커플 그자체였습니다', '이번에 제가 잇프제녀를 만나러 다시 가려고', '했고 그녀는 자기휴가까지 써가면서', '만나자고해서 크게 일정조정을 하던중에', '진짜 이렇게 고백안하고 애매한관계로 만나는건', '그녀에게도 저에게도 아닌것같아', '진짜 확인용으로 확신의 고백을 했습니다', '그런데 이틀시간을 달라네요 장거리는처음이고', '불안밖에 안생길것같다면서 대답은 이틀뒤에', '주겠다네요 저는 당황했지만 불안이 안생기게', '잘할수있다는말과함께 조금은 밝은분위기로', '얘기를마치긴했습니다', '', '하지만 저는 진짜 데이트도 전화도 톡도 커플 그자체', '였기에 때문에 지금 충격 그자체네요', '거의 마지막에 말하는거보면 끝나는 분위기였어서', '끝나는마당인거같은데 제가', '뭐라도 확인을줄수있는 말이라도 해야하는걸', '까요? 이런건 처음이라 당황스러워서', '잇프제분들에게 여쭤봅니다ㅜ']"
ISFJ,"['1) 남자임에도 글씨도 잘 쓰고 꼼꼼하고 청소, 집안 일도 열심히함', '', '-> 남자인데 글씨 잘 쓴단 칭찬 많이 들어요.', '', '', '2) 보통의 잇프제 남자가 감정 표현이 풍부하지 않고 이게 F인가 싶을 정도로 T 같은 느낌이 있는데 여친이나 가족들에겐 진심이다.(단, 저같이 예외도 있어요.)', '', '-> 물론 저 같이 N 성향이 강하고 F성향이 높은 잇프제(인프제에 가까울 수록)는', '은근 잇프제 답지 않게 여리고 순수하고(제가 제 스스로 이런 말하니 좀 이상하네요.) 때로는 결단력 없는 모습도 보여줍니다.', '', '그리고 이건 저 만의 얘긴데 잇프제 답지 않게 인프제 처럼 속고집 강한 편이고 집단에 은근 반항적인 면도 있어요.', '(뭐랄까 겉으론 수용적인데 속으론 자기만의 세상도 있는)', '', '', '3) 말을 필터링해서 잘 전달하고 예의 바르다.', '(나쁘게 말하면 필터링하는 만큼 속마음을 알기 어렵다.)', '', '-> 저도 속마음 내색 잘 안하는 편이고 욕설이나 자극적인 말 잘 안하는 편이긴해요.', '', '', '4) 외모에 관심이 많다.', '', '-> 전 잘 생긴 편은 아니지만 나름 외모에 관심 많아요.', '관리 열심히 하는 만큼 잘 생겨지면 좋겠네요!', '', '그래서 화장품 다 챙겨바르고 마스크팩도 자주하는 편', '', '', '5) 시간 약속을 잘 지키고 계획적이다.', '', '-> 이런 부분에 있어 FM인 사람이 잇프제 중에 많다.', '', '', '', '', '전 2 빼고 전부...', '', '저 되게 소심하고 눈물 많아용...', '24살 답지 않게 순수하고요..', '', '물론 인프피나 인프제 처럼 이성 앞에서 결혼 상상하는 정돈 아니지만 전 제 스스로 다른 잇프제 보다 순수한 편이라고 생각해요.', '(어른 답지 않게 아기자기한 것들도 좋아해요.)', '', '대신 순수한 만큼(?) 술, 담배, 게임 다 안하긴해요 🤣', '(뭔가 노잼인...)', '', '', '', '', '']"
ISFJ,"['', '보통은 잇티제라고 하는데', '(제가 생각할때 전 잇티제랑은 거리가 있는것 같아요. 성격도 좀 우유부단하고 좀 순진(?)한 면이 있어요. 그리고 은근 겉으론 수용적이여도 반항전인 면도 있어요.)', '', '제가 생각할때 저는 인프제 쪽에 더 가깝고 에니어, mbti 세부 비율만 봐도 그렇더라고요.', '(에니어 4가 6과 그리 크게 차이도 안나기도 하고요.)', '', '여러분이 보기에 잇프제랑 비슷한 mbti는 무엇인가요?', '', '', '', ""-> 수정: 저기서 엣프제를 엔프제라 잘못 적었는데 '엣프제'로"", '투표 🗳']"
ISFJ,"['1) 한국적인(?) 음식 잘 먹음(본인은 물론 해당 ×)', '', '-> 순두부 찌개, 비지찌개, 도토리묵 같은 음식 잘먹는 편', '', '물론 저 같이 달달구리들이랑 삼겹살, 한우, 피자, 치킨 같은거만 먹는 사람도 있습니다.', '', '', '2) 아는 맛만 먹음', '', '', '-> 대부분 S 유형 특, 잇프제는 인프제 처럼 뭐든 잘 먹는 스타일이라기 보단 옛날 부터 먹던 음식만 먹는다.', '', '', '3)', '은근 밥심 있음', '', '', '-> 주변에 SJ 유형들 대부분 하루에 한 번은 밥 먹어야 된다는 사람 많은것 같다.']"
ENFJ,"['저는 엔프제이고 그녀와는', '장거리인데 알게되고 친하게되어', '만나서 손잡고 데이트도 알콩달콩하고', '주에 2번 2시간씩 시간가는줄모르게', '전화도하고 톡도', '잘하고 정말 커플 그자체였습니다', '이번에 제가 잇프제녀를 만나러 다시 가려고', '했고 그녀는 자기휴가까지 써가면서', '만나자고해서 크게 일정조정을 하던중에', '진짜 이렇게 고백안하고 애매한관계로 만나는건', '그녀에게도 저에게도 아닌것같아', '진짜 확인용으로 확신의 고백을 했습니다', '그런데 이틀시간을 달라네요 장거리는처음이고', '불안밖에 안생길것같다면서 대답은 이틀뒤에', '주겠다네요 저는 당황했지만 불안이 안생기게', '잘할수있다는말과함께 조금은 밝은분위기로', '얘기를마치긴했습니다', '', '하지만 저는 진짜 데이트도 전화도 톡도 커플 그자체', '였기에 때문에 지금 충격 그자체네요', '거의 마지막에 말하는거보면 끝나는 분위기였어서', '끝나는마당인거같은데 제가', '뭐라도 확인을줄수있는 말이라도 해야하는걸', '까요? 이런건 처음이라 당황스러워서', '잇프제분들에게 여쭤봅니다ㅜ']"
ISFJ,"['1) 남자임에도 글씨도 잘 쓰고 꼼꼼하고 청소, 집안 일도 열심히함', '', '-> 남자인데 글씨 잘 쓴단 칭찬 많이 들어요.', '', '', '2) 보통의 잇프제 남자가 감정 표현이 풍부하지 않고 이게 F인가 싶을 정도로 T 같은 느낌이 있는데 여친이나 가족들에겐 진심이다.(단, 저같이 예외도 있어요.)', '', '-> 물론 저 같이 N 성향이 강하고 F성향이 높은 잇프제(인프제에 가까울 수록)는', '은근 잇프제 답지 않게 여리고 순수하고(제가 제 스스로 이런 말하니 좀 이상하네요.) 때로는 결단력 없는 모습도 보여줍니다.', '', '그리고 이건 저 만의 얘긴데 잇프제 답지 않게 인프제 처럼 속고집 강한 편이고 집단에 은근 반항적인 면도 있어요.', '(뭐랄까 겉으론 수용적인데 속으론 자기만의 세상도 있는)', '', '', '3) 말을 필터링해서 잘 전달하고 예의 바르다.', '(나쁘게 말하면 필터링하는 만큼 속마음을 알기 어렵다.)', '', '-> 저도 속마음 내색 잘 안하는 편이고 욕설이나 자극적인 말 잘 안하는 편이긴해요.', '', '', '4) 외모에 관심이 많다.', '', '-> 전 잘 생긴 편은 아니지만 나름 외모에 관심 많아요.', '관리 열심히 하는 만큼 잘 생겨지면 좋겠네요!', '', '그래서 화장품 다 챙겨바르고 마스크팩도 자주하는 편', '', '', '5) 시간 약속을 잘 지키고 계획적이다.', '', '-> 이런 부분에 있어 FM인 사람이 잇프제 중에 많다.', '', '', '', '', '전 2 빼고 전부...', '', '저 되게 소심하고 눈물 많아용...', '24살 답지 않게 순수하고요..', '', '물론 인프피나 인프제 처럼 이성 앞에서 결혼 상상하는 정돈 아니지만 전 제 스스로 다른 잇프제 보다 순수한 편이라고 생각해요.', '(어른 답지 않게 아기자기한 것들도 좋아해요.)', '', '대신 순수한 만큼(?) 술, 담배, 게임 다 안하긴해요 🤣', '(뭔가 노잼인...)', '', '', '', '', '']"
ISFJ,"['1) 불편한 패션이 예쁘다.', '(여름에 덥고 겨울에 추운 패션)', '', '', '2) 여자들이 코트 입은 남자 좋아한다 = 잘생긴 남자가 입어야 좋아한다.', '', '-> 키작남은 코트가 어울릴 수 없고 키 180은 되야 코트 핏이산다.', '', '', '3) 패션보단 얼굴 -> 얼굴이 잘생기면 귀에걸면 귀걸이고 코에 걸면 코걸이다.', '', '', '4) 파스텔 톤, 블랙, 베이지, 화이트가 무난하고 노잼인것 같아도 실패할 확률이 적음', '', '', '5) 몸무게 53(키 171)에 허리 25인치라(말하기 부끄럽지만...) 슬랙스 주문하면 너무 크다.', '(S사이즈 넣어도 안맞음)', '', '-> M이나 S 바지도 막상 입어보면 크다.', '', 'S사이즈도 몸무게 65~70이 입어도 맞을것 같다.', '', '', '6) 청바지 보단 슬랙스고 슬랙스는 갠적으로 슬림핏', '', '', '7) 독일군 스니커즈도 예쁘긴한데 뭔가 오래 유행은 못할것 같다.', '', '-> 컨버스화나 흰색 일반 스니커즈가 유행 안타고 적당히 예쁜것 같고', '', '잘 더러워져도 흰색이 유리한건 누구나 다 아는 사실인것 같다.', '', '', '']"
ENFJ,"['호감 있는 사람한테 스킨십 잘하세요?', '', '- 코에 덜발린 선크림 닦아주고, 이마에 묻은거 떼떼주고 -> 어떤 남자가 안설레겠어,,,', '- 웃을때 옆에 있으면 팔, 어깨치고', '', '이런 행동들 가능하세요?']"
ISFJ,"['다정한 사람 좋아요ㅋ.ㅋ', '']"
ISFJ,"['오늘은 일하는게 널널하네요', '아무거나 물어보세요ㅎㅎ', '', '제 기준으로 말씀드릴게요!']"
ISFP,"['엣프제 관계 정립까지 시간이 오래 걸리나요?', '사귀자고 말하기 어려워하는 편인지..', '', '제가 그래서요 ^..^', '끝나지 않는 썸…….. 😭']"
ENFJ,"['제가 배고프다는 말 듣고 버블티를 한잔 주문해서 사줬는데..', '감동이다. 센스 넘친다. 반할뻔 했다고 친구한테 제 옆에서 이야기 하는데 이정도면 인간적 호감인가요? 이성적 호감인거 같나요?']"
ISFJ,"['', '전 I가 95~100%, S가 50~55%, F가 60~65%, J가 80% 내외에요!', '', '', 'S 비율이 잇프제 치고 좀 낮은 편이라 느껴지네요!', '잇프제인데 극 S는 아닌...']"
ISFJ,"['둘다 20후반이고 장거리라는 상황으로 1년을 만났습니다', '', '여자입장에서 장거리는 할 생각이 없었지만 저라는 사람 자체가 좋은 사람 같아서 시작을 했다 하구요', '', '만났을때부터 장거리 극복을 관계에서 1순위로 생각하고 있었습니다', '', '근데 여자친구 입장에선 당장에 장거리 극복은 안되고 보고싶어도 보기가 힘들고 이런 현실에 대해서 아쉬움을 가끔씩 얘기했었는데 많이 신경쓰이고 힘들었는지 차츰차츰 뭔가 태도가 이전이랑 달라지는 듯한 개인적인 느낌을 받았고 여러가지 상황적으로 힘든 부분도 겹치다보니 보름 전에 여자친구가 이별을 통보했어요', '', '헤어지고 며칠 지나서는 친구 통해서 제가 어떤지도 물어보고 제 얘기도 하고 스토리도 보고 하더라구요', ""+ 여자친구 본인은 '제가 좋은 사람 만났음 좋겠다. 나는 정리가 끝났다'라는 말도 친구한테 하더라구요"", '', '물론 의미가 있는건 아니겠지만 헤어진지 얼마 되지 않았고 마음정리가 한번에 싹 되지 않으니 그랬겠다 싶으면서 정이 떨어지거나해서 헤어진 상황이 아니기도 하고 하고 그 외적으로 싸운 적도 없고 사이는 좋았습니다', '', '이런 상황에서', '1. 여자가 무슨 생각인지? 미련인지?', '2. 다시 연락을 하거나 돌아오는지?', '그 외 등등', '', '여러가지로 궁금한 부분이 참 많은데 어떻게 생각하시는지 알고싶습니다']"
ISTP,[]
ENFJ,"['ISFJ 여성분들의 호의와 호감을 도대체 어떻게 구분할까요? (나름 친함)', '', '- 단체에서 다같이 밥먹을때 음식덜어주고 내꺼 먹을래 매번번 물어보는데 호의 같기도 하고...', '- 단체 식사에서 잘먹는거 있으니까 그거 좋아해? 물어보고', '- 지나가면서 했던말 말 없이 챙겨주는데(일하는 병원 가야겟다,,, -> 나몰래 예약해둠 {간호사})', '- 다음날 다시 만나도 단체에서 어떻게 지냈냐,,, 아픈건 나았냐? -> 다른 사람한테도 이럼', '- 배려가 너무 심함,,,', '- 주변사람을 통해 ISFJ가 나 착하다고 했다는 말을 전해들음', '- 길잘안다고 칭찬 등등 -> 패시브 같음', '- 대화할때 마다 팔, 허벅지 툭툭치는데 -> 모든 사람한테 이러는거 같음, 유독 내가 옆에있으면 내가 더 맞는듯', '- 카톡은 선톡 x 답장만 4,5번 정도 이어짐', '', 'ISFJ 여성분이 나한테 스며듬,,, 젠장;;', '도대체 어떻게 호감을 표현하세요??', '', '']"
ISFJ,"['1) 잇프제 답지 않게 우유부단하고 여린 면이 있음', '', '', '2) 잇프제지만 의외로 집단에 반항적인 면을 보일때도 있음', '+ 개인주의 성향 있음/단체생활 안좋아함', '', '', '3) 다른 잇프제보다 성격이 좀 순수한 편이고 취향도 특이한 구석이 있음', '', '', '4) 음악을 듣거나 예술작품을 보면 생각과 사색에 잘 잠김', '', '', '5) 잇프제가 잔소리 많이한다는 인식과 다르게 남에게 참견 잘 안함 + FM이여도 본인에게만 FM임', '', '', '6) 용돈 기입장, 일기 은근 귀찮아함', 'but 즉흥적으로 행동하고 생각 없이 돈쓰는 스타일은 아님', '', '', '7) 잇프제하면 아재개그 떠올리는데 아재개그 싫어함', '', '', '근데 저 특징들 인프제 설명과 비스무리한 느낌이 있네요!']"
ISFJ,"['ISFJ이신분들 연예인이나 셀럽들중에', '같은ISFJ여서', '', '본인과 생각이나 행동이 비슷해서 공감간다거나', '', '같은 mbti여서 뿌듯하거나 한 사람 있나요?', '', '저는 주호민님이요ㅋㅋㅋㅋㅋㅋㅋ', '', '침착맨방송에서 소인배컨셉이지만 알고보면 대인배적인', '', '면모도 있고 유머코드도 대놓고 웃긴게아니라 치고들어가', '', '서 터트리는 스타일이라 재밌어서 isfj이신게 뿌듯함여', '', '다른분들도 이런 자랑스러운 isfj있나여?']"
ISFJ,"['잇프제 연애시 특징,', '저에겐, 거의 해당 되네요*_*', '']"
INTP,"['궁금해욥 ,,']"
ISFJ,"['저는, 왠만하면 모두 보듬어 주는데...', '보통 갈등이 풀리지 않아서', '지칠 때 이별을 말합니다...', '연애는 서로 행복하고,', '즐거우려고 하는건데, 지친다면', '만날 이유가 없으니까요;.;', '']"
ISFJ,"['왜 마지막 짤이 공감 가는거죠ㅋㅋ', '']"
ISFJ,"['1) 처음에는 심장박동이 빨라지다 사람들 많거나 시끌벅적한 장소에 오면 갑자기 긴장되고 어지러워진다.', '', '', '2) 어지러워진 상태에서 당장 쓰러질것 만 같은 느낌을 경험함과 동시에 식은 땀이 난다.', '+ 주변의 시야가 흐릿하게 보인다.', '-> 이마트에서 너무 괴로워서 바닥에 주저 앉은 적도 있음', '', '', '3) 그렇게 어지러움과 심적인 울렁거림을 경험한 뒤에 아침에 일어나면 종종 편두통과 함께 속이 좋지 않다.', '', '', '4) 빛이 많은 산만한 장소에 민감하게 반응한다.', '', '', '5) 손과 발이 하루 종일 저리고 근육이 수축되는것(?)만 같은 이질감을 느꼈다.', '', '', '', '제가 딱 이 5가지 증상을 느꼈는데', '보통 예민한 성격의 사람들이 공황장애를 경험할 확률이 더 높아요.', '실제로 제가 이것 때문에 작년에 1달간 약을 계속 복용했던 기억이 있네요...', '', '평소에도 어지러움 잘 느끼고 주변 상황에 민감한 편인데 만약 여러분도 저런 비스무리한 증상이 있다면 빠르게 조치 받는게 좋다 봅니다.', '', '저런거 계속 들고가면 그게 만성적인 질환으로 굳혀질 수도 있다네요...', '', '', '']"
INTJ,"['엄마가 잇프제신데 걱정이 과하세요', '', '제가 고3때 큰고모가 암으로 돌아가셨는데 제가 놀랄까봐', '', '말을 안하셨어요', '', '장례식끝나고 알려주셔서 저는 장례식도 못갔구요', '', '', '십여년 지나서 이번에는 작은고모가 위독하다고 연락왔는데 이번에도 저 놀랄까봐 연락안하실라다가 알려주셔서', '오늘 병문안 갔다왔는데 ㅠ', '이미 암 말기셔서 의식이 없으셨어요', '', '대화 한마디 못하고 울고왔어요', '', '엄마는 몇달전부터 고모가 암인거 들었다는데', '일부러 저한테 얘기안했데요 저 놀랄까봐..', '', '저는 안 놀랍니다', '제 나이가 마흔도 넘었는걸요...', '', '그리고 이제 고모랑 대화할 수 있는 기회를 영영 잃었어요', 'ㅠㅜ']"
ESFJ,['편하게 물어봐주세영']
INFJ,"['ISFJ 직업군인 남친을 8개월 동안 해외파병 보낼 예정인 예비 고무신입니다. Isfj신데 장거리 경험이 있으시다면 어떤 대화 주제로 장거리시에 연락하시고 대화하셨는지 궁금해요.', '', '저희는 데이트때에 주로 뭔가 같이 하고 같이 운동하고 밥먹고 경험하는것들 위주로 해와서 장거리를 할때에는 일과 일상 공유 외에 어떤 것들을 같이 할 수 있는지 모르겠네요,,', '', '도움과 조언 부탁드립니다.']"
ISFJ,"['1) 의료직 종사자, 여자 공무원, 관리직 비중이 높음', '', '', '2) 사는게 fm이고 성격도 보수적임', '', '', '3) 체감적인 여자 비중이 높음', '', '', '4) 계획에도 없는 일 싫어함', '', '', '5) 겉과 속이 다름', '', '', '', '-> 제가 본 ×SFJ는 대체적으로 이 5가지 특징을 보이는 경우가 많더라고요.', '', '저도 좀 그런 편인것 같고요 ㅎㅎ']"
ISFJ,"['너무 심심하네용....', '저도 무물해볼래요! ㅎㅎ', '편히 물어봐주세요 :)', '', '', '주의! 모든 잇프제가 그런 건 아닌, 제 주관이 들어간 답변임을 참고 부탁드립니다! ㅎㅎ']"
INFP,"['엣프제 만나고 있는데요', '물심양면으로 참 잘해줘서 최고의 남자라고 자부하고', '저도 infp답게 작은거 하나에도 리액션+칭찬을', '아끼지 않는데요,', '', '""내가 최고지?""', '""이런 남자 없어""', '', '본인도 잘알아서 말끝마다 꺼내는 스타일이에요 ㅋㅌ', '', '', '엣프제는 장난치는걸 좋아해서 말장난도', '', '""ㅇㅇ 먹여 살리려고 대리 뛰고 있어""', '""나는 굶어도 ㅇㅇ이 맛있는거 사줘야지""', '', '이런식으로 장난+생색을 냅니다 ㅋㅋ', '', '저런 말을 자주 들으니까', '처음엔 부담되나 싶어서 진지하게 돈없냐고 물어봤는데', '장난이라고 하더라구요', '제가 불편함을 느껴하니까', '안친다고 하더니 줄긴 했지만 여전합니다 ㅋㅋ', '', '그러면서도 늘 필요한건 사주려고 하고', '갖고싶은데 비싸면 사준다고 말하라고 ><ㅎㅎ', '', '', '엣프제와 연애해보셨거나 연애중이신 여성분들 어떠셨나요?', '알아주길 바라는 마음이 커서 저러는건가요?']"
ISFJ,[]
ESFJ,"['이성한테 연락텀이', '그냥 친구일때랑 호감가는 사람일때랑 궁금해서용']"
ISFJ,"['잇프제도 사랑꾼인데 7위라니요\U0001fae0', '잇프피 남자친구는 연락 잘 안보는데 2위이구', '어떤기준 일까요😅😂', '재미로 보세요:)', '']"
ESFJ,"['소개받고 연락은 계속하지만,', '딱히 먼저 보려고하지도않고 물어볼생각도없고', '타이밍을 기다리는건지모르겠지만ㅠㅠ', '슬쩍 얘기해서 맞춰보자햇는데 그러고도 별다른이야기도없어서 정리하는게맞겠죵']"
ISTJ,"['소개팅으로 ESFJ인 남자분 소개 받았어요', '근데 헷갈리게 선톡은 잘 하는데 먼저 만나자고는 안해요', '제가 만나자고 하면 잘 만나는데 첫만남 이후', '2번이나 제가 먼저 연락해서 보자고 했어요', '그냥 예의상 연락하고 만나주는(?) 걸까요', '답답하네요..ㅎ']"
ISFJ,"['', '어떤 사람은 ISTJ 같은 느낌이고', '(보통 대다수의 잇프제)', '어떤 사람은 INFJ 느낌도 살짝 있고', '', '또 어떤 사람은 ESFJ 느낌에 I 유형 치고 대인관계 폭이 넓고...', '', '진짜 참 다양...', '', '에니어그램도 6도 많고 9도 많고 1도 있고...', '가끔 5나 4일때도 있고...', '(근데 대부분은 6w5나 9w1이 제일 많은 느낌)', '', '', '보통 SJ 유형이 성격이 비슷비슷한 감이 있는데 잇프제는 유독 다양']"
ISFJ,['']
ISFP,['펑']
ENFP,"['어떻게 하면 될까요?', 'isfj는 동성입니다! 그냥 친구하고 싶어요!']"
ESFJ,"['소개받고 연락은 계속하지만,', '딱히 먼저 보려고하지도않고 물어볼생각도없고', '타이밍을 기다리는건지모르겠지만ㅠㅠ', '슬쩍 얘기해서 맞춰보자햇는데 그러고도 별다른이야기도없어서 정리하는게맞겠죵']"
ISTJ,"['소개팅으로 ESFJ인 남자분 소개 받았어요', '근데 헷갈리게 선톡은 잘 하는데 먼저 만나자고는 안해요', '제가 만나자고 하면 잘 만나는데 첫만남 이후', '2번이나 제가 먼저 연락해서 보자고 했어요', '그냥 예의상 연락하고 만나주는(?) 걸까요', '답답하네요..ㅎ']"
ISFJ,"['', '어떤 사람은 ISTJ 같은 느낌이고', '(보통 대다수의 잇프제)', '어떤 사람은 INFJ 느낌도 살짝 있고', '', '또 어떤 사람은 ESFJ 느낌에 I 유형 치고 대인관계 폭이 넓고...', '', '진짜 참 다양...', '', '에니어그램도 6도 많고 9도 많고 1도 있고...', '가끔 5나 4일때도 있고...', '(근데 대부분은 6w5나 9w1이 제일 많은 느낌)', '', '', '보통 SJ 유형이 성격이 비슷비슷한 감이 있는데 잇프제는 유독 다양']"
ISFJ,['']
ISFP,['펑']
ENFP,"['어떻게 하면 될까요?', 'isfj는 동성입니다! 그냥 친구하고 싶어요!']"
ESTP,"['저만큼이나 s와 n이 반반인 잇프제 친구가 있어요.', 'isfj -T 유형이고,', '최근 슬픈 일 있는지 술마시자 그러더라고요.', '', '직접적으로 말 안했지만 제가 대강 촉대로 오늘 술마실까? 하면 막 눈 초롱초롱해져서 좋다고 하던 그 잇프제,, 먼저 술마시자 하는 경우는 이제껏 없는데 아까 4시쯤에 연락이 와서 술 마실수 있냐 묻더라고요.', '', '오늘 약속도 없이 집에 있어야해서 무턱 좋다고 약속 잡았는데, 첨엔 5시라 했다가 제가 지금 빨래 돌려야해서 7시로 하자 그랬고, 그 친구도 오케이 했는데', '정작 제가 기절하듯 잠들었네요,,,', '', '변명을 좀 하자면 제가 의료보건 계열 학과로, 매주 팀플 과제에 단어 쪽지시험이 있는데, 이번엔 과제가 4개가 겹치면서 피로가 좀 쌓이긴 했어요.. 그 친구도 같은 과로 그런 제 상황을 알고 있구요', '', '전화 벨소리에 깼는데 약속 장소와 30분 거리라, 제가 지금 가겠다 하니, 됐다고 더 자라길래, 그럼 너 뭐 할 거냐, 나 외출복이라 나가기만 한다, 이런식으로 말했더니, 너 피곤하다매 더 자. 난 친한 친구에게 전화해야지 뭐. 이리 말하더군요... 잠결에 그래 그럼,,, 내일, 아 내일 안되고, 담주에 마시자. 이리 말하니, 담주엔 내가 안 마실거야 ㅎㅎ 이러더군요..', '', '삐진건지 아님 화를 내는 건지 모르겠지만 제가 잘못한 거 맞고 사과하고 싶은데 어떻게 해야할까요?', '이전에 제가 스스로 당일 약속 깨는 사람 진짜 싫어 한다. 이리 말한 적 있는데, 내로남불 격이라...', '', '좋아하는 음료 보낼려니, 지난번에 취해서 귀첞게 했을 때 사과 겸, 보냈던 적이 있어서 이번에도 그리 보내면 무마하기 위해 돈쓰는 가벼운 애로 볼까 싶기도 하고 ㅠㅜ 막막하네요...', '', '']"
INFP,"['일, 사랑 모든면에서 알려주세요']"
ENFP,"['전 연락한다고 하면 꼭하는 엔프피인데요', '', '잇프제는 어떤가요...?', '', '오랜만에 안부인사 보냈는데 다음에는 잇프제가 먼저 한다고 했는데 그냥 형식상으로 하는 말일까요...?', '', '구냥 연락이 기다려지내요 알고 보니 좋은 사람이었어서...']"
ISTP,"['ISFJ 대화만으로 좀 인싸 느낌? 유머러스한 편인데요.', '', '제가 반듯반듯하고 차분한 이미지 같아서', '본인도 차분하게 카톡했다길래', '제가 장난도 많이 차고 편하게 대해서 엄청 친해졌거든요.', '', '근데 지금도 제가 카톡으로', '장난치고 플러팅 해도 여전히', 'ㅎㅎ 그랬나봐요~^^ 맛있게 드셨나요', '이런식으로 예의갖춰서 아....노잼이에요 ㅠ', '', '분명히 센스가 있는 사람인데', '티키타카가 안되는 느낌..', '아직 낯가리는 걸까요?', '']"
ENFP,"['이제까진 이상형 아닌 사람을 더많이 만났다고 하긴했는데', '', '이상형이 저랑반대더라구요... 큰키랑 동갑&연하(전연상)', '이상형이 아닌 사람한테 호감생길수있을까요', '', '찾아보니 ESFJ들은 인간적호감있는사람이 먼저 호감표현하면 긍정적으로 보는편이라고해서... 표현해볼까하는디..ㅠㅠ', '', '괜히인간적호감까지 잃을까걱정입니닿ㅎ', '', '추가질문', 'SFJ 남자분들은 롤중에 전화받기가능인가요(1시간정도)', '유튭에서 호감없으면힘들다고 봐섷ㅎㅎ', '저만의 의미부여인지..ㅠ']"
ENFP,['펑']
ISFP,"['어린이집가면 시끄러워서 싫다그러고', '집에서도 잘놀아요. 친구한테 그닥 애착이 안보임.. (I)', '', '현실을 기반으로 한 상상은 해도 터무니없는 상상은 안해요. 자기가 경험한 것 내에서 논리적으로 설명하는 편(S)', '', '나 : 카페와서 커피마시니까 너무 좋다~', '아들 : 나두~', '나 : 왜? 넌 왜좋아?? ㅋㅋㅋㅋ', '아들 : 엄마가 좋으면 내 마음도 좋아~ (찐 F)', '', '생각하고 움직이려 하고 내일은 뭐할건지 날씨가 어떤지 이번주 주말에는 누가오는지 미세먼지가 어떤지 궁금해함 (J)', '', '', '제 주변 잇프제는 말없고 재미없는 사람들만 봐서 그닥 매력있는 느낌은 아니었는데.. 자녀로 잇프제를 만나니 너무너무 사랑스럽네요ㅋㅋㅋㅋㅋㅋ', '최근에 유튜브 숏츠로 mbti 어릴적 모습을 재미있게 표현한 영상을 봤는데 ISFJ는 애늙은이라고.. 그때 극공감하며 빵터지고 아이의 mbti를 확신하게 됐네요.', '진짜 아이가 F여서 T남편보다 데이트할때 재밌고 행복해요 ㅋㅋㅋㅋㅋ']"
ISFJ,"[""그 이유는 잇프제 시점에서 볼때 '일 못하는 사람'이 일'만' 못하는게 아니기 때문이다."", '', '보통 일을 못할 수록 일 혹은 능력을 키울 생각을 해야하는데', '남 정치질하며 위신 높일 생각하고 남한테는 엄격하고 자기 한테는 관대한 사람이 많기 때문이다.', '', '그리고 일 못하는 사람 중에 간혹 주변 정리가 안되있고 기본적인 것들(메모, 시간 약속 엄수 등)을 어기는 사람도 더러 있는데 그런 모습이 대부분 잇프제에게 좋게 비춰지진 않기 때문이다.', '', '이 내용을 종합해보면 잇프제는 일 못하는것도 못하는거지만', '궁극적으로 자기 관리에 소홀한 모습을 싫어하는 경향이 있다고 볼 수 있다.', '']"
INFP,"['현재 저도 만나고 있지만', '연인 엣프제는 어떠셨는지 궁금하네요!']"
ISFJ,"['회사 집만 반복 중입니다.', '술 담배 안 하고 퇴근하면 집에서 안 나갑니다.', '술을 안 먹다 보니 자리에 앉아있어도', '그다지 재미도 없고 지루하고', '주말도 안 나가고요', '주말에 약속취소되면 기분 좋고… ㅎ', '집에서도 즐길게 넘쳐나서 나갈 이유가 없습니다', '(차도 22년도 8월 샀는데 1800km 탔네요)', '이런 성격 때문에 인맥관계도 좁고', '주목받는 거 싫어하고 폐 끼치는 거 싫어하고 적 만드는 거 싫어하고… 남한테 싫은 소리 못하고', '사람 만나고 오면 기 빨리고...', '시끄러운 곳, 사람 많은 곳 피하고', '노래방, 클럽 등등 가 본 적 한 번도 없구요', '반면 일정 관리나 생일 챙기는 거 잘합니다', '내가 떠드는 것보단 남의 말 듣는 거 좋아하고..', '나이도 점점 먹어가서 연애도 해야 하는데', '막 여기저기 돌아다니는 사람보다는', '집을 좋아하고 사랑하고 같이 있어줄 수 있는 여자였음', '좋겠는데 주변에선 찾을 수 없고 동호회 또 싫고…', '저 같은 집돌이분들 계시나요?']"
ISFJ,['아무거나 다 🙆🏻\u200d♀️']
ISFJ,"['1) 아싸중에 인싸, 인싸중에 아싸', '', '', '-> I형 100%라서 그런지 아싸들끼리 있다고 본인이 딱히 인싸라고 느껴본적이 없고', '', '혼자 있는걸 굉장히 선호하며 I형들과 비교했을때 딱히 외향적이라고 생각해본적도 없음', '', '', '2) 잔소리가 심한 편이다.', '', '-> 그런거 하나하나 일일히 신경 쓰면 본인도 피곤해서 그냥 나와는 다른 사람이라 생각하고 마는 편이다.', '', '그게 본인에게도 편하고 그 사람에게도 편하다.', ""본인이 생각하는 '옳은 행동과 말'도 상대방이 생각할때 꼭 맞는것도 아니다."", '', '그리고 그런거 남발하면 자기도 모르게 꼰대취급 받기도 쉽다.', '', '', '3) 연애하면 결혼까지 생각한다.', '', ""-> 잇프제 설명중 '연애 허용의 벽이 높다.'는 말이 있는데 사실 거기까진 맞다."", '(사실 부끄러워서 자기도 모르게 튕기는....😳)', '', ""만약 여친 사귄다고 하면 '결혼을 위한 연애'만을 고려하진 않을거다."", '', '', '4) 저축을 잘하고 용돈을 아껴쓰는 편이다.', '', '-> 절약하려고 늘상 마음 먹지만 갠적으로 잘 안된다.', '', '물론 한 달 지출을 정해두고 소비하는건 맞다.', '하지만 오늘 어떤거에 얼마 쓰고 얼마 저축했는지 용돈 기입장에 일일히 적어두진 않는다.', '', 'J도 귀찮은건 귀찮다.😵\u200d💫', 'J형이 일기, 용돈 기입장, 스터디 플래너, 메모, 서류 정리에 강한 면을 보이는데 본인은 용돈 기입장에 기록하는것과 절약하는것에는 유독 인색하다.', '', '너무 멋진 옷들이 많고 맛있는 음식이 많다... ㅜ', '', '', '5) 드라이한 유머', '', '-> 그런 유머 어설프게 할 바에 안하는게 낫다고 생각하는 편이다.', '', '하지만 사소하게 웃긴거에도 잘 반응하는 편이라 드라이한 유머에도 잘 웃는 편이다.', '(웃참 잘 못해용...)', '', '', '', '', '']"
ISFJ,['궁금하신거 다 물어보세요!']
ISFJ,"['별거 아니라고 생각할 수 있지만 제가 먹고 싶어하는 게 있으면 밤이고 낮이고 바로 나가서 사다주네요 😃', '임신했을 때도 자주 부탁하진 않았지만 새벽에 갑자기 먹고 싶은 게 생기면 사다주고..', '저라면 귀찮았을 거 같은데 참 고맙네요 항상 😘', '스윗한 esfj...']"
ESTP,"['이성에게 확신 있거나 확신은 없는데 호감은 있는 경우', '이 두가지 인 듯 (호감 없는 사람은 관심 없는 듯)', '', '확신 있으면 플러팅, 표현 장난 아님, 잇프제가 맞나 싶을 정도로', '확신 없으면 연락이 석달이고 넉달이고 굉장히 길어질 가능성 있음.', '', '여기서 어떤걸 알게 되었냐면', '잇프제가 확신을 갖는 경우는 드물다는 것.', '그리고 확신이 없는 상태에서 호감을 주고 확신이 들게끔 한다는건 정말 힘든 일이라는 것..', '', '다양한 관계 속에서 잇프제를 마주하면서', '처음엔 정말 속을 알 수 없는 사람이라 생각했는데', '또 서로에 대한 확신을 가지고 있는 잇프제를 만나다보니', '한없이 다정하고 표현도 잘하고 좋은 사람이라는 걸 알게 되었음', '', '결론 = 잇프제 사랑합니다']"
INFP,"['esfj와 연애중인 infp입니다!', '편의상 음슴체 양해해주세요', '', '', '장점 :', '', '-', '세심한 배려', '', '-', '며칠 후 일정이나 계획도 미리미리 말해줌', '-', '기념일에 의미를 크게 두고 물질적인면+노력으로 감동 줌', '-', '자기생활에 대해 투명하게 내보임', '- 계산적인 면이 있고 돈 쓰는거 아까워하는데', '연인한테는 그런게 전혀 없음', '- 여자친구 살뜰히 잘챙겨줌 (먹을것, 필요한건 없는지 체크)', '- 나이가 있는 esfj라 여사친이 없음', '(esfj의 최대 단점으로 꼽히고 있는 여사친 문제x)', '', '', '단점 :', '- 주변인들한테 관심 많고 오지랖 넓음', '(인프피 입장에서 굳이? 하는 경우가 많음)', '- 가깝다고 생각하는 주변인들 사생활까지 개입해서(가정사)', '이래라 저래라 참견이 많음', '- 책임감이 뛰어나서 회사일 몰입도가 상당함..', '(여자친구 입장에서 서운할 일이 생김)', '- 적이 되지 않는 이상 누구에게나 말 잘하고 배려심 뛰어남', '(사심이 없다고 해도 오해할만한 일이 생길 수 있음)', '- 불만이 한번 터지면 사람을 쥐잡듯 잡음 .. 뒤끝까지 갖춤', '', '', '이 외에 엣프제랑 만나신 분들 장/단점 알려주세요!', '같이 공유해보아요 ㅎㅎ', '', '']"
ISTP,['-']
ISFJ,"['엣프제 대부분이 착하면서 남 잘 챙기고 일 잘하는데', '가끔 보면 20% 정도의 예외도 있는것 같아요.', '', '', '불건강 엣프제들은', '뒷담화, 정치질 심하고 니 편, 내 편 가르는게 심하더라고요!', '', '잇프제 불건강과는 확실히 차이가 있는게 잇프제 불건강은 대체적으로 자아가 부족하고 고지식하며 겉과 속 다르고 회피성향 심한 사람이 많았어요.', '', '근데 저도 약간 그렇긴 해요 ㅠㅠ']"
ISFJ,"['https://www.instagram.com/p/CrleoHrhBQK/?igshid=YmMyMTA2M2Y=', '', '']"
ISTJ,"['공능제 ISTJ 입니다', '', '잇프제남친이랑 연애중인데', '', '잇프제님들은 안정감을 중요시하고', '다툼도 싫어하고', '사소한 의견마찰도 싫어하는거같은데', '연인이 어떻게 해주는걸 좋아하나요?', '', '애정표현말고는 다 싫은건가요?', '도와주세요..']"
ISFJ,"['https://www.instagram.com/p/CrkQ9Nyh1Hw/?igshid=YmMyMTA2M2Y=', '']"
ISFJ,"['https://www.instagram.com/p/Criv-apBnDI/?igshid=YmMyMTA2M2Y=', '']"
ENTP,"['ㅋㅋㅋ어제 술김에 진심 반 장난 반으루 나중에 결혼하자구 했더니 ㅋㅋㅋㅋㅋ그게 좋았던건지 오늘 톡하는데 말투 엄청 유해졌네용...', '이런 말투 쓰는거 첨봐여 ㅋㅋㅋㅋㅋㅋ', '', '잇프제 밀면 밀리고 당기면 당겨지는거같애요 ㅋㅋㅋㅋ', '진심 좋아서 뚝딱거렷더니 멀어지는거같구 결혼하자구 하니까 확다정해짐 ㅋㅋㅋㅋ졸귀']"
ISFJ,"['저는 잘 삐지고 속마음 잘 얘기 안하는 면은 있어도', '남한테 싫은 소리는 안하는 편인데 잇프제들마다 다 다른것 같더라고요.', '', '남 앞에서 생색 내는걸 싫어하는 편이라 속에 있는 말 내뱉지 않는편이고요.', '', '', '']"
ISFJ,"['지금 제가 너무 힘든상황이어서', '조언을 구하고 싶어 글남겨요..', '우선 저는 ISFJ 여자에요..', '몇달전에 ENFJ썸남을 알게되어서 같이 친하게 지내다가 둘 다 좋은 감정이 생겨 썸을 타게 되었어요..', '계속 썸을 이어오다가 썸남의 고백으로 거의 사귀기직전까지 갔었는데..', '제가 연락문제로 몇번 서운함을 얘기하니 몇일전부터 제 연락을 피하더라구요...', '그러다 어제는 연락이 닿았는데 연락없던이유가 너무 화가나서 좀 생각좀 해보고 싶어서 라고 하더라구요...', '솔직히 제가 더 좋아하는 마음은 컸어서 이대로 끝나면너무 힘들거같아 챙피하지만 울면서 사과를 했어요..', '근데 돌아온 답은..', '화 풀리면 연락줄께 근데 그게 언제라고는 말못해 잘지내고있어...나중에 연락할께...이말이더라구요...', '이말은 결국 저랑 쫑낼테니 연락하지말라는걸까요?', '나중에 연락할께라는말로 1프로의 기적을 바라고 있는 저는 정말 바보일까요..', '잊을려고하는데도 마음속에 너무 컸는지 힘이드네요..']"
ESFJ,"['I와 E만 다를 뿐 나머지는 같은 우리 두사람..', '하지만 그 한가지가 다른 이유로 이해하는데 오랜 시간이 필요한 우리 두사람..', '사랑하는 감정만 있다면 같이 살수 있다는 우리 두사람..', '하지만 그 사랑하는 감정이 어느순간 미움이 되고 불편함이 되어가는 우리 두사람..', '각자 다른 생각을 하면서 서로를 눈치 못채게 하는 우리 두사람..', '이러면서 겉으로 보기에 문제 없어 보이는 우리 두사람..', '40대 후반 그 문제는 수면위로 떠오르고, 아직도 진행형인 우리..', '그러나 새롭게 시작하는 것에 소극적인 우리..', '50대 고개를 넘어가면서 아내를 사랑하는 마음이 생겨난것은', '떠났다고 하지만 떠나지 않은 그 아내의 마음에 내가 다시 멋진 남편으로 조금이나마 갈수 있다면', '좋겠다는 작은(1%) 희망을 버리지 않아서, 버릴수 없어서, 더 잘할수 있을거 같아서..', '소중한 사람을 잃지 않고 싶어서..', '목숨을 걸고 헌신해보니 여러감정이 밀려오면서 사랑하는 맘, 측은한 맘, 가엽은 맘 등이 뒤섞이기 시작한다.', 'E인 남편은 I인 아내를 죽을 때까지 신의를 지키며, 사랑하겠는가? 결혼 서약을 반드시 기억하며 살아야 하는데..', '남편은 기억을 잊고 살고, 그런 남편을 헌신하며 살던 아내는 나를 찾아 떠나고 싶어 한다.', '늦게 나마 남편이 아내에게 헌신하고 존중하며, 믿어주고, 어떤 행동을 해도 오해하지 않으며 살아간다면..', '두 사람은 이 고비를 넘어갈수 있으리라~~~', '보고 있어도 보고싶은 아내를 생각하며 몇 자 적어봅니다.', '', '', '']"
ISFJ,['-> 있는대로 고른다면...?!']
ESFJ,"['아내를 이해하는데 31년이 걸렸어요..', '작년 첨으로 검사해보니 ENFJ나오더군요..', '하지만 지금은 ESFJ 로 N이 S로 바뀌었답니다~', '그래서 제가 더 많이 기다려주고 묵묵히 믿어줘야 하는데 잘 못 했어요..', '그러다 요즘 아내를 만나고 31년 만에 사랑하는 감정이 생기고 있답니다^^', '신기하죠~', '', '']"
ISTJ,"['같은 여자지만 궁금해서요!', '심적으로 힘든 일이 있을 때(ex. 가족이 많이 아플 때) 상대방이 어떻게 해 주셨으면 좋겠나요?', '현실적으로는 해결해 줄 수 있는 게 없겠지만..', '뭐 위로라면 어떤 식의 위로를 원하시는지! 아니면 다른 방식으로 원하시는 게 있는지 궁금해요!', '', '']"
INTP,"['인팁 여자인데요', '', '전남친 ESFJ였는데 사람이 타고난 에너지 자체가 포근하고 따뜻하고 긍정적이라 너무 좋았거든요', '헤어지고 나서 주변 둘러보니까 새삼 그런 남자가 엄청 귀한 거였구나 싶어요', 'ㅠㅠㅠㅠㅠ', '', '놀러가거나 할 때 어떻게든 되겠지 라는 마인드의 저를 다정한 아빠처럼 준비물 꼼꼼히 잘 챙겨주고', '', '항시 언제 어디서나 나를 공주님 된 것 마냥 느끼게 해주는 애정표현+예쁜 말이 장전되어 있음', '', '힘든 일 있을 때 하소연하면 자기 일처럼 🥺 이런 표정 돼서 그 표정 보는 것만으로도 위로되는 것 같던 최상위 공감능력... 리트리버 댕댕이...', '', '본인 스스로는 감정기복 있고 예민한게 단점이라고 하지만, 너무나 고요한 호수인 제겐 그마저도 너무 귀엽고 반가운 물수제비 돌 같았던 삐짐, 사소한 서운함들ㅋㅋ', '', '단 한번도 짧은 생각으로 기분 나쁘게 한 적 없던 기본값 높은 배려 수준', '', '이 사람 만날 때 저를 오래 알던 제 친구가 하는 말 ""그 사람 만날 때 넌 \'오롯이\' 사랑받은 사람 느낌이었어""', '', '전남친 만나기 전엔 생각의 꼬리에 꼬리를 물다가 우울의 늪에 빠지는 날도 가끔 있었고 인간관계에 서툰 아싸라 거절에 대한 두려움도 엄청 컸었는데, 가르쳐주려고 하지 않아도 저절로 전해지는 특유의 세상에 대한 긍정적 마인드+사람에 대한 호의가 저한테도 스며들어서 이제 아예 우울한 날 따위 없고 사람 대하는 것도 두려워하지 않게 됨', '', '이 모든걸 저버리는 치명적인 단점 하나때문에 헤어졌지만...', '충실하게 사랑을 주고 받을 줄 아는 사람이었고 좋았던 점들은 너무 좋았어서', '계속 생각나서 찾게되는 것 같아요ㅎㅎ', '', 'ㅜㅜㅠㅠㅠㅠㅜㅜㅠESFJ 남자 찾는 글로 위장한 전남친에 대한 그리움 글이 되어버렸네요 슬푸당']"
ISTP,"['차분하고 진중하고 배려있는데..', '제가 농담을 걸어도', '하하..^^;; 이런 느낌으로 웃고 말아요..', '', 'ISFJ는 진지하게', '연애, 결혼에 대한 질문만 하고', '가벼운 소재의 얘기는 안 해요..', '', '제가 중간 중간에 장난을 걸어도', '어색한 미소 뒤에 정적-', '', '제가 맘에 안드는 걸까요??', '말도 없으면서 계속 같이 있자고는 하는데', '', '', '']"
ISFJ,"['전 잇티제보단 인프제에 더 비슷한 느낌이 드는 잇프제인데', '잇프제 분들은 타 mbti중 어느 mbti가 상대적으로 많이 나오시나요?', '', '전 가끔 인프제처럼 예술적인 활동에 즐거움 느끼고 혼자 사색에 잠기는 경우도 있어요!', '']"
INFP,"['멘탈도 세고 강해보이는데', '연인한테 엄청 의지하는 것 같아요.', '그렇게 피곤해도 전화해서 있었던 일 전부 브리핑 하고', '책임감 없고 불성실한 직원들 때문에 열 받은거 토로하고', '그 자체로 힘을 얻는 것 같아서', '같이 뭐라고 해주고 리액션으로 부둥부둥 해주고 있는데', '엣프제한테 큰 힘이 될까요?']"
INFP,['ㅍ할게요 이야기 들어주셔서 정말 감사합니다ㅠㅠ']
INFP,"['제가 밖을 잘안나가는 편이라 저번에는 저보고', '""보통 많이 답답해하던데 집을 참 좋아하는 것 같아""', '라고 하더라구요 ㅎㅎ', '', '일 때문에 오래 못볼 경우에는', '연인이 틈틈이 나가서', '사람들과 어울리고 하는게 좋으신가요?', '아니면 집에 쭉~~있는게 좋으신가요?', '걱정과 질투, 통제가 살짝 있어서', '걱정 안끼치는게 제일 좋다 싶은데', '사람들과의 교류가 활발한 엣프제가 보기에', '한편으로는 답답해하지 않을까 싶거든요', '', '중간이 제일 좋지만', '어떤 스타일을 좋아하시는지 궁금하네요', '', '', '']"
ENFJ,['소개팅으로 만나서 연락한지 10일 지난주 상대방 금요일 술약속 토요일 술약속 일요일 술약속으로 인해서 연락 거의 두절 그냥 그러려니했고 관심이 아직 없는거일수 있다고 생각했고 월요일날 좋은사람인거 알겠는데 나한테 관심이 없으면 시작도 어려울거 같다라고 이야기를 했고 아니다 계속 연락하자는 이야기에 알겠다고 하고 계속 이야기를 하였는데 어제 오후에 카톡을 보냈는데 바로 읽고 답장을 안하더라구요 그리고 나서 오늘까지 연락이 없는데 썸붕인거 같네요! 더 좋은 사람 나타나주길']
ISTP,"['원래 누구랑 헤어지면 이틀만 맘고생하면 회복되고 후폭풍 별로 없는데 이상하게 요즘 갑자기 2년 전에 헤어진 엣프제남이 자꾸 생각나네요 이런적 한번도 없었는데ㅠㅠ엣프제한테 이별통보 하고 당일에도 멀쩡히 잘만 지냈는데 거의 2년이 다되가는 요즘 갑자기 이 사람 막 생각나서 예전에 같이 찍었던 사진들 찾아보고 예전에 주고받았던 카톡 읽어보고 카톡 읽으면서 제가 참 이사람한테 상처 많이 줬구나 반성하게 됐어요 그렇게 상처 주는데도 그사람은 한없이 받아줬고 마지막 이별통보도 제가 했고 이별 후 엣프제가 2주 뒤에 장문으로 보고싶다 사랑한다는 카톡을 보냈을때도 제가 너무 매몰차게 마음정리 끝났는데 더이상 카톡 안 보냈으면 좋겠다고 했더라고요 지금 생각해보면 엣프제가 얼마나 상처 받고 힘들어했을지 상상도 안가고 너무 마음 아파요...이거 보면서 누군가랑 연애하게 되면 절대 상처주지 말고 잘 해줘야겠다 마음 먹게 되고 반성중입니다🥲아무튼 오래전 일이지만 엣프제한테 상처줘서 진심으로 미안하다고 사과 카톡 보내고 싶은데 안 보내는게 나을까요? 괜히 잘 지내고 있는 사람 불편하게 만드는건 아닐지 걱정되네요 이제 사는 나라가 달라서 이 엣프제랑 다시 만날수도 없고 어떻게 다시 만나보려고 이러는건 절대 아니고 그냥 순수하게 미안하다고 전하고 싶은데 어떨까요', '엣프제님들 조언 좀 해주세요!', '']"
INFP,"['곧 기념일이거든요', '사고싶은거 사라고 보내주셨어요 ㅠ,ㅠ', '요즘 일 때문에 오래 못보고 있는데', '항상 제 생각뿐이라며... 심장 뿌시네요😭']"
ESFJ,[]
ISFJ,"['1) 잇프제는 밀당이 심하다.', '', '-> 잇프제가 밀당이 심한게 아니라 잇프제 특유의 성격(?)때문에 밀당하는것 처럼 보이는것이다.', '', '앞에서 상대방에 대해 신중하고 깊이 있게 보는게 잇프제기 때문에 당연히 초반에 마음을 쉽게 안주게 되고 그 모습을 본 상대방 입장에서 밀당처럼 느껴지는거다.', '', '', '2) 잘 삐진다.', '', '-> 본인은 잘 삐지는 편이긴 한데 잇프제가 잘 삐진다고 생각하진 않는다.', '', '이성 혹은 친구 잇프제가 삐졌다면', '그 전에 얘기를 했고 눈치를 조금씩 줬는데 무리한 요구가 아님에도 잘 안들어준다거나 했을 가능성이 있다 본다.', '', '그게 쌓이면 멀어지는게 잇프제다.', '만약 주변에 잇프제가 있다면 있을때 잘해주는게 관계 유지에 도움이 되는것 같다.', '', '', '3) 잇프제는 고집이 없고 자기 줏대가 없다.', '', '-> 자기 의견을 대체적으로 잘 안내세우나 그렇다고 내면 속에 고집이 없는건 아니다.', '', '앞에서 티내진 않지만 은근 꼰대 기질(?)심하고 융통성 없는게 잇프제다.', '', '이는 잇프제 뿐 아니라 엣프제도 마찬가진데 잇프제는 자기내면에 자아를 집중하는 I 유형이라 속고집이 더 심하다.']"
ISFJ,"['저희 남편은 불합리하거나 따져야 하는 상황이 있으면 조금도 못참고 따지더라구요', '물론 따져야 할 상황에서만 따지긴 하는데 isfj인 저는 갈등이 싫어서 그냥 어느정도 참을 수 있으면 내가 참자~ 더러워서 피한다 마인드예요', '근데 남편은 조금도 못참고 화를 내니까 옆에서 보면 조마조마하구 막 무섭고 그래요 🥲', '나이 많고 사회화도 많이 돼서 기본 esfj 특징과 약간 다르긴 해요', '다른 esfj분들은 어떠신가요?']"
ISFJ,"['잇프제들 대부분이 잇티제에 가깝고 n < s인데', '전 n =< s 에요.', '', '그래서 잇프제에 걸맞는 6w5라는 에니어그램을 가지고 있으면서도 가끔 검사하면 인프제도 나오는...', '', '엄마가 인프제여서 어느정도 환경의 영향(?)을 받았을까요?', '🤣', '']"
ESFJ,[]
ISFJ,"['1) 잇프제는 밀당이 심하다.', '', '-> 잇프제가 밀당이 심한게 아니라 잇프제 특유의 성격(?)때문에 밀당하는것 처럼 보이는것이다.', '', '앞에서 상대방에 대해 신중하고 깊이 있게 보는게 잇프제기 때문에 당연히 초반에 마음을 쉽게 안주게 되고 그 모습을 본 상대방 입장에서 밀당처럼 느껴지는거다.', '', '', '2) 잘 삐진다.', '', '-> 본인은 잘 삐지는 편이긴 한데 잇프제가 잘 삐진다고 생각하진 않는다.', '', '이성 혹은 친구 잇프제가 삐졌다면', '그 전에 얘기를 했고 눈치를 조금씩 줬는데 무리한 요구가 아님에도 잘 안들어준다거나 했을 가능성이 있다 본다.', '', '그게 쌓이면 멀어지는게 잇프제다.', '만약 주변에 잇프제가 있다면 있을때 잘해주는게 관계 유지에 도움이 되는것 같다.', '', '', '3) 잇프제는 고집이 없고 자기 줏대가 없다.', '', '-> 자기 의견을 대체적으로 잘 안내세우나 그렇다고 내면 속에 고집이 없는건 아니다.', '', '앞에서 티내진 않지만 은근 꼰대 기질(?)심하고 융통성 없는게 잇프제다.', '', '이는 잇프제 뿐 아니라 엣프제도 마찬가진데 잇프제는 자기내면에 자아를 집중하는 I 유형이라 속고집이 더 심하다.']"
ISFJ,"['저희 남편은 불합리하거나 따져야 하는 상황이 있으면 조금도 못참고 따지더라구요', '물론 따져야 할 상황에서만 따지긴 하는데 isfj인 저는 갈등이 싫어서 그냥 어느정도 참을 수 있으면 내가 참자~ 더러워서 피한다 마인드예요', '근데 남편은 조금도 못참고 화를 내니까 옆에서 보면 조마조마하구 막 무섭고 그래요 🥲', '나이 많고 사회화도 많이 돼서 기본 esfj 특징과 약간 다르긴 해요', '다른 esfj분들은 어떠신가요?']"
ISFJ,"['잇프제들 대부분이 잇티제에 가깝고 n < s인데', '전 n =< s 에요.', '', '그래서 잇프제에 걸맞는 6w5라는 에니어그램을 가지고 있으면서도 가끔 검사하면 인프제도 나오는...', '', '엄마가 인프제여서 어느정도 환경의 영향(?)을 받았을까요?', '🤣', '']"
