,mbti,comments
0,ENTJ,눈빛과 기류를 보면 알지 않나용 일단 진심으로 이뻐하는 게 여기까지 느껴지네요
1,ENFJ,저도 눈빛과 기류를 보고 알수있다고 생각해요
2,ENFP,걱정하지마세요 엔프제라고 해서 다 조리있게 말하지는 않더라구요 대신 공통점이 칭찬은 잘하더라구요
3,ENFP, 네 말도 많구 말에 칭찬이 많이 차지하더라구요
4,ISTP,밀당아닌가요
5,ISTP,저분들 심리를 공부를 좀 해보니밀당은 또 아닌거같더라구요저희랑 생각자체가 너무 달랐어요멀어지려고하면 쓱 다가오고 그래서 다가가면 또 멀어지고 뭔가싶네요
6,ISTP,애정결핍 같기도
7,ISFP,제 글 한번반 보고 와주시면 감사하겠습니다
8,ISTP,스며들기하는법좀 알려즈세요
9,INTJ,와 멋있어요 직접 그리신건가요 감탄하고갑니다
10,ENTP,멋져요
11,ENTP,대박
12,INTJ,오 맞아요 인프제가 친절하기만 하면 별로 안친한거고 저런 장난 치면 친해진 거예요
13,INTJ,간택을 축하합니다
14,INFJ,그 인프제 외모가 맘에 드신거에요
15,INFP,솔직히 외모가 마음에 들었느냐고 하면 잘 모르겠어요 그냥 같이 있는 동안 웃기고 재미있어서 좋아지게 됐어요 처음 보는데 엄청 편했고 어색하지도 않고 말도 나름 잘 통하는 것 같았구여 그래서 아 나 이 사람이랑 좀 더 좋은 관계로 발전하고 싶다 생각 했어용
16,INFJ,그렇다면 애매하네요 지금은 그와 같은 모습이 안보이는데 계속 하시고 싶으신거죠 글쓰신거만 볼때는 인프제는 마음이 없는거 같아요 좋아하면 저렇게까지 단답하지는 않아요
17,INFP,그렇군여 괜히 더 끌다가 서로 힘들바에는 그냥 솔직한 맘을 듣고 이 관계에 대해서 확실히 하고 싶네요 
18,INFJ,얘기 안해줄거 같아요 전 아예 밀어 보셨으면 하는데요 당겨지기만 하신거 같아서 톡도 단답 하시고 연락 먼저 하시지 마시고요 마음이 조금이라도 있다면 이러면 오히려 관심생겨서 어떻게 해서든 연락이 올거 같아요 제 말만 정답이 아니니까 다른분 의견도 듣고 해보시면 좋을거 같아요 잘못되면 아예 영영 연락이 끊기는거니까요 미실때 약속도 미루거나 취소 하셨으면 좋겠어요 지금은 만나는게 더 독일거 같아요
19,INFP,넹 안 그래도 계속 연락만 기다리는게 힘들기도 해서 조금 밀어보려고요 조언 감사해요 
20,ENTP,소외되는 사람 없이 다함께 어울리는 걸 좋아하는 유형이긴 하죠 소외되는 게 아니라 자발적인 사람도 있다는 사실을 이해할 필요가 있을 것 같아요
21,ENFJ,네 자동으로 눈에 밟히고 관찰하게 돼요 아무도 말 안거는고 같음 제가 먼저 걸어요
22,ISTJ, 넘 따숩다
23,ENFJ,저도 조용하게 지넀으면서 혼자있거나 겉도는 친구있으면 제가 말걸고 같이 다니고 그랬어요 mbti가 유명하지 않을 적엔 그냥 내가 좀 이타적이구나 생각했었었는데 
24,ENFJ,네
25,ISFJ,따뜻한 엔푸제 전 생각만 하고 소심해서 시도조차 못하는뎈 역시 엔프제 제 워너비에오
26,ISTP,
27,INFJ,저 말은 부정의 뜻이 맞는데 아주 철벽도 아닌거같아서 이대로 지내시되 너무 호감티는 내지마시구요 인프제남도 추측이지 확실히 아는건 아니니 호감표시 안하심 내가 착각했나 할거거든요 그러다보면 잘될수도 있는거니깐요 장기전으로 가셔야할듯요
28,INFJ,아직 완전 접을 필요는 없다고 생각해요 저도 가능성 아예 없는거 아니라고 생각합니당
29,INFJ,얘기 들은거 티나게 어색해지시는거 피하면 좋을거 같아요
30,INFJ,좋아하는 사람 내치지 않아요 인프제는 고마운거잖아요 날 좋아해준다는건 부담 안주시면 될듯하고 먼저 다가올때까지 기다리시고 많은 대화를 해보시면 될듯해요 
31,ENFJ,웰시님께서 쓰신 글 보면 엔프제 유형을 잘 대변해주시죠 아직도 현역으로 카페에서 활동합니다
32,ENFJ,네 알고 있습니다 어떻게 이렇게 논리적이고 엔프제의 마음이나 심리를 잘파악하고 표현할까 싶어요 
33,ISTP,정말 글을 잘쓰셨네요
34,ENTP,긍정적인 미래를 그려주시고 잘 극복할 수 있는 사람이라고 용기를 주시면 어떨까요
35,ISTJ,오 되려 용기를 주는 위로법두 있군요 뭔가 지금 너무 힘들어보여서 더 잘할 수 있다구 말하는게 어렵더라구요
36,ENTP,N은 특히 NJ는 현재보다는 현재로부터 파생될 미래를 그려보는 경향이 있습니다 현재에 집중하는 SJ와는 확연히 다른 느낌이예요 고로 긍정적인 미래 비전이 중요하고 또 필요합니다
37,ISTJ,완전 다르네요 사고가 저는 지금 당장이 중요하거든요 감사합니다 
38,ENTP,아 그리고 내적 가치를 인정받는 것도 좋아해요 잘 극복할 수 있는 사람이라는 설명을 깜빡 했네요
39,ISTJ,잘 극복할 수 있다구 응원해주기 기억할게여
40,ENTP,잘 극복할 수 있다 라기보다 잘 극복할 수 있는 내적인 힘을 가진 사람이다 가 포인트입니다
41,ISTJ,앗넵
42,ENTP,지금 많이 힘들어보이는데 당신이 괜찮다고 하니까 믿고 곁에 있어줄게 혹시라도 마음이 바뀌어서 나한테 말하고 싶은게 생기면 그때 꼭 천천히 이야기 해줘 언제나 옆에 내가 있다는거 잊지 않았으면 좋겠어 힘들때 내게 기대 알았지 제가 엔프제 친구나 남편한테 했던 말들이에요
43,ISTJ,오오따뜻한 말이네요 정말 뭔가 주변사람에게 힘들단 말 진짜 안하는 거 같아요 걱정시키는 것도 싫어하는 거 같구 참고하겠습니다 감사해요 
44,ENTP,엔프제들이 되게 긍정적이고 밝은면만 있을것 같은데 그게 아니라 내사람들 고생시키고 싶지 않아서 왠만하면 자기가 안고간다 하는 스타일들이라서 그래요 그래서 어떻게든 혼자 이겨내보려고 하는 편이라 옆에서 보면 많이 안쓰럽고 짠하죠 그럴때 어떻게든 해결해줄려고 하는것보다는 지금 엔프제들이 겪고 있는 마음 상태에 대해서 묵묵히 옆에 있어줄께 라는 차원에서 말씀해주시면 더 감동받고 좋아해요 엔프제들이 원하는건 힘내할수있어라는 말도 좋지만 이런 상태의 자기 자신을 떠나지 않고 이런 모습의 자신까지 받아들여주는 사람들인것 같더라구요 엔프제를 진심으로 믿고 기다려주는 사람들을 좋아해요
45,ISTJ,맞아여 딱 그래여 진짜 안쓰럽고 짠해요 왜그렇게 스스로를 혹사시킬까 생각두 들고 하 넘 짠해서 속상한데 뭐 해줄 수 있는 거두 없구 어찌할까요 안그래도 그냥 옆에만 붙어있으라고 말한적이 있었는데 그게 진짜인가보네요 노드님 댓글을 보니 문득 떠올랐어요 믿고 기다려주기 기억할게요
46,INFJ,앗 오해를 드려 죄송합니다 오피셜은 아니에요 그냥 추측이에요 제목을 수정하였습니다 어디서 밝히시지는않았어요
47,ENFJ,영자 혹은 영숙은 아니시죠
48,INFJ, 아닙니다
49,ENFJ,아니 추측하시길래 기분 나쁘셨다면 죄송합니다
50,ESTP,우왕 맞췄어요 
51,INFJ,앗 오해를 드려 죄송합니다 오피셜은 아니에요 그냥 추측이에요 제목을 수정하였습니다그런데 맞는거 같아요
52,ENTJ,INFJt 라면 16Personalities 무료검사 하신 것 같은데 그건 MBTI 검사가 아니에요 MBTI가 궁금하시면 정식검사를 해보시는 것도 추천드려요 INFJ가 아닐지도
53,INFJ,흔치 않은 경우네욤 본인 이야기가 흔치 않은 일이라 숨기고 싶을 수도 있고 그래서 현실에 숨는 것일 수도 있을 가능성이 있습니다 윗 분 말처럼 인프제가 아닐 수도 있구요
54,INFJ,평생 한번도 안해봤어요 고백공격 1번 빼고 상대방 마음 100 확인되면 형식상 합니다
55,ENFJ,제 친구는 관계에 있어서 상처를 받더니 istj로 바뀌었다고 듣긴했어요 아마 회복중이라서 그런게 아닐까싶긴해요
56,ISTP,오 포기
57,ENFJ,저도 끝이요 
58,INFP,저에게 빠졌다고 생각했는데 통화나 만남은 좀 미루는 것에서 뭔가 자신감이 떨어지네요 거기다 카페와서 infj와 썸타는 글 몇 개 읽어보니 단순 친절 인지 다정한 것인지 구분하는 것을 보니 더 어려워집니다 INFP 특유의 자신감 없음 상황 발생이요 
59,INFP,그럴수도 있겠군요 같이 어디 놀러가자 이런 이야기는 하는데 정확한 시점은 언급이 없긴 합니다 사실 저는 당장 가서 만날 수 있는 상황이에요 그리고 저 학생 아닙니다 직장 생활 10년차 넘었습니다 지금은 여자 분이 12월까지는 많이 바쁘다고 하네요 일단은 지금처럼 스며들어 봐야겠어요 저도 가능성 반반으로 보고 오픈엔딩으로 생각은 하고 있긴 한데 할 수 있는 것은 해보고 싶군요
60,INFP,아하 넵 맞아요 인프피는 그렇습니다 한번에 쑥 빠져들고 못빠져나오져 덕분에 고삐 한번 잡고 다음에는 진지한 대답도 들어봐야겠네요 
61,INFJ,음 뭔가 글쓴이가 좋지만 국제연애니까 나이차이두 10살이상차이가나구 또 미래를 생각하면 복잡해서 저렇게 할 수도 있다고 생각해요
62,ESTJ,그런가요하저는 오히려 의외로 차가운 모습이 많은 사람이라 처음에 야 불럿을때 우웅 야 하길래 맘이 좀 풀렸나 싶었는데 아니였어요
63,INTJ,이경우는 재회 가능성 매우 낮을 거 같아요
64,ENFJ,엔프제이지만 제가 보기에도 가능성이 희박해 보입니다
65,INFJ,전부다 애매하기도 하고확실히 좋아하는 맘을 알수있는건 안느껴지고 약간 알고싶은맘정보전달 같아요
66,INFJ,인프제는 좋아하면 대부분 인생결말까지 생각하고 미래를 그려요 그런의미로 한 얘기같네요
67,INFJ,의미있다고 보여요 탐색같은 느낌이네요
68,ISTJ,짐짜 한번도 못만나봐서 넘 궁금해요 앵뿌제남자 지인으로만 봤는데 지인에게도 너뮤 친절하고 계속 챙겨주더라구요 남자에게도 골든 리트리버 그 잡채
69,ISTP,다정한 남자 말 이쁘게 하는 남자 나 소중히 대하는 남자 진짜 최고 공감합니다 
70,ENTP,맞죠
71,INFJ,그쵸 내가 가진걸 소중히하쟈
72,INFJ,맞아요 그럴 가치가 있을때 소중히하자
73,ENFJ,어떤 유형이던 다정한 사람이 최고인거같습니다
74,ENFJ,의외로 esfp enfj 조합 좋아요 
75,ISTJ,엔프제 최고 불도저 표현을 너무 잘하죠
76,ESFP,진짜 불도저표현 그잡채 입니다 
77,ESFJ,진짜 저랑 동갑이신데 엔프제 남친 만나서 하루하루 행복하네요 항상 다정하구 예쁘게 말해주고 오늘도 퇴근하고 만나는데 빨리 보고싶네요 제 남친도 매일 이런 말들을 너무 아무렇지않게 해용 최공
78,ESFP,저희랑 비슷하네요 진짜 표현잘해주고 진짜 스윗하고 사랑꾼 그잡채 얼마나 되셨어용 저도오늘 퇴근하고 만나는데 그것까지 똑같네용 
79,ESFJ,저 이제46일째에용 아직 얼마 안되었는데도 잘 사귀면 결혼할 수도 있겠다 싶을정도네요 이런 감정까지 느낀 사람은 없었는데 인생에 또 다시 다정한 사람 만나기는 힘들겠다 싶었는데 만난 것 같아 너무 행복해요 
80,ESFP,헐 저도요 너무신기해요 저희는 만난지 3주됐는데 내년 2월에 예비신행이라면서 취소불가한 해외항공권도 끊었어요 둘다 잘 만났으면 좋겠네요오
81,INTJ,엔프제엔프피 나오는 남자친구라 그런지 첫 과정부터 다 공감요 3년차인데 한결같은 편이에요 
82,ESFP,우와 INTJ와ENFJ의 조합이라 뭔가 안맞을 것 같은데 인연이 또 있나봐요 제옆에있는 분도 한결같으면 좋겠네요 
83,INTJ,ENFPENFJ이긴 해요 JP 다른 조합이 더 좋은 거 같아요 
84,ENTJ,저도 엔프제남친 완전 비슷하게 사겼고 결혼준비 중이랍니다이쁜 사랑하세요
85,ISTP,계속 올려주세요
86,INFP,꺄 알겠습니다 먼가 관계에 진전이 있다면 꼬옥 올릴게용 
87,INFP,머를용
88,INFP,다른 말 다 종합해 봤을 땨 제가 느끼기엔 간접 고백 같진 않았어요 토요일에 만나기로 해서 다시 말 해보려고요
89,INFP,넵 감사해요
90,ENFJ,헤헤좋네요
91,INFP,좋아해주시니 다행이네요 앞으로도 자주 올려볼게용
92,INFJ,고백햇을때 저리 나오면 일단 냅두는게 맞는거 같아요 아침에 자잘한 인사는 미안해서인듯
93,INFJ,네 그게 나으실듯 자기가 아쉬우면 다가올거에요
94,ENTP,호감이 110로 가정할수 있을때 사귈 호감까지가 8이라고하면 아직 56정도로 사귈만큼의 호감이나 신뢰감확신은 들지않아서 아닐까요 저라면 저는 잘해준 후 같이 거리둘것 같아요 생각할시간 충분히 주고 내가 이렇게 잘했지만 너가 아직 만나고 싶지 않으면 어쩔수없지 이런마음으로요
95,ENTP,책임감이 있는 편이라 사귀기전에 고민을 많이하는듯해요 지금 긴가 민가 한 상태인것 같은데 안읽씹 할거같아요 나를 좋아하는쥴 알고 고민중이였는데 연락이없네 뭐지 이런 생각들게요 
96,INFJ,상대가 호감표시하면 거부의사일때 확실히 끊어주는게 인프제인데 저분은 거부하면서 연락한다니 연애는 하기싫고 썸은 타고싶은건지좋은느낌은 아니네요
97,INFJ,네 그렇게 말한거보면 확실히 아닌거니 작성자님을 위해 멀리하세요
98,INFJ,그런가요 전 주위사람들이 저한테 호감표시하면 손절당한다는 얘기들을 우스갯소리로 하는데 오해받는게 싫고 특히나 나한테 호감있는 사람이랑은 제대로 된 대화가 되지않을것같고어떤 고민상담이든 나를 좋아하니 본인 유리한 쪽으로 할것같아서 이어나갈 이유가 없는것같은데 이해가 잘 안되네요
99,INFJ,혼자 있고싶으면서 사람을 그리워하는거 맞아요 주위에서 벽이 느껴진다고 하는데 그런얘기 듣고 맘을 터놓고 애정을 나누자는 생각도 많이 들고요 나이 들수록 그냥 가벼운 인간관계는 별로 맺고싶지가 않아요 소수라도 진정 나를 이해해주고 나도 이해할 사람만 옆에 두고싶은 맘이라 희망고문으로 오해받을 사람은 옆에 두고싶지가 않아요 그게 상대를 위한거라고도 생각하고요
100,INFJ,원래 인프제는 안그런데 왜 저런 행동을 하는지 무언가 빠진게 없나 싶기도 하네요 확실히 명확하게 우리 관계 뭐냐 사귀는거니 나 좋아하니 라고 물어본게 맞나요 아니면 흘러가듯 장난하듯 스치듯 얘기한건가요 저도 ESTP여성과 비슷한 경험이 있어서 좀 더 깊게 물어봅니다
101,INFJ,그렇다면 명확하게 마음을 전달하셨네요 스킨쉽이 포옹했거나 키스를했다면 인프제가 아닌 저 사람이 나쁜사람이 맞네요 만약 그게 아닌 손잡기정도 만 했다면 무언가 다른 이유가 있을수 있습니다
102,INTJ,과거 인프제 나왔고 엣팁에게 고백도 받아봤는데 제가 여자 저런 멘트는 확실한 거절로 보시면 되요 이성적으로는요 기본적으로 성별관계없이 다 그정도로 친절해서 종종 고백들 하더라구요 
103,ISTP,신기하다 너무너무 다르당 잇팁 앞에서 욕하면 듣는 사람은 나인데 욕은 좀 그렇지 않아 이미 지나간 일인걸 아직까지 마음에 담아두면 너만 손해야 아무튼 오늘 하루 너무 고생 많았어 기운차려 엔프제의 사랑방법도 교육받고 갑니당 엔프제분 만나면 공범새끼의 어휘를 이용해서 간택당해야 겠군녀
104,ENFJ,힝 좋아 빨리 죽여줘
105,ENFJ,마자요
106,ISTP,인프제는 뭔가 저로서는 속을 모르겠어여 아버지가 인프제라니 너무 부러워여 
107,ISTP,헉 인프제가 괜찮은 사람인지는 어떻게 알수있나옄 그리고 인프제는 화낼때 어떻게 하는지 너무 궁금하네여
108,INFJ,와 친절과 다정 차이 공감되네요 이렇게 알아주는 따님이 있어 아버님이 부럽네요
109,INFP,이거 뭔지 너무 잘알 
110,ENFJ,정성 담은편징 편지
111,ENTP,남자친구의 약점 하나만 적어주신다면
112,INFJ,일의 노예
113,INFJ,상대방을 먼저 챙긴다 꾸준히 먼저 연락한다 상대가 좋아하는 행동을 한다 티안나겠지만 의도적일것임
114,INFJ,저는 요즘사람답지 못하게 대면보다 카톡장문이 가장 편하네요 요건 제가 특이할지도
115,INFJ,주것으요 근데 이제 동물보면 살아나요 진짜 대단한 인간성 가진 사람봐도 존경심이 피어오릅니다
116,INFJ,앗 집순이는 문화활동 하지 않습니다 산책이 다에요
117,INFJ,카톡 유튜브 넷플릭스 엠헬카페 봐요 저는 항상 혼자 다녀요
118,INFJ,앗 아뇨 애인이써요
119,INFJ,한마디로 저와는 다른 매력을 가진사람 입니다
120,INFJ,오 맞아요 저라는 사람을 있는 그대로 받아들여주는사람 체고 사실 서로 비슷한점이 꽤 있는듯해요
121,ESTP,인프제를 악기에 비유한다면 뭐라고 생각하시나요
122,INFJ,피아노 마음먹기에 따라 완전히 다른소리를 낼수있다는 점에서 피아노 같아요 
123,ESTP,오 이해가 가네요 기본적으로 낮은톤부터 높은톤까지 소리낼수있는 범위가 넓으니 과연
124,INFJ,좋아하는 인프제 있으세요 역질문
125,ESTP,있습니다
126,INFJ,그럴것 같았습니다요
127,ESTP,뜨끔 
128,INFJ,언제 고백하시나요 혹은 다가가시나요 다른분들처럼 썰 풀어주시길 은근 기대하는중
129,ESTP,속도를 올리자면 얼마든지 올릴 수 있지만 되도록이면 맞춰가려구요
130,INFJ,좋은소식 기대하겠습니다 기대되는 잠재적 커플들이 너무 많네요
131,ESTP,감사합니다
132,INFJ,아뇨 너무 감사합니다 절하고 싶을듯 마음속으로 했을지도요
133,INFJ,넵 썸에서 발전하시기를 응원합니다
134,INFJ,강아지는 분양 받으신건가요 받기전에 걱정은 안되셨어요 받고나서 지금은 후회하지 않으신가요 제가 요새 강아지랑 같이 캠핑 가는 로망에 잡혀서요 키울자신이 없어서 걱정입니다 강아지에 마음뺏긴적은 3년정도 된것 같아요 아는 지인 강아지 맡아서 3개월정도 챙긴 경험이 있습니다
135,INFJ,강아지는 키운지 이제 5년이 넘어가서 너무 익숙한 존재입니다 키울 자신이 없다면 추천드리진 않습니다 특히 멍멍이 애기때는 졸졸 쫒아다니면서 배변훈련 앉아 기다려훈련 사회화훈련 등등 교육시켜야 할게 많고 이갈이 시기에는 온 집안 물건을 난장판으로 만들어 놓는답니다 저희집도 버린 물건이 한두개가 아니에요 쇼파도 버려졌어요 모든 마음의 준비가 다 되었을때 고려해보심이 좋을듯합니다 좋은 선택하세요
136,INFJ,감사합니다 역시 쉬운게 아니네요 제가 온전히 책일질수 있을때 해야겠습니다
137,ENFP,안녕하세용 INFJ 남과 연애한지 한달 정도 되었는데 밖에서 놀다보면 텐션이 낮아지는게 실시간으로 보이더라구요 계속 끌고다니기에는 뭔가 미안해서 이럴 땐 어떻게 하는게 좋냐고 물어봤는데 그냥 가만히 놔두고 원래대로 해도 된다고는 하는데 밖에서 기빨린 상태에서는 어떻게 해주는게 좋은지 궁금합니다 
138,INFJ,그나마 기를 충전할수 있는 실내로 들어가시거나 사람이 많이 없는곳에서 둘만의 오붓한 시간을 보낸다거나 하면 좋을것 같아요 근데 내향인들은 밖에 나오면 기가 빨리는게 디폴트라서 너무 걱정 안하셔도 돼요 그냥 두셔도 됩니다 본인도 모르게 그런 순간이 찾아오는거라서
139,ENFP, 집에선 제가 텐션이 떨어지고 밖에선 인프제가 텐션 떨어지고 반반씩 집밖에 있어야 겠어요
140,ISFJ,엔티제가 주변에 희귀하고 잘 없어서 모르는데 엔티제의 연애스타일은 어떤가요
141,INFJ,솔직함 돌직구 확실하게 표현 이 삼박자가 잘 어우러진 사람 이라고 봅니다 근데 이제 엄청난 일중독자에요
142,INFJ,글을 적으심에 흡수력이 있으시네요 읽다보면 빠져들어요 술술 읽히고요
143,ISTP,앗 좋게 봐주셔서 감사합니다 
144,INFJ,
145,ISTJ,인프제 나는 함께하지 못한 15년의 시간을 알고 있잖아요 그때 누나는 얼마나 더 예뻤을까 엣팁 아 15년엔 못비비지킹정이누 부럽다 진짜
146,ISTP, 성향차이가 뚜렷하네요 인프제가 계속 저러니 제가 더 소중히 대하려 하다가 가끔 고장납니다 
147,ISTP,와 역대급 
148,ISTP,인프제 참 사랑스럽습니다 
149,ISTP,오 갑자기 제 소개팅남 인프제가 순간 생각난 순간이엿어 갑자기 확 스쳐지나가네요 
150,ISTP,잘 버리셨습니다 단호
151,ISTP, 다른 사랑 찾아 떠나는중입니다 
152,INFJ,달달하네요 제 잇티제남친은 10년전 드라마보고 송혜교 이쁘다는 저에게 10년전엔 자기가 더 이뻤어하더라구요알고지낸지 1년도 안됐는데 10년전의 절 본줄
153,ISTP,앞으로도 뭐든 다 얘기할겁니다 전혀 고민거리도 아닌데 혼자 생각 많이하다 사고칠뻔했네요 저 달달함이 얼마나 갈까요 
154,ISTP,요즘 장꾸미가 스물스물 올라와서 저런 멘트는 별로 없긴 합니다 연애 좋은거네요 진작에 할걸
155,ISTP,인프제에 대한 환상이 
156,INFJ,인프제절미 
157,INFJ,주접에도 길 들여지거나 맞장구 쳐 주는 인프제가 있다면 그럼에도 순수하다면 앙 깨물어줘야 쥬
158,ENFJ,글을 읽었을땐 남성분이 엔프제라고는 느낌이 잘 안드네요
159,INFJ,많이 달라요 엔프피는 덜렁대서 손이 많이 가는 쪽이라면 엔프제는 일부러 손이 가게 만드는 거뭘 함께하고 싶다던지 빼고는 차분하고 생각이 많아서 그런일은 잘 없어요
160,INFP, 제가 지웠어여 부끄러워성 
161,INFP,네엥 알겠습니당
162,INFJ,부끄러우실수도 있죠 뭐 저는 괜찮아요 뭔일있나 했어요 댓글에서 험악한 뭐가 있었나
163,INFP,아녜요 감사합니당
164,INTP,먼가 따수운 인류애 느껴지는 글 이네여
165,INFJ,읽는 내내 함께 행복해지네요 인프제분도 작성자님도 서로를 알아보고 이런 사랑도 주고받는다는게 좋은사람이고 성숙한 사람이기에 가능한거겠죠 주는기쁨 받는기쁨이 같이 어우러지는게 진정한 사랑이라고 봐요 항상 감사하는마음으로 서롤 바라본다면 쭈욱 계속되지않을까싶어요 행복한 사랑 하세요
166,ENTJ,어머 좋은 말씀 감사합니당 인프제분들은 다들 마음씨도 따뜻하고 말 한 마디가 참 마음을 움직이는 것 같아요 항상 서로 감사하는 마음으로 오래도록 같이 했으면 좋겠다고 말해 주고 와야겠어요 인프제님도 항상 행복하세요 
167,ESTP,차단 박아버려요 뭔 좆의 숙주도 아니고
168,ISTP,좋아해주셔서 감사합니다 전화하는 거 그거 별거 아니더라고요 오늘도 행복하게 보내세요
169,ISTP,앗 감사합니다 종종 올려보도록 할게요
170,INFJ,몽글 너무 좋아요 이렇게만 달달해쥬세요 서로를 이해하고 배려하는 모습이 아주
171,ISTP,가끔은 지나친 배려는 독이 될거 같기도 하지만요 참 다른 두 사람이기에 더 많이 노력해야 합니다 
172,ESTP,하 유자맛님 글 계속 보면서 구독까지하구잇는데 정말 너무 달아요 달아
173,ISTP,상대분의 마음을 몰라서 혼자 삽질하는 거 아닌가 싶어 갈팡질팡하며 하나씩 올려봤을 뿐인데 감사합니다 
174,ISTJ,대충 떼쓰는 여우 이모티콘 
175,ISTP,뭔지 아시겠죠 오늘도 인프제분은 떼 쓰는 중 
176,ENFJ,엠티떠나서 걍 회피형 아닐까요
177,ENFJ,한달이나 지났지만 아직 지키지못한약속생각정리하고 연락준다를 지키고 싶지 않아서 언팔한것같은 마음정리는 애초에 끝났을거고 굳이 생각정리한거도 알릴필요없다책임감가질 필요없다에서 나온 언팔인것같아요
178,ENFJ,징짜 회피걸러야해요화나네요 예의없는 이별
179,ENFJ,솔직히 이별만큼 중요한순간에 회피를 하냐 안하냐가 회피형으로 갈리는 중요한 부분인것같아요 회피형들이 제일 힘들어하는게 갈등 이별이니까요
180,ENFJ,만난경로 교제기간 1주간 만나는 횟수 거리 싸움 빈도 한번 적어주세요
181,ENFJ,아 자매님 글을 읽렀을 땐 남성분이 쓰니님을 어려서부터 호감 갖었던 것 같아요 그래서 커서도 연락 했던 것 같고 저희 유형이 잠수이별이나 카톡 통보 이별을 하는 경우가 희박할 정도로 케이스가 적은데 아마 그 남성분이 6개월 미만 목표로 양다리 걸쳤거나 불건강한데 교제중에 숨겼던 사람 같아요
182,ENFJ,휴 그 x 놈을 대신해 제가 사죄를 표합니다 당언컨데 그 xx는 제때 연애 결혼 못 하고 사람으로 평생 고생할겁니다 쓰니님은 빠른 시일 내에 마음의 상처 회복하고 좋은 인연 만나시길 기원하겠습니다 
183,INFJ,저도 글쓴이님이랑 비슷해요 아프다고 하면 어디가 아픈지 병원은 갔는지 필요한 건 있는지 이렇게 다 물어보고 많이 힘들겠다 까지 하는 편이에요 근데 제가 힘들고 피곤한 상태에서 저렇게 너가 F였으면 좋겠다 라는 말 들으면 갑자기 피곤해지고 공감해주기 싫어지기도 해요 
184,INFJ,저도 그렇게 무지성 공감아니네요
185,ENFJ,포기하셔야할 것 같아요 가치관이 달라서 헤어진 것이면 만나는 시간이 낭비였던 것이죠 분명 만나는 3년 기간동안 가치관을 같이 만들어갈 시간이 있었을텐데 안타깝네요
186,INFJ,귀찮은거죠 굳이 관심도 없는데 부딫히는게요
187,INFJ,안친한데 관심있으면 속으로 의식하죠 겉으론 티안내요
188,INFJ,전 주변에서 힘들어하면 많이 챙겨주는 편이긴 한데 이성이고 제가 마음이 없는 상대라면 챙겨주는 행동을 억제하려고 노력하는 편이에요혹시 오해할 수 도 있으니
189,ISFJ,네오해소지 있을것 같음 하지도 않을것 같은데 요즘 부쩍 선톡주고 그러네요 흠그냥 이성이란 이유로 더 그런것 같아서 그냥 사람으로서 좋은 친구로 전 받아들이게요
190,INFJ,흠 남녀간 친구로 모든게 가능합니다 인프재는 동화같은 친구를 원하기때문에 그런 친구가 되려 노력해요 이 글만 봐서는 호감인진 알 수 없어서 더 필요해요 내용이
191,ISFJ,흠 뭐든 절 세워주더라구요 저에 좋은 부분들을 더 부각시켜서 위로해주고 상담사 같다가도 먼저 연락주거나 매일은 아니더라도 가끔 연락하자 이렇게 먼저 말도 해주고 서로 어려워 하지말자고 먼저 말해주네요 제가 워낙 힘든 부분을 안나누고 남에게 부담느끼게 하기 싫어해서 미리 언지해주는것 같아요
192,INFJ,힘들어 하거나 우울해하면 잘챙겨줘요 남녀를 불문하고 챙겨주고 싶어요
193,ISFJ,넵 정말 고마운 존재들
194,INFJ,인류애를 박살 시킬 만큼 인프제의 가치관을 부숴버릴 만큼의 노답 인간이 아니라면 남녀 불문하고 챙겨주려는 표시를 티 안 내게 하려고 하는 게 인프제 입니다 다만 이성적으로 보는 것 하고는 또 다른 별개의 문제 같아요 정말 내 사람으로서의 관심이 있느냐와 오해 받을 소지가 있냐 등 애매한 관계가 되버린다면 차라리 오해 안 사는 게 낫죠
195,INFJ,그냥 챙겨주신거 같은데요 의미부여 안하셔도 될거같습니다
196,ISFP,네저부터가 건강하지못하는데 누굴 응원하고 치료한다고 오지랖인지그냥 그걸 핑계로 계속 그친구 옆에 들러붙고싶었던거같아요 그친구 마음 뜬거 진작 알았는데도 글쓰면서 확인사살 받고싶었나봐요 조언감사해요 정신 차리겠습니다
197,ISFP,처음에 사랑받을때의 기억이 너무 좋았어서 쉽게 놓아버린 제가 너무 후회가되서 여지만 있다면 다시 잘해보고싶었던건데 이제는 진짜 부질없는거 깨달았고 지나간 인연 더는 붙잡지않고 저부터 좀 제대로 살고봐야겠어요
198,ISFP,앞전글에 제가 미련있어서 다시 잘해보자고했고 엔프제가 시간달라고했다고 썼는데저는 꾸준히 그 친구한테 미련이 있어서 그렇게 말했고 연락하면서 다시 생각해보겠다고한건 엔프제에요 그래서 저는 엔프제 마음 돌리기위해서 노력한건데 어떤 점이 제 마음대로 한다고 느끼신걸까요
199,ISFP,아제가 글쓴지가 좀 되서 미묘하게 다르게 기억하고있었어요근데 생각할시간을 달라고해서줬고 나중에 연락왔을때 그 친구가 분명히 여지를 줬기때문에 저는 나름 믿음을 주려고 노력을 한거거든요 제가 어떻게 했어야하는걸까요 그때 연락을 끊겠다고 결심했을때 끊었어야됐던거죠그랬으면 이번글은 쓸필요도없었을텐데요
200,INTP,
201,ISFP,애매하게 감정이 남았다는 그 말에 희망이 있는줄 알고 여태 질질 끌려왔네요 그때 딱 끊을걸 제가 쉽게 헤어지자고한 잘못으로 더 믿음주려고 나름 노력한건데 다 부질없다는걸 알면서도 남한테 들어야 정신을 차리게되네
202,INTP,지금이라도 정신을 차리는 게 어딥니까 더 좋은 사람 만나시길 제 댓글은 너무 세세한 썰이라 펑할께오
203,ISFP,넵죄송해요 위에 제 댓글 저기서 끊은줄 몰랐어요의도적으로 반말한게 아니니 양해 부탁드려요 더 좋은 사람 분명히 있겠죠데구르르님도 좋은분 만나시길요
204,INTP,헐 반말인지도 몰랐어요 상관없습니다 화이팅 입니다
205,ISTJ,에 정말요 계속 생각나구 연결되어있는 느낌이라던데 그렇게 해석할 수도 있군요
206,ISTJ,제가 궁금한게 그럼 아르테 님은 저 연결되어 있다는 느낌이라는 말을 들었을 때 이해가 되시는거죠 
207,ISTJ,네좀 너무 빠른 거 같고 진심인지 신뢰도도 떨어지는 거 같구 그냥 하는 말인건지 믿어도 되는 건지 듣기좋은 말처럼 빈말 하는 건지 어려워요 엔프제 너무너무
208,ISTJ,제가 불안해서 망쳐버릴까봐 걱정되요 제 속도에 맞추면 텐션이 떨어지는 거 같아서요 아무래도 의심이 기본 베이스라서 너무 힘드네요 결혼은 진짜 제가 받아쳐주면 해버릴 거 같아서 결혼 얘기는 적절히 쳐내고 있어요
209,ISTJ,상처받을까봐 솔직히 신뢰가 잘 안간다구 말은 못했어요 왕도대로 솔직하게 가볼게요 조언 감사합니다
210,INFJ,에고헤어짐을 준비중인거 같은데 관계개선의 의지가 없고 저런식으로 행동하는건 다시 만나도 작성자님이 너무 힘들어질걸로 보여져요 서운한거 다 참고 만나시는 관계밖에는 안될듯하고 그런관계가 또 얼마나 지속될지하는 생각입니다
211,INFJ,그 서운한 부분이 누가 생각해도 아닌부분이라면 굳이 만나시는게 맞을까싶고요 이대로 헤어질수도있고 닥달하면 닥달한다고 헤어지거나 냅두면 냅둔다고 헤어지거나 좀 어려운상황같네요 싸워서도 아니고 불만말했다고 저런다니상대가 무안할정도로 몰아부치신거 아니라면 그정도의 마음밖에는 안된다고 보이네요
212,INFJ,그런것은 아니라고 생각할 시간이 필요하다 어떤 말을 해야할지 모르겠다 하고서 다음날 인별에 연관사진 다 지워진거 보고 매우 당황스럽네요 관계는 서로 맞춰가는 것이 매우 중요한데 대화가 어떤 흐름으로 되었는지는 모르겠지만 상대방이 어떤말을 해야할지 모르겠다 생각할 시간이 필요하다라고 했다면 저역시도 답답할듯 한데요 그냥 그대로 상대 결정 의견 수용하고 흘러가는대로 받아들이시는 것이 쓴이님께도 가장 좋은 방법일 것 같습니다
213,INFJ,헤어지자는 뜻은 아니지만 기분이 많이 상한 듯 하네요 생각할 시간이 조금 필요할 듯 싶습니다
214,INFJ,혹시 어떤점이 서운하셨는지 여쭤봐도 될까요
215,INFJ,제주도 여행때도 그랬는데 같은 문제로 또 이야기를 들었으면 생각이 많아질거 같긴하네요 그외에 다른문제도 있었을수도 있어요 얘기는 안했지만 자신은 이게 생각이 안맞다 느꼈지만 그냥 이해하고 넘어갔는데 상대는 이런나를 이해못하고 서운해 하네 제주도때 한번 그랬는데 또 다시 같은문제로 이러네 이러면서 맘을 정리하기 시작했을수 있어요 저 문제만 갖고 이렇게 까지 관계가 위축되는거는 이해가 안되네요
216,INTJ,어근데 저 말 저희 남편이 하던 말이네요 엔프제라서가 아닌 거 같은
217,ENTP,저도 이게 당연히 사람의 취향 차이인거 라는걸 알지만 뭔가 남편이 계속 단순히 수치심이라기 보다는 나는 사랑하는 사람한테만 내 소중한곳을 보여주고 싶다고 계속 고집하길래해당 유형이신 분들도 비슷한 생각을 하시고 계신건지 너무 궁금해서 여쭤보았어요
218,INTJ,A확실히 nf스러운 이유네용 근데 보면 남자나 여자나 이성은 불편하게 여기는데 여자들은 동성을 그렇게 불편하게 여기는게 남자들보다 좀 덜한 거 같아요 그래서 댓글 달았습니당 엔푸제분들의 답도 궁금하네요
219,ENTP,그쵸 저도 그게 궁금해요남자라면 같은 남성이 제모해주는게 싫을수 있겠지만 다른 여자가 해주는건 이렇게까지 싫어할 일인건지 저로써는 잘모르겠어서요 어디까지나 이 일을 하시는 여성분이 한명의 직업인으로써 해주시는 거일텐데도 너무 싫대요 차라리 저보고 왁싱을 해달라고하는 상황입니다근데 그러다 다치면 우짤려고 저러는지저희 남편은 머리도 저보고 잘라 달라고하고 미용실을 안가요
220,INTJ,아 그얘기하니까 저도 생각났는데 저는 예전에 레이저제모 남의사한테 받는거 상관없다고 했더니 남편이 안된다고 해서 굳이 여의사분 스케줄 맞춰서 햇었어요 저는 제가 의료인이라 이성의 몸을 보는게 일할 때라면 성적인 자극을 안 느끼니까 더욱 의식을 안했던 거 같네요 며칠전에 젊은 남자 환자가 사타구니쪽이 아프다고 왔길래 환부 보려고 했더니 보는건 안된대서 읭 했답니다 아니 안보여줄 거면 왜 왔지
221,ENTP,아놔 이건 남편분이 질투가 많으신것 같은데요 저희 남편은 약간 이런 부분에서는 소녀 같아요정말 나만봐서 좋긴한데 제모에서까지 이럴 필요는 없는디 말이죠
222,INTJ,저도 남편이 너무 소녀같다고 느낄 때가 많아요 저보다 훨씬 새침고양이 결국은 남편들 제모시키는건 불가능한걸로
223,ENTP,너무 웃기네요쏘스윗님하고 저는 참여러모로 비슷합니다대화할수록 더 그래요우리만 이런거겠죠 우리는 껍데기만 여자고 둘다 속은 남자인걸까요
224,INTJ,N들은 보편적인 성역할이나 특성을 따라가지 않아서 상대적으로 여성들은 남성성 남성들은 여성성을 띄는 거 같아요 근데 같은 N이라도 NF가 NT보단 보편적인 여성성을 보이는 거 같고 NT 중에서는 INTJ가 조금 더 남성적이고 ENTP가 조금 더 여성적인 경향을 보이는 것으로 느껴져요 그래서 NT여성이신 노드님과 NF남성이신 남편분 사이에선 남편분이 조금 더 여성스러움이 부각될 수 있을 거 같고 같은 NT끼리지만 INTJ인 제가 ENTP인 남편보다 조금 더 털털한 거 같다는 느낌이 드네요
225,ENTP,그렇군요 우리 같은 털털이들끼리 이 소녀같은 남편들 이해해보면서 앞으로도 잘 살아보아요 
226,ENFJ,전혀 상관없어요
227,ENTP,역시 그냥 저희 남편의 개인적인 취향인거군요답변 감사합니다
228,ENFJ,222 저도상관없어요 안그래도 종종 신랑이랑 왁싱 얘기 했었는데 너무 아플 것 같다는 고통 위주의 얘기 뿐
229,ENTP,그렇군용여자 엔프제분들은 그래도 좀 긍정적이신데 남자 엔프제 분들은 완강하신듯 합니다 같은 유형이라도 성별 차이가 조금 있나봐요
230,ENFJ,노드님이랑 쏘스윗님이 나누신 댓글 읽어보니 남편분의 마음이 조금 더 깊이 헤아려지긴 하네요 엔프제끼리 사실 좀 박한 게 있는데 제가 볼 땐 정말 좋은 남편 두신 것 같아요 굳이 이런 부분에서까지 이럴 필요는 없다 이 부분을 어떻게 이해하시면 좋냐면요 음 정말 참된 신념은 상황마다 손바닥 뒤집듯이 입장을 다르게 하지 않는 것 같아요 좀 융통성 있게 살아 말이 절로 나올만큼 고집불통인 부분도 있고 절대 용납 안되는 그런 부분이 반드시 있어요 그리고 그런 사람이 진짜예요 예를 들어 남 뒤통수 치고 배신하는 것은 절대 하면 안된다 하는 신념을 가진 사람이 있다면 그 사람은 자신이 굶어서 길에서 쓰러질지언정 남의 것 빼앗아서 배 채우지 않는 지독함이 있는 사람일 거예요 그런 지독한 사람이어야만 남 배신해서 뒤통수 안치는 사람이란 뜻이죠 사람은 상황이 되면 변하는 사람이 대부분이거든요 그러나 신념을 가진 사람은 유일하게 변하지 않아요 정말 다른 여자에게 일평생 눈을 안 돌리는 남자는 노드님 남편분처럼 아니 내가 괜찮다는데 아니 왜 그렇게 까지 하냐 싶은 꽉막힌 사람들이지 사랑 많은 척 하고 스윗한 척 하고 매일 감동적인 이벤트하고 그런 사람이 아니라고 생각해요
231,ENTP,오 신념의 일종이라고 보시는거군요 그런것 같긴해요 뭔가 스스로 자꾸 본인의 목줄을 저에게 쥐어주는 느낌이에요 표현이 조금 과격해 보이지만 제가 느낄때는 그래서 한번 써봤어요 그러니까음저는 전혀 구속하고 싶어하지 않는데 스스로 이렇게 사랑하는 사람이 있음에 충실하고 싶어서 계속 나의 모든것은 당신에게 종속되어 있습니다 나는 당신을 떠나서는 있을수 없어요 우리의 관계속에서 당신의 허락없이 내 멋대로 하는일은 절대 없을거에요라는 느낌으로 다가온달까요 스스로 그런사람이 되고 싶어하고 또 그걸 실천하려고 하는 성향이 굉장히 강한데 말씀해주신 예시들과 연장선에 서있어서 제 남편이 더 그러는것 같네요 역시 여쭤보길 잘했다는 생각이 듭니다 
232,ENFJ,MBTI가 성향에 대부분을 대변할 순 없겠지만 기본적으로 ENTP는 자신의 자유를 구속 당하는 것을 싫어하기에 타인의 자유도 구속하지 않으려는 기질이 있다고 생각해요 그리고 동시에 그것은 내가 자유를 엄청나게 소중한 가치로 여기고 있기에 상대에게도 내가 가장 좋아하는 그것을 마음껏 선물해주고 싶은 심리와도 맞닿아있죠 그러니 사랑하니까 남편을 구속하고 싶지 않고 자유롭게 선택하게 해주고 싶으신 게 아닐까 싶네요 그런 면에서 마찬가지로 남편 분이 고집스럽게 자신의 목줄을 쥐어주는 행동은 난 이게 가장 소중한 가치야 그러니 너에게 줄게 하고 건네주는 것과 비슷한 맥락으로 보시면 좋을 것 같아요 남편분에게 실제로 물어보시면 맞다고 할 걸요 그러니 단순히 이 부분은 나와 다르다를 넘어서 내가 자유를 소중히 여기듯 이 사람에게는 자신의 자유를 내어주는 것이 가장 소중한 가치구나 이렇게 이해하면 더 이해가 잘 되고 남편이 보다 사랑스럽게 보이실 거예요 그래서 보통은 엔프제 엔팁이 상극일거에요 그러나 두분이 잘 맞으시는 이유는 지금처럼 남편분을 보다 존중하기 위해 이해하고 싶어서 노드님이 이렇게 글 쓰면서까지 노력하는 부분의 덕이 분명 있을 것 같고 마지막 문단에 노드님도 스스로 그것을 실천하고자 하는 성향이 강하다 하시니 두 분이 그 부분에서 접점이 있어 특별히 잘 맞으시는 것이 아닐까 싶습니다 언제 남편분을 정말 행복하게 해주고 싶으시거든 언젠가 남편분이 자신의 목줄을 내어주는 그때에 그 모습을 굉장히 기뻐하고 고마워 해보세요 그런 면에서 남편분도 노드님이 선택의 자유를 주고 네 마음대로 하라고 했을 때 내게 소중한 것을 주고 있는 상황이구나 이게 나를 사랑해서 그러는 거구나 느끼게 되면 금상첨화겠네요
233,ENTP,그렇군요 정말 언변능숙형 ENFJ 답게 막힘없이 술술 이해 잘되게 말해주셔서 남편이 어떤 마음인지 더 잘 와닿네요 사실 그동안 정말 이해가 안갔거든요 이러는 남편이 싫다는게 아니라 말씀하신것처럼 제 사고방식에서는 도무지 이해가 안가서 혹시 내가 구속하나 아닌데 난 그런적 없는데 왜 이렇게 자꾸 자발적으로 나한테 이러지싶어서 왜그러는걸까 싶었거든요 근데 정말 이렇게 이해하면 좀더 제가 잘 받아들일수 있을것 같아요 그리고 남편이나 저나 정말 상극이지만 둘다 말로만 사랑한다고 하고 언행불일치 되고 내로남불되는게 싫어서 이 1원칙이 지켜지다보니까 좀더 다르지만 사랑할수 있는거 같아요 결론적으로 남편의 언어로는 구속이지만 제 언어로 이걸 받아들이자면 사랑하는 저를 향한 영원한 맹세와 다짐 실천 이라고 생각하면 되는것 같네요 친절하고 자세한 말씀 감사합니다
234,ENFJ,아유 능숙하지 않아요 그렇게 봐주시니 감사합니다 그저 사람들이 서로에 진심에 대해 더 잘 이해할 수 있도록 그걸 중간에서 중재해주는 것을 좋아하거든요 남편분께서 구속이란 워딩을 직접 언급하셨는지는 모르겠지만 언급하신 게 아니라면 포인트는 구속에 있는 것이 아니라 나는 변치않는 신뢰의 증거를 계속 당신에게 보여주고 싶습니다 이것에 가까운 것 같아요 그런 면에서 여자 왁서에게도 굳이 안 받겠다고 말한 포인트에서는 아마 내 아내가 이 말을 듣고 엥 왜 이런 게 아니라 기뻐하고 좋아해주길 바랐을 것 같고요
235,ENTP,신뢰의 증거라는게 정말 말도 예쁘고 와닿네요 앞으로는 정말 이렇게 생각해봐야겠어요 웰시웰시님 정성스런 댓글 남겨주셔서 정말 감사합니다 좋은 하루 되시길 바랄게요 
236,ENFJ,엔프제남입니다 제 몸은 제가 사랑하는 자 외에 터치하는 걸 질색합니다 남녀노소 다 떠나서요
237,ENTP,그렇군요 사랑하는 사람에게만 허락 이런 의미이신건가요
238,ENFJ,네 맞습니다
239,ENFJ,저는 그래서 셀프왁싱합니다 누가 제 몸 만지는거 싫어욧
240,ENTP,남자분 이신가요
241,ENFJ,전 여자랍니당
242,ENTP,글쿤요 근데 엔프제분들 너무 귀여우시네요여기에 다 소환되셔서 각자 의견을 남겨주시는데 쿨하시기도 하고 어떤분들은 단호하시기도하고 암튼 댓글 감사합니다
243,ENTP,아르떼님도 여자왁서는 싫으신거에요 너어어무 싫으신 이유가 저희 남편과 같으신건가요
244,ENTP,그렇군요엔프제님들 반응이 제각각이긴 하지만 어쨌든 선호보단 불호에 가까운 분들이 많네요 근데 그 반응이 저는 왤케 귀엽죠저한테는 아무것도 아닌데 다들 너무 기를 쓰고 싫어하셔서깜찍해보여요
245,ENTP,감사합니다 근데 아르떼님은 진짜 약간 뭔가뭐랄까좀더 쿨한 엔프제 느낌이 많이 나요항상 대화 나누면서 느끼는건데 F비율이 높지 않으신지 정식검사에서도 F가 어느정도 수치로 나오셨는지 궁금해집니다 애니어그램도 궁금하고요
246,ENTP,그랬군요 초민감자셔서 배려해주시려고 하는거였군요 그래프 공유해주셔서 감사합니다
247,ENTP,많은 엔프제분들이 그닥 선호하시지 않는군요 답변 감사합니다
248,INFJ,수달사진 보고 여친분 생각나서 올린거 같고 웃긴짤은 왜 올렸는지 모르겠어요 시간 갖으면서 여친분 마음이 다시 돌아와주길 바라는거 같아요
249,ESTP,제가 인스타 스토리 몰래보기로 웃긴짤 본거라 남친 스토리에는 제가 읽었다고 안뜨거든용 남친이 방금 스토리에 웃긴짤 올렸던거 삭제했어요 
250,INFJ,스토리를 보고 연락오길 바라는 마음에 한 행동 같아요 자신의 잘못으로 헤어지는거니 헤어지긴 싫고 귀여운 짤 웃긴 짤 보고 연락이 오면 시간을 갖는 상황을 무마시키려는 것으로 보여요
251,ESTP,또로로님이 말씀하신게 맞는거같습니당 2주에서 1주로 줄이는건 어떻냐고 카톡왔는데 어떻게 대답해야할지 모르겠어요 
252,INFJ,레몬님은 지금 마음이 어떠세요 헤어지고 싶으시면 단호하게 헤어지자고 하시는게 맞고 인프제는 정이 많아서 자기의 잘못이든 남의 잘못이든 일단은 최대한 끌어안고 가다가 정 안되면 손절하는 타입이라 희망이 조금이라도 보이면 인연을 끊고싶지않아할거에요
253,ESTP,지금 마음 혼란스러워요 기회를 줘도 다시 애정이올라올까 신뢰문제도 있고 
254,INFJ,네 제가 일정중이라 답이 조금씩 느려도 괜찮으시면 성의껏 답변드릴게요
255,INFJ,아무 의미 없는 것 같아요
256,ESTP,
257,ESTP,
258,ESTP,아 어렵네요 저도 시간갖는게 처음이라 얼마나 시간을 가져야할지 몰랐거든요 인프제입장에서 2주를 1주로 줄이는거에 대해서 거절을 해야하는지 제안수락을 해야하는지 깊게 생각해봐야겟습니다 이러다 또 어물쩡 넘어갈거같은 느낌이 커서요 
259,ESTP,그럼 남자친구입장에선 일주일도 길고 23일이면 충분할거같은데 오히려 저를 배려해줘서 일주일까지 기간을 주는걸 수도 있겠네요
260,INFJ,이성적인 호감보다는 그냥 친한 느낌이에요
261,INFJ,흠 제가볼땐 엣팁님을 좋아하는데 님이 호감이나 좋아한다는 표현을 안하셔서 인프제가 다가가질 못하고 있는듯합니다 먼저 어디간다 사진도 보내고 하는건 좋아하니까 기다릴 썸녀를 위해 보내는 배려의 말인데 엣팁님이 그에대해 어떻게 반응하는지가 글에 안나와있어서 아마도 그냥 대수롭지 않게 넘겼을것 같네요 그러면 인프제는 쟤는 나 안좋아하나보다 하고 답장도 덜하게되고 짝사랑 혹은 직찹남 되는거 싫어해서 부담주기도 싫어하고 연락텀 두는것 같네요 너니까 주는거야 자체가 이미 호감표현이잖아요
262,INFJ,글쓴이분이 고백을 받아줄거라는 확신이 없어서 그래요 99가 100가 될 때까지 각을 잴 겁니다
263,INFJ,그냥 그날의 실수라고 생각할수도 있죠 아니면 여우짓이라고 생각하거나 
264,INFJ,넵 더 확실하게 플러팅 하세요 누가 봐도 100 받아줄 것 처럼 홧팅입니다
265,ISTP,그간 혼자 짝사랑이라며 뭐 했는지 모르겠네요 아루이님께도 좋은 인연이 다가오기를 바랍니다
266,ISTP,오늘 정말 속 시원히 다 털었네요 저는 생각보다 오랫동안 저를 좋아했던거에 놀랐고 응원 감사합니다 
267,ISTP,만약 저도 표현 안하고 직진 안했다면 지금도 서로 에이 나만 좋아하는거야 그러다 접자 포기하자 그랬겠죠 예쁘게 만나가보겠습니다 감사합니다 아르테님 
268,INTP,그래서 남은 비타민은 몇개인가요
269,ISTP,2개 남았습니다 비타민은 똑같이 만날 때마다 줍니다 
270,ENFJ, 크리스마스 솔탈 부러웡
271,ISTP,크리스마스에는 아마도 안 만날 거 같습니다만 알고 지낸 지는 1년이 좀 넘었는데 이런 관계가 될 거라고는 생각을 못 했습니다 속 시원하네요 
272,INFJ,예쓰주먹불끈
273,ISTP, 먼 길 돌아왔습니다 
274,ISTP,감사합니다 쉬이 갈 길를 멀리멀리 돌아왔네요 
275,ISTJ,끼야 그럼 어떤 좋아함이냔 뜻은 이렇게 머찐 누나가 날 남자로 조아할리 업는데 동생으로서의 조아함이겟지 이런 생각이엇냐구요 흑흑 너무 기엽다 그리고 6살 연하인진 몰랐는데 더부럽다
276,ISTP,그렇게 얘기하고 혼자서 엄청 굴파고 온갖 생각 다 했더라고요 저에 대한 마음이 생각보다 더 커서 놀랐습니다 이래서 사람은 본인 마음 다 얘기하며 살아야해요 
277,ISTP,이제 시작이지요 감사합니다 
278,INTJ,꺄아악축하드려요 예쁜연애하세요
279,ISTP,감사합니다 
280,ISTP,감사합니다 연애하면서 일어나는 일들 종종 올려볼게요
281,ENTP,대박 드디어 끝나셨군요 완결 웹툰보다 더 짜릿한 썸타는 스토리였어요 이제 시즌2가 연재되겠군요 너무 축하드립니다 
282,ISTP,시즌2 연재할만한 얘기들이 있을까요 있었으면 좋겠습니다 예쁘게 만나겠습니다
283,INFJ,어우 제목 보고 이제 끝난 비극인 줄 그 반대일 줄야 진짜 추카포카 합니당 냥냥한 연애하세욤
284,ISTP,캄사캄사합니다 비극으로 끝나기엔 만난지 5분도 안되어 서로 웃으며 손 잡으며 관계 정립 됐어요 
285,ISTJ,미쳤다진짜 표현을 해야알아여 연애는 암살이아니야 추카해여 
286,ISTP,맞아여 암살자모드로 뱅뱅 돌아봐야 모른다구요 앞으로도 더 많이 표현하며 예쁘게 만나갈게요
287,INFJ,성지순례 다녀갑니다
288,ISTP,
289,ISTP,오히려 11일 동안 못 본 게 서로에게 화살을 당겨버렸네요 좋은 사람이 되고 싶습니다 소중히 오래 만나가겠습니다 체리에이드님의 잇팁님 소식도 종종 올려주세요 
290,ISTP,감사합니다앙 
291,INFJ,진심으로 축하드려요 유자님 오랫동안 서로 짝사랑 얘기만들어도 인연 운명같네욬 저도 기운받아서 새러운 인연 기다립니다 또 잇팁이면 질문드릴게용 축하드려요
292,ISTP,감사합니다 서로 좋아하며 모른 척 지낸 시간이 아깝지만 그만큼 더 소중히 아끼며 만날게요 뚜용님께 꼭 좋은 인연이 찾아오기를 
293,INFJ,잘만나셔서 웨딩 엔딩 하시면 글올려주세욬
294,ISTP,그건 글쎄요 아직 이틀째인데
295,INFJ,앜 나중에옄몇년이지난뒤 이 이야기의 연재를 보고싶은맘 작필 스토리 너무 완벽해요
296,ISTP,흠 뒷얘기를 계속 원하시는 분들이 많으셔서 뭔가 에피소드가 있으면 올려보겠습니다 감사해요 
297,ISTJ,그래야겠어요 아무래도 제일 확실한건 서로 대화하는거니까요 서로 먼거리에 있으니까 이해해줘야하는게 아닐까 하는 생각이 자꾸들었는데 아르테님 말씀대로 이제라도 제가 수용하기 힘들다면 말하고 조율해보도록 할게요
298,ISTJ,감사합니다
299,ISTJ,여자 껴있는건 선넘이죠
300,ENTP,저희 남편도 엔프제고 사람 만나는거 좋아하는데 모임에는 잘 안나가요 모임 나갈 시간과 돈이면 저랑 있는게 더 좋다고 해요 대신 회사 회식 때문에 나가야 하는 경우에는 엄청 늦게 들어오고 술이 잔뜩 취해서 와요 아무래도 사람들이랑 있으면 그 기분에 취해서 놀다가 그 흥을 못이겨 술을 더 마시게 되서 그런가봐요 저는 이런일이 3달에 한번 정도 있는 편이에요 잇티제 입장에서는 이것도 좀 달가워 보이지 않을수 있을것 같아요 엔프제 분이랑 얘기 잘 나눠보셨으면 좋겠어요
301,ENFJ,저도 뼛속까지 엔프젠데 진짜 친한 지인들 어쩌다 한번 만나지 만날땐 제대로 놀고 주 4회는 너무 많네요 애인이 걱정할텐데 이성도 끼면 저라면 제반대상황이면 화날거같아요 아르떼님 말씀대로 조율 필요
302,INTJ,아 저는 주말이나 평일에 집에서 할거많고 그래서 한두시간정도에 답할때도 많은데 이분은 제가 뭐 할일하고 몇시간만에만에 카톡해도 바로 답이 오네요 뭐 아직 서로 출근했을때 톡은 안해봐서 모르겠지만 아 인프제님들은 상대방 의중을 꼭 살피나여
303,INTJ,진짜 엠비티아이는 알면알수록 어렵네옄뭐 사람마다 다 다르긴 하지만 일단 몇일 더 연락해보면 알겠죠 인프제들은 엄청 신중하다고 이야기를 들어서 내일 빼박인지 아닌지 함 봐야겠어용 저도 호감 있는 상태라서 
304,INTJ,그러게여 걱정그만하고 긍정적으로 생각해야겠어요 뭐 그분이 먼저 보자고 하긴 했어서 말뿐인건진 모르지만기다려보려구요 댓글 감사해요
305,INTJ,네 근데 아직 날짜는 안잡아서 제가 대답만 했었거든요 그냥 기다리면 될까요 언제보냐고 물어봐야하나요 일하고 피곤한데 언제보냐고 물어보면 민폐일까바여 
306,INTJ,아 근데 저도 약간 성향이 그게 누구든 안친하면 민폐일까봐이 생각부터 하는 사람이거든요 일단 좀 연락하다가 담주중에 언제보냐고 날짜 함 잡아볼게용 지금은 넘 빠른거같아서 부담스러워할수도있으니 
307,INTJ,네 주중에 어떨지보고 댓글 달아드릴게욬저도 궁금하네요 빼박일지
308,INFJ,555 맞아요 인프제에겐 숙성과 심사숙고와 결단의 시간이 필요합니다 다만 긍정적이려면 정말 개선 의지가 있을 때 정말 내 사람을 한정해 끌어 안고 사랑하고 싶을 때 용서하고 싶을 때 다시 돌아보고 나아가고 싶을 때 가능하죠
309,ESFJ,말을 했다는 자체가 긍정적이라니 다행이네요 좀더 빨리 말해주면 좋을텐데요 시간이 걸린다라어렵네요
310,ESFJ,제가 그랬어요이틀동안 잘 있다가 왜 갑자기 이러냐고 묵혔다가 화내니 더 화를 내는거 아니냐고 화날때 그냥 말하라고 했는데 할지 안할지는전 했으면 좋겠어요
311,ESFJ,저도 이틀 지나고 당했어요남친도 님과 같은 마음이었겠죠
312,ESFJ,왠지 제 남친을 보는거 같아요잘 말할수 있도록 다독여줘야겠네요
313,ESFJ,그 상황은 너무 안좋은 상황인데요안그래도 눈치 빠른 편인데 더 빨라질거 같아요
314,ESFJ,음그런거 같았어요실컷 화내더니 다 쏟아냈는지 나중에는 미안하다고 하더라고요
315,INFJ,보통 한 두달 혹은 1년정도까지 참습니다
316,ESFJ,1년이요연인인데 1년까지 참아요어떻게 참으세요
317,INFJ,기회를 주는거죠 그 사람을 다 파악할때까지 참고 배려하고 이해하려고 노력하는 시간을 1년 그 후 화내면 저렇게됩니다 1년을 지켜봤고 기회를 줬으니 단호하고 차갑게 보일 수 있죠
318,INFJ,아 설레네요
319,ISFJ,나이 먹고 오랜만에 느껴보는 설레임이네요 
320,ISFJ,오글오글하면서도 설레는 풋풋한 느낌 넘 좋더라구여 사람이 많이 순수한거 같아요 
321,ISFJ,감사합니당 저도 애닳아 죽기 일보직전이였는데기다리기 성공했습니닷 세상에낭신혼이시라니 넘넘넘 행복한 이야기네여 인프제남은 결혼하고 집에서 그렇게 적극적인 사랑꾼 같은 다른모습이 있다는 얘기를 들어써요 헤헤 매일매일 행복하실거 같아용 신혼이시라니 넘 부러워용
322,ENFJ,다녀와서 후기 기다릴게요
323,INFJ,곧 크리스마스 행복하게 보내시겠네요 D57일
324,INFJ,22 마자요 유자맛 인프제가 될 거 같은 느낌이 이제 꽃향기도 나려나요
325,INFJ, 앜 냥이님 귀여워여
326,INTP,하는 것 봐서 3개 한번에 털어버려요
327,ENFJ,누나앙 아 제가 더 설렙니다 후기 기다릴레요 
328,INFJ,오늘부터 1일
329,INFJ,누나앙 에 대한 목소리가 궁금해 지는 글이에여 응석이 어떤 느낌일지 인프제 애교는 한 번 물들면 못 배기죠 나름의 변화를 즐기시는 유자님이라면 또 잘 되면 좋겠어요 남은 비타민까지 들구 가서 유자맛 꽃향기를 드리구 오세요 인프제를 끌어 안아봐요
330,INFJ,무슨 일이시길래 
331,INFJ,네
332,INFJ,네
333,ESTP,아하 혹시 제가 되돌릴 수 있는 방법이 있을까요
334,INFJ,당길때 당겨주셔야하는데 인프제는 역시 1년전 내가 생각한게 맞았어라고 못박을 가능성이 커보여요 신중한거 좋지만 인프제가 용기내서 다가갔을때 신중한건 망설임으로 보여요
335,ESTP,흠 그렇군요 어떻게 하면 좋을까요
336,INFJ,썸기간이면 다시 확 당겨주시는게 맞지만 1년의 시간이 있었으니 글쎄요 맘가는대로 해보세요 만나서 다시 한번 대화해보자거나 솔직하게 다 털어놔보세요 솔직한거 좋아하고 진정성 있는 대화에 맘이 움직여요
337,INFJ,상대 인프제분이 쓴이님이 많이 그리우셨나봐요 술을 드셔서 감정적 상태일수도 있지 않을까요 저는 내일 다시 얘기하는게 맞다고 생각합니다
338,INFJ,많이 걱정되시면 미리 쓴이님 마음을 표현할의사를 연락으로 남겨놓으시고 만나서 다시 얘기나눠보시는건 어떠실까요
339,ESTP,좋은 의견 감사합니다 
340,INFJ,수백번 고민하고 보고싶은 마음을 참고 인프제녀가 계획적으로 술취한 핑계로 보고싶어서 연락한거인듯요 근데 자기 자신이 1년간 널 생각했다는 마음을 숨기고 아무렇지않듯 물어봤더니 흠 글쎄 생각이 필요한걸 이렇게 답변 들었으면 1년간 많이 좋아하고 생각하고 고민했던 인프제녀입장에선 아 나만큼 마음이 있진 않나보다 해서 거절의 의미 혹은 부질없는 관계라고 생각해 실망했을것 같아요 인프제는 자기가 좋아하는만큼 안좋아해주는 사람을 집착하지 않거든요 민폐니까
341,ESTP,아하 너무 복잡하네요 의견 감사합니다
342,ISTP,안녕하세요 요즘 계속 인프제분에게 다른 모습이 보여 놀라고 있는데요 엄살 어리광 응석 이런 모습을 보여주는 건 제가 어느 정도 편해졌기 때문이겠죠
343,INFJ,정말 좋아하고 신뢰하는 사람들에게만 엄살 어리광 응석을 보여줍니다 우리는 ST나 Sx 분들처럼 사랑하는 연인에게 쿨한척 멋있는척 도도한척 안합니다 왜냐하면 내면이 진짜 강하고 단단하기때문에 빛나는 내면에대한 자신감 그리고 그게 진짜 멋있는것이라고 생각하기때문에 또한 심연을 들여다보며 멘탈이 강해졌고 어두운 성향이 짙어서 친한 지인들에겐 행복하고 바보같은 가벼운 모습만 보여주고싶을뿐인거에요 님에게 마음을 열었나보네요 그런 행동을 보고 판단하시면 철없는 철부지 어린아이라고 남성미가 떨어진다 잘못 오해 할 수 있습니다 ST분들은 하지만 전혀 그렇지 않으니 절대 오해하지말고 내면의 본질은 강하고 누구보다 단단하고 성숙하다못해 고뇌에 심연속에 깊이 다가갔던 사람임을 잊지 않으시면 연애하는데 도움이 될 것 같네요
344,ISTP,답변 감사합니다 처음 보는 모습이라 조금 놀랐을 뿐 제 마음은 변함이 없습니다 귀엽기까지 하네요 혼자서만 끙끙대다 다 놓아버릴까 했던 적도 있지만 제 지난 글에서도 댓글을 주셨었죠 이제는 조금 알 것도 같아요 완벽하게 이해는 못합니다 다만 지금은 만일 내 이런 모습으로 실망하면 어쩌지 라는 걱정은 좀 사라졌네요 그렇다고 서로에 대한 존중과 배려가 없는 건 아니고요 예쁘게 사랑하겠습니다 감사합니다
345,ISFP,인프제의 속을 정말 모르겠는데 답장 잘하다가 안읽씹하고 그러는데 이유를 알고 싶어요
346,INFJ,나를 좋아한다는 확신이 없으면 보통 안읽씹을 합니다 또는 서로 안칠할때 안읽씹을 해요
347,ISFP,근데 또 선톡은 오던데 그리고 인프제가 고맙다고 시험끝나고 밥 사준다했는데 저번주에 시험이 끝나긴 했는데 아직 말이없는데 그냥 한 말 인걸까요
348,INFJ,인프제는 빈말을 안해요 사준다고 했으면 상대방인 날짜를 잡아줘야해요 내가 이미 밥사준다고했는데 상대분이 연락이 왜 없지 싫으신가보다 하고 슬퍼하는게 인프제 성격입니다
349,ISFP,아니 본인이 사준다 해놓고 저도 얻어먹는 입장에서 밥먹자하기 좀 그런데
350,INFJ,S와 N의 차이 밥사준다는게 호감이라면 상대방도 반응을 해줘야죠 기다리기만 한다는건 마음이 없다는거로밖에 안보입니다 오빠가 셤끝나면 밥살게 오 좋아요 시험 끝난 후 시험 잘 봤어요상기시키기 응 잘 봤어 우리 시험끝나고 밥먹기로 하지 않았나요 호감에대한 답변 그래 뭐먹을래식사제안 받아줬으니 날 싫어하진 않는구나 한걸음 더 다가가자
351,ISFP,핫 너무 어렵네요 담주까지 기다려보고 말 없으면 밥 먹자고 제가 한번 말해볼게요 1학기때 먹자했다가 까여서 선톡은 정말 가끔씩 오던데 안친하면 선톡자체를 안하나요 근데 막 그렇게 친하지는 않아요 학교에서 만나서 대화하면 짧지만 되게 서로 어색해하는 느낌이 들어요
352,INFJ,흠 안친하면 선톡 안해요 친한사람 범주내에 있으신건 맞는듯 어색하다라 그건 아직 어려서 그런듯 인프제랑은 노상관 아 좋아하는맘 숨길때도 어색해요 까였다라 그건 의외네요
353,INFJ,그럼 호감은 있는거네요 만나서 대화 많이 해보세요 참고로 저도 ISFP지인 여성분이 계셔요 근데 귀여우심 하지만 S라서 대화가 안통해욬 제가 장난도 많고 드립도 많이치는데 질색을 하시길래 자제하고 있는데 솔직히 그 여성분이 재미가 없어요 노잼 님이 노잼이라 어색한거 아닐까요 아 참고로 노잼이라 안좋아하는건 없슺니다 인프제로서
354,ISFP,호감있어도 안읽씹하는거겠죠
355,INFJ,호감 있어도 안읽씾 밥먹듯이 합니다 상대방이 날 좋아한다는 확신이 없으면 안읽씾 마니해요
356,ISFP,와 정말 어려운 존재네요
357,ISFP,근데 저는 이성적인 호감은 없고 친해지고 싶은데 어떻게 해야할까요 스며들기 8개월째입니다
358,INFJ, 이성적인 호감이 없어요 그러면 밥 사주네 마네 밀당도 필여없죠 직진하세요 오해하지 않도록 이성적인 호감 없다 친구가 되고싶다 하시고
359,ISFP,면전에 대고 저렇게 말하면 되나요
360,INFJ,네 오빠오빠 나 밥사주세요 라던가 그냥 친구처럼 여동생처럼 들이미세요 예의 차릴 필요도 내숭떨 필요도 없는 친구가 되고싶은거면 인프제는 친해지먄 허물없고 장난도 많이칠껄요
361,ISFP,하 진짜 못하겠어욬 워낙 내성적이다 보니까 친구관계에서도 막 여사친들은 욕하고 장난치는 애들보다 친한데 조곤조곤한애들이라섴
362,INFJ,흠 남자인 저 기준 인프제는 상대의 호감을 확신해야만 직진해요 그래서 뭐 먹고나면 갑자기 입 닦어주면 심쿵 이마나 머리 쓸어넘겨주기 등등 나를 좋아하고 챙겨주는거나 이런거에 무너짐요
363,INFJ,흠 매우 어렵고 흥미로운 난제네요 우선 잘지내는 꿀팁이라면 인프제로서 인위적으로 바뀌면 될듯해요 ST한테만큼은 배려해주지말고 잘해주지말고부담을 느껴버리니 원 호감도 식는다고해요 너무 맞춰줘버리면 냉정하게 소신발언 하고 잘못된건 바로 지적해서 싸우고오냐오냐는 질린다는 ST의견도 있고 기어오르는 사람도 많았어요 마음과 애정을 주지 마세요 부담을 느껴 도망가는 ST들이 많았어요 상처만 입습니다 되려 적당히 필요한것만 얻고 나 자신이 중요하다라는 개인쥬의 마인드를 장착하면 ST분이 오히려 메달립니다 혹은 호감을 더 강하게 느끼늨듯해요 통찰력을 쓰셔서 긴가민가하는 모든 상황들에대해 ST의 말을 듣지 마시고 본인의 통찰력이 말하는 직감을 믿으시길 연인기준이면 맞춰주려고하지마시는것도 추천드립니다 NF유형은 맞춰주면 감동하는데 ST분들은 흥미가 떨어지거나 뷰담을 느끼는 경향인분들이 많았슺니다 그냥 본인 마음가는대로 막 하시길 인프재가 막 행동해도 ST는 부담을 느낄정도로 인프재는 배려가 고차원적입니다 혹은 그런 인프제러는 전제 그냥 NF나 NT 이성을 만나세요 ST분들 중 아직까지 저랑 생각의 결이 같은분을 만난적이 없습니다 개인적인 견해입니다
364,ISTP,ST입니다 취향이면 잘해주면 더 좋아요 달라서 끌리는 부분도 있기에 본인 그대로의 모습으로 숨김없이 다가가는게 좋다고 생각합니다
365,INFJ,원래 잘 꾸미는것 같아요 근데 그럴 이유가 없다가 생긴듯 한데요 관심가는 이성이 생긴듯요
366,INFJ,네
367,INFP,방 깨끗하신가요 옷은 몇벌정도 있나요
368,INFJ,방은 지저분해요 옷은 20벌 내외
369,INFP,방 지저분하다니 동질감느껴져요 옷이20벌 저는 한계절이20벌되는데
370,INFJ,무언가 사건이 있지 않을까요 애정표현이준다고 좋아하지 않는게 아녜요 직접 물어보시면 솔직하게 야기햐줄거에욥 
371,INFJ,답장 보냈어요 
372,INFJ,그렇게까지 하진 않아요 싸웠을 경우에만 그래요
373,ISTP,케모님 안녕하세요 혹시 시간 되실 때 쪽지 확인 부탁드려도 될까요
374,INFJ,답장 했어욥 
375,ISTP,쪽지 드렸어요 감사합니다
376,ISTP,케모님 마지막으로 연락 드려요 시간 되실때 확인 부탁드립니다
377,INFJ,보냈어욥 
378,ISTP,답 드렸어요 감사드립니다
379,INTP,애인분께 이걸 보여주시면 저라면 당장 반지사러갈듯요
380,INFJ,수용과 인정에 대한 욕구 그러나 쉽게 자신의 얘기를 꺼낼 수 없다는 모순 살면서 주기적으로 떠오르는 과제예요 쓰신 목적과는 전혀 상관 없이 이런 글 정말 감동입니다
381,INFJ,인티제를 만났어야했네요 그 어떤 고백보다 스윗합니다
382,INFP,낭만적이네요 여자친구분을 얼마나 사랑하시는지 느껴져요 로맨스 소설 속 주인공이 하는 말 같습니다
383,INTJ,아직 썸녀입니다 
384,INFP,앗 그렇군요 사이님이 그 분을 얼마나 소중히 여기시는지 꼭 그 진심이 전달되셨으면 좋겠어요 저는 당사자도 아닌데 감동받고 가요 잘 되시기를
385,INFJ,인프제 여성분도 인프제 남장와 조금 비슷한면이 있네요 흥미로워요
386,INFJ,와 읽다가 울컥하네요 감동입니다
387,INFJ,세상에 단 한 사람만이라도 믿을 수 있게 진실로 한결같아 주세요
388,INFJ,진짜 감동이네요
389,ENFJ,저는 공감되는거 같아요 다른 사람에게 들은 말 제가 생각하는 제 모습이네요
390,ENFJ,행동 말은 케바케인듯 보입니다 글은 어느정도 맞으나 불건강할때 나타나는 모습도 종종 보이네요
391,ISTJ,제가 아는 엔프제랑 똑같아요 제가 소수한테 하는 챙김을 엄청난 다수에게 함 근데 그게 너무 자연스럽고 스트레스는 커녕 오히려 즐기는거 같음
392,ENFJ,저도 엔프제 별로 없는 줄 알았는데 카페 와보니 엄청 많던데요
393,ISTP,으헝헝 부러워영
394,ISTP,허어엉 인프제 맞나 싶어요 
395,INFJ,인프제의 박매력이라죠 
396,ISTP,그렇군여 신기하네여
397,ISTP,제가 알던 인프제와 굉장히 달라서 깜찍낌짝놀라여
398,ISFP,내가 알던 인프제가 맞나
399,ISTP,그니까요인프제가 아닐까여
400,ISTP,넹안녕
401,INFJ,도드님 의견 감사드리고 말씀에 다 공감합니다 개인적으론 오랜만에 본 인상깊은 영화였습니다
402,INFJ,닷지님 의견 감사합니다 도드님과 의견 나누신것도 굉장히 흥미롭게 읽었습니다 도드님 말씀대로 소통의 공간이니까요 그리고 용기를 얻으셨다니 다행입니다 저는 인물에 이입하자면 민성에게 이입을 많이해서 영화를 봤습니다 실제로 일어난다면 민성과 가까울것 같네요 도드님의 의견에 많이 공감됩니다 명화의 행동에 답답한 부분도 역시 있었네요 명화의 행동으로 인해 피해도 있었다고 보구요 그리고 영탁의 행동이 다 수용범위에 있었다고도 생각되지 않아요 그의 사정은 원래 그가 그런 사람이 아니라는걸 보여줬지만 영탁의 순간으로 나오는 그 본성으로 느껴지는 부분이 영탁을 그렇게 만든데에 시너지효과를 낸 것 같아요 그래서 누가 옳고 나쁘다 탓할수없다 선악을 구분할수없다 그렇게 생각되는 것 같네요 요약적인 제 의견은 그렇습니다 보는시각이 다 다른 관점의 의견이 궁금했는데 이렇게 여러의견을 접하게 되서 무척 좋습니다 잘읽었어요 감사합니다
403,INFJ,도드님 귀여워요
404,ISFP,사람에게도 생존본능은 있지요 어쩔수없는겁니다
405,INFJ,달빛님 의견 감사합니다 그렇죠 생존본능만이 살아있는 순간일테니까요
406,INFJ,그러네요 말씀에 공감됩니다 의견 감사합니다
407,INFJ,오 맞아요 작성하신글 굉장히 흥미롭게 읽었습니다 저는 영화에서 민성을 가장 눈여겨봤던것 같습니다 선택의 기로에서 무엇이 맞는걸까를 민성이 보여줬다고 생각하지만 결국 그도 그의 신념이 있었죠 살아남은 사람들 모두를 위한 최선의 방법을 찾는 사람들도 아닌 사람들도 그들 스스로는 본인에겐 최선의 방법이지 않았을까 생각도 해봅니다 그래서 안타깝지만 탓할수 없다 느껴진것 같아요 좋은 의견 너무 감사드립니다
408,INFJ,네 ott로는 아직 못봤습니다
409,INFJ,감사합니다
410,INFJ,하신말씀에 공감됩니다 마지막 장면을 보면 아파트안은 안전한 공간이기도 하지만 아무것도 보지않은채 안주하는 공간이기도 하지않았나 그런생각도 드네요 의견 감사합니다
411,ESTP,저는 보면서 배우들 연기력에 감탄하고 끝 아직 겪어보지 않아서 모르겠습니다 영화는 영화일뿐 z
412,ESTP,황궁아파트 한개만 살아있어서 역시 영화네 다 쓰러져야지 왜 저것만 안쓰러지냐 싶었고 정유미님이 계속 꼬맹이랑 무전칠때 다들렸을거같은데 역시 영호라 안들키고 스토리 전개가 되는구나 하면서 현실적으로 있을수 없는일이네 하면서 봤던거같아여 하하
413,INFJ, 현실성이 떨어지긴하죠 덩그러니 그것도 한채만 멀쩡하게 있을리가 배우들 연기력에 저도 감탄하면서 봤답니다 의견 감사합니다
414,INFJ,그럼요 닷지님 편하신대로 해주시면 됩니다 
415,INFJ,닷지님 아니에요 바쁘신 와중에도 신경써주셔서 진짜 너무 감사드립니다 열심히 읽어보겠습니다
416,INFJ,탐탐님 영화보고 오셨군요 의견 감사합니다 그렇게도 생각하실수 있겠네요 현실적으로 바라보신듯 합니다 세상이 불공평하게 돌아간다고 말씀하셨으니 제 의견을 더 말씀드리자면 저는 영탁이가 영웅이라고는 생각되지 않습니다 본성이 밑바탕이 되어 사람들이 만들어놓은 영웅심리에 취한 사회적인 계급에서 위로 올라가고 싶었던 이상주의자라고 오히려 생각되네요 불공평한 환경이 만든 폐해가 영탁이 아닌가 싶어요
417,INFJ,그러네요 화재진압의 순간도 영탁의 모습이였죠맞아요 영탁이 가족을 무척 사랑한다고 생각되더군요 손을 잡고 우는 장면이 생생해요 즐거운 대화였습니다 탐탐님 감상평 공유해주셔서 감사해요
418,ISTJ,정말 우리카페 유죄남들은 다 인프젠가봐요 전 인프제가 아니라 모르지만 그냥 말 그대로 받아들이셔도 되지 않을까요
419,ISTP, 직진하던 저에게 브레이크를 쎄게 걸어주시네요 
420,ISTJ,님도 소개팅 받아요 인연이면 되겟죠 
421,ISTP,넹 그래서 제가 먼저 연락하지 않겠다고 했어요 
422,INFJ,거절아니고요 고마운데 아직은 부담이게 맞는 표현같아요 템포 살짝 늦춰주세요 상대는 그정도로 꽂힌건 아니지만 호감은 맞거든요 다른분 만나보고 엄청 꽂히는거 아님 연락올수 있어요 근데 부담이라고한게 좀 걸리긴하네요
423,ISTP,넹 저는 이제 멈추고 있을려구요 
424,INFJ,네 인연이면 닿겠죠 힘내시고 좋은밤 보내세요
425,INFJ,거절 의사 처럼은 안보이는데 저 인프제 진짜 나쁜 X네요 다음 소개팅녀를 아직 안긁어봤지만 님이 나쁘지는 않으니깐 여지는 열어두겠다 이런 의도 같아 보이는데요 
426,ISTP, 애매하고 이성적 매력이 확 오지 않은거죠 
427,INFJ,95 정도 충족했어도 일단 둘다 긁어보고 싶다는 생각인 것 같아요 저는 저런 사람 너무 별로 
428,INFJ,네 저거만 봐서는 연락와도 받지말라고 하고 싶어요
429,ISTP,제가 먼저 물어봤었어요 혹시 다른 소개팅도 있냐구요 그러니 솔직하게 첫날에 말씀해주셨어요
430,ISTP,앗 죄송까지야 소개팅을 받을때 저는 좀 몰아서 받을때가 있어서요 그래서 상대방도 그런지 궁금했었어요
431,ISTJ,와우연락하지마세여
432,ISTP,네 직직하던 내 마음 멈췄어요 
433,ISTP,네 맞아요 그렇게 만남을 하다가 진짜 이 사람이다 싶으면 굉장히 푹 빠지면서 오래가거든요 전 이번에 그런느낌을 받았었는데 저분은 그게 아니였나봐요 근데 제가 이성적인 매력이 부족해서 뒷사람 생각도 나는거겠죠 
434,INFJ,그냥 그런가보다 하지 마시고 가볍게 물어보세요 왜 소개팅을 두번 잡는지 이상형은 누구이며 소개팅 받는 이유 추가로 받는 이유를 물어보시고 많이 받아봤는지 소개팅으로 사귄적이 있는지 이런걸 가볍게 흘러가듯 물어보면 분명 이유가 있을겁니다 재고따질거면 결정사를 갔거나결혼 주변 지인들 중에서 재고 따졌을것같슴니다 여사친 선배 후배 직장동료 등등 왜 그런지 본질을 물어봐야 대화가 통할것같아요
435,ENFP,제가 보기엔 이성적인 호감으로 느껴집니다 그린라이트 고고하세요
436,INFJ,쪽지 주세요 
437,ENTJ,방금 쪽지 드렸습니다
438,ISFP,제 인생에 처음으로 적극적으로 하는중인데 23이면 충분히 이해하고 기다릴수있지만 4번일 가능성때문에 좀 위축돼서요 너무 부담스럽지않게 확신주는 좋은 방법은 어떤걸까요
439,ISFP,글쿤요 분명 호감인데 이렇게 소극적인남자 처음봐요 완급조절도 필요없고 그냥 들이대는게 제일 효과적일까요
440,INTJ,바쁘면 그냥 놔두어야 하나요 아니면 계속 표현을 해야 하는 건가요 그냥 도와주는 게 나으려나요 
441,ENFJ,남성분 나이가 30대 후반 40대초 인가요
442,ISFP,네 그쯤 돼요 나이가 많아서 그런걸까요 
443,ENFJ,처음부터 결과 기대하지 마시고 꾸준히 연락하고 만나고 허심탄히 대화 잘 나누어보시고 후에 고민상담하심이 좋을 것 같습니다
444,ISFP,나이가 있는 엔프제에게 두세번 만남으로 정해지는건 없는건가요 너무 적극적이지 않으면 마음 별류 없다고 봐도 될지
445,ENFJ,해당 질문을 역지사지 해서 스스로 물어보세요 쓰니님은 타인과 만날때 한두번 만남에 판단한적 있었는지 또는 자신 편리대로 수동적이지 않았는지 자신이라면 어떤 판단 내렸는지
446,ISFP,역지사지해서 알거같으면 이런 글을 썼을까요 왜 날선 댓글을 쓰신지 모르겠는데 지금 제가 적극적으로 하고있는 상황이라고 적었고 저는 성향상 23번이면 충분하고 그 다음은 연애하면서 알아가는 스타일이에요 좋은 사람이라고 느껴져서 제 성향 극복하고 대하고있는데 어려워서 질문한거에요
447,ISTJ,아직 꽂힌 상태는 아닌 거 아닐까여 님이 마음에 들면 꼬셔야죠 나쁘지 않고 날 좋아해주니까 몇번 더 만나보자 하는 마음일 거 같아요
448,ISFP,제가 만나본 남자들이랑 너무달라서 어렵네요 말씀하신것처럼 날 좋아해주니까 만나볼까인것같아요 포기하는쪽으로 마음이 기우네요 
449,ENFJ,거의 안하는뎉 상대가 귀찮아할거 같으면 읽씹으로 아니 근데 따봉이나 하트정도까지는 누르는데
450,ENFJ,읽씹하는건 내사람으로 인정을 아에안한다는건데 전 아무리 싫은사람이있어도 읽씹까진 안하거든여
451,ENFJ,보통은 읽씹 안하구요 근데 너무 바쁘면 저도 모르게 헐 내가 읽씹했었네 하긴해요 일때문에 바쁘니 신경못쓴거죠 근데 백수일때 읽씹은 아무래도 안친하거나 불편한 사람일 확률이 크겠죠
452,ENFJ,저 눈치챘으요 이댓글달고 아르테님 글 봣어서 앗 햇다는
453,ENFJ,저도 아르테님의 의견에 동의합니다
454,ISFJ,네 말씀하신 것처럼 마지막 문단 내용 처럼 상대가 그 부분에서 화가날수도 있을거 같기에 나는 너를 믿지만 너와 엮인 사람을 믿지 않는다 라고 말했는데 전혀 소용이 없겠군요
455,ISFJ,한번에 손절인지는 모르겠으나 언젠가 다음에 만날때 라는 말을 한것으로 보아 한번에 손절인거겠지요 그 일이 사실이라 더이상 가까이 두면 안되겠다 생각했거나 제 관계가 그 엮인 사람보다 못하거나 둘중 하나인게 아닐까 싶어요
456,INFJ,너무 두루뭉실한 내용뿐이라 중요내용이 빠져있고 글쓴이님이 어떤 상황에대한 어떤 감정을 느꼈는지 인프제가 화났다 밖에 없어서 통찰력 능력응 쓸 수가 없네요 주어와 핵심내용을 알 수 있도록 글을 수정하시면 인프제들이 도와 줄 수 있을지도 몰라요
457,INFJ,2222
458,ISFJ,저도 이 친구가 제 이야기를 듣고 기분 나빠할수도 있고 불쾌해 할 수도 있고 여러 감정을 느끼는데 있어서 이해하지 못하는건 아니에요 하지만 말씀하신 것처럼 옆에 있는것만으로도 서로에게 힘이 되기에 이건 저만의 생각이 아닌 친구도 같을거라 봐요 제 조언이 기분 상해도 이렇게 나를 생각해주는 사람이 있구나 라는걸 알아줬으면 좋겠어요 그 친구는 현명하니까 알아주리라 믿지만 제 입장에서는 가족만큼 더 믿고 의지한 사람이 떨어져 나갈생각하니 앞이 캄캄하네요 감사해요
459,ISFJ,네 싸운적 한번 없고 이번 조언도 그 엮인 사람을 조심하라고 거리를 두라고 말한게 중점이였어요 친구를 깎아 내리거나 친구를 다그치진 않았어요 그런데 언젠가 다음에 다시 보면 좋은 모습으로 보자 라는 말이 너무 아프게 들리더군요
460,ISFJ,항상 먼저 미안하다하고 고맙다고 하는 친구라 자존심이 세다고 느낀적은 없는데 이번은 모르겠어요 그냥 하루종일 마음이 안좋고 아파서 아무것도 못하겠는 상황인데 뭔가 연락이 왔으면 좋겠네요
461,ISFJ,그럴수도 있겠네요그냥 이제는 다른거 다 필요 없고 아무일 없이 나쁜 방향으로 가고 있지 않기를 기도할뿐이네요 그 친구를 믿어야죠 그리고 기다려야겠어요 그 친구가 저를 정말 생각하고 있다면 연락올거라 믿고 싶어요
462,ISFJ,근거는 있지만 근거를 말할 수는 없는 상황이고 그 근거를 들이대면 더 숨을수도 있어서요친구를 폄하하거나 그러진 않았어요 다만 친구와 엮인 사람을 주의하라고 했고 거리두라고 했고 조심하라고 했어요 마지막 말씀은 그럼 언젠가 다시 이런 워딩은 진짜로 마지막 일때만 나오는 단어인가요
463,ISFJ,맞아요 저도 느꼈어요 아마 다시는 안 볼 생각으로 저한테 그렇게 말한거 같아요 하지만 말씀하신 것처럼 제 진심이 정말 잘 전달 되었다면 그동안의 같이 지내온 시간이 헛되지 않았을거라 생각하고 연락오길 기다리고 있어요
464,INFJ,저는 사람을 대할때 3자의 의견은 배제하는 편입니다너와 나의 관계는 3자와 너의 관계와 다르기 때문입니다사기에 노출된 것이 아니라면 그냥 놔두시는것이 좋았을것 같습니다
465,ENFJ,2222222
466,ESTP,J니까 22222222222222 가 좋지않을까요
467,ENFJ,서프라이즈 이벤트 너무 좋고 진짜 생각하신거 초초초 감동이긴한데 항공취소되면은 또 수수료미안하고 약간 그러니까 그냥 2 제가 저거 받으면 초감동할듯해욤 예전에 서프라이즈 이벤트 받았을때도 펑펑 울었어용
468,ENFJ,저는 만약 제 상황때문에 항공 취수료 부담해야한다면 너무 미안하고 속상할 것 같아요 미리 말씀해줘도 충분히 깜짝 서프라이즈 입니다
469,ENFJ,저는 2번이 좋아요 J 라서 일정 안맞아 취소 해야하면 고마운데 미안해서요 미리 말씀해주셔도 그거 자체로 서프라이즈일듯 해요
470,ENFJ,편지는 꼭 쓰셔요
471,ENFJ,22222
472,INFJ,할얘기 있음 다 하시고 받으세요 상대는 다 정리하고있으니
473,ISFP,받을거 다 받으세요
474,INFJ,이전글에선 인티제 이 글에선 인프제인데 둘 다 완전 다른 성격입니다 정확하게 알려주시겠어요
475,INFJ,깔끔하게 정리하시는게 좋아 보여요
476,INFJ,택배잘받았다고 택배사알림 왔던데 내거는 언제보내줄수있어
477,ISTP,사겨도요
478,ISTP,사겨두요
479,ISTJ,칭구만날때도 자주 왔어여
480,INFJ,네 저도 만나는 사람에 대한 예의로 폰 잘 안 만져요 내 앞에 있는 상대방에게만 오롯이 집중하고 싶고요 화장실 가거나 이동할 때만 짬내서 가끔 톡보냅니다
481,INFJ,네 연락안해요 선보고 후보고 식으로 연락하고 상대가 더 자주 해주길 원하면 노력할듯합니다
482,INFJ,친구 만날 때는 연락 잘 안 보고 안 해용
483,INTP,사바사이긴 하지만 예의상 누구를 만나고 있으면 거기에 집중을 해야하니 상관 없을 것 같아요
484,INFJ,적당한 타이밍 잡아서 잘 하는 편입니다 서로 화장실 갈때 등등
485,INFJ,앞사람에대한 예의가 아니죠 친구랑 헤어지고 바로 연락합니다
486,INFJ,그 사람의 조건보다는 만났을때의 상황이나 분위기에 끌리는 편 입니다 그래서 얼굴이나 성격 보다는 좋은 장소에서 좋은 계기로 만나는게 더 중요해요 다만 기본적인 예의 없는 사람이나 담배피는 사람은 아무리 다른 조건이 뛰어나도 용납할 수 없어요
487,ESTP,1년8개월정도 infj남자친구랑 연애중입니당 시간이 지날수록 남자친구가 평일에 저를 보는 횟수가 줄어들어서 자주 봤으면 좋겠다고 얘기했습니당 가까운 동네고 차로 1520분걸리는데 infj 입장에선 주23회 보는게 부담일까요 1 infj는 자주보는거 비선호 하나요 2 infj는 권태기 오나요 온다면 권태기 신호 또는 특징 알려주세용
488,INFJ,1 INFJ가 자주 보는걸 비선호하는건 친구 관계에서 그렇습니다 눈에 넣어도 아프지 않을 연인인데 오히려 훨씬 자주 만나고 싶어 하죠 2 INFJ 권태기 생각보다 자주 옵니다 이유가 상대가 질려서라기 보다는 일이 너무 바빠지거나 하면 연애가 뒤로 밀리는 경향이 있어요 조금 시간을 주시는게 좋을 것 같아요
489,ESTP,이 카페에서 INFJ 권태기 검색하면 대부분 권태기 잘 안오는 편이라고 하던데 제가 생각하기에도 권태기 자주오는거 같더라구요 개인 시간 필요할때 많이 주긴하는데 언제 줘야할지 감이 안잡혀서 저도 무의식적인 배려로 개인시간 필요하다 생각해서 줬는데 만나는 횟수가 줄어들더라구요 글서 그런지 서로 애정이 식어가는게 좀 보이고 뫼뷔우스의 띠 같습니당 휴 너무어려워요
490,INFJ,연애에서 흔히 말하는 상대에게 매력 떨어져서 싫어지는 권태기는 잘 안오는 편이 맞죠 하지만 인프제는 멀티가 안되는 편이 많아서 오히려 주위에 일이 너무 복잡해지면 연애라는 것 자체에서 멀어지려고 하는 것 같아요 아마 저사람은 인프제니깐 개인시간을 보장해줘야지라는 생각으로 만나시면 적게 만나는게 당연한 줄 알고 더 집으로 기어들어갈 것 같아요 조금은 적극적으로 끌어내시는게 좋을 것 같네요
491,ESTP,주위에 일이 너무 복잡해져서 연애라는거에 멀어지려하는데 그냥 상대방은 똑같이 행동하고 데이트하고 하면 되는부분이죵 이럴때 어떻게 해야하는지 팁좀 주셔요 
492,INFJ,진짜 그런 이유라면 뭔가 좋은 말을 계속 전해주세요 비유를 들어보자면 이달의 소녀 츄같은 밝고 긍정적인 에너지를 계속 보여주시면 힘든 인프제 입장에서는 더할 나위 없는 행복이죠 그런 상황에서 연애에 대한 스트레스를 주려고 하지 마세요 팁을 드리자면 데이트 코스 같은거 평소에는 너무 좋아하지만 바빠지면 그런거 까지 신경쓰기에 너무 힘들어져요 글쓴이 분께서 뭘 할지 미리 코스를 정해서 이런곳 한번 가보자며 먼저 선톡을 넣어보시면 좋을 것 같습니다 P이셔서적어봐요
493,ESTP,팁 알려주셔서 감사합니다 밝고 긍정적인 에너지의 소유자여도 현실직장인이라 매번그럴수는 없어서 에너지딸리면 남친infj가 채워줫으면 하는데 액션이 없어서 아쉬우면서 좀 현타비스므리하게 옵니다 주위에 일이 복잡해지면 애인에게 알려주는편인가요
494,INFJ,무조건 힘든 일은 속에만 담아두고 이야기 하지 않아요 괜히 말했다가 여자친구에게 자기의 부정적인 감정이 옮겨가는게 싫거든요 그래서 항상 자주 자주 물어봐주시는게 관계유지에 좋을거에요 나는 너의 그런 감정도 받아들일 수 있어라는 믿음을 주시는것도 좋아요
495,ESTP,감사합니다 제남친을 포함해서 INFJ가 바운더리에 있는 사람들에겐 고쳤으면 또는 바라는 부분들에 대해서 말을 좀 쎄게하는거같은데 이게 제가 느끼기엔 가까운 관계일수록 더 말을 예쁘게 하고 포용해줄 수 있는 부분 아닐까 라는 생각을해요 아예 남인 사람들한텐 오히려 더 예쁘고 관대하면서 바운더리 안에 있는 사람들한텐 냉철하게 얘기하는걸까욤
496,INFJ,넵 인프제는 싫어하는 사람은 손절하고 가까운 사람은 고치려고 하죠 정말 사랑하는 사람의 단점이 남에게 혹시 안좋게 들릴까봐 미리 고쳐준다고 생각하시면 좋을 것 같아요
497,INFJ,취미는 많은데 집 밖에 나가는게 귀찮아서 실내에서 하는걸 주로 합니다 친구는 남이 보기에는 많아보이는데 그 많은사람들 중 제가 진짜 친구라고 생각하는 사람은 몇명 안됩니다
498,INFJ,답 드렸어요
499,ISTJ,저도 쪽지봐주세요
500,INFJ,답장 드렸어요 
501,INFJ,괜찮아요
502,INFJ,그냥 사진을 보냈다는 것 만으로는 너무 넘겨짚는 것 아닐까요 뭔가 다른 이유가 더 필요해 보여요
503,INFJ,정확하게 저 행동만 보고는 플러팅이라 할 수 없죠 나 운전한다라고 사진 보내는건 누구한테나 할 수 있는 행동인 것 같아요
504,INFJ,이거 어디서 하나요
505,ISTP,제 사연 보러 와주실수 있나요찐 인프제남 마음이 궁금해요
506,INFJ,인프제 남자입니당 쪽지 주셔염
507,ISTP,쪽지 드렸어요2개
508,INFJ,이미 댓글 달았었던글이네요 
509,ISTP,오잉 댓글이 안보여요 혹시 쪽지 드려도 될까요
510,INFJ,넵
511,ISTP,감사합니다 보내드렸어요 쪽지가 2개에요
512,INFJ,답장 완
513,ISTP,진짜 최고시네요쪽지 드렸어요
514,INFJ,완
515,ISTP,대박쪽지 보내드렸어요
516,INFJ,잘되길 바래요 완
517,ISTP,케모님 진짜 최고세요좋은 밤 보내세요
518,INFJ,ST와 NF가 완전 반대성향인데 IJ와 EP는 논리적으로 충분히 납득이 가능한 성향차이인데 소심하거나 활발하거나 계획적이거나 즉흥적이거나 상식적인 범주내에서도 보편적으로 타당한 평범하다고 볼 수 있는 성향차이임 반면 이상적이거나 현실적인건 직관적이나 감각적인것과 감정적인것 감성적 혹은 문제의 본질을 고뇌해 옳고 그름을 판단하는 혹은 사고형감정감성 없이 팩트에기반한 사실주의은 너무 괴리가 크며 상호 이해하기가 불가능할정도의 여러 사고체계의 구조가 다르다고 개인적으로 생각하게 되었습니다 따라서 너무나도 심한 비 정상적인 수준의 차이에는 이유가 있을것이라고 판단했고 그래서 ST와 저 NF에대한 자료를 매우 많이 분석하고 습득하기 시작했는데 NF도 아직도 공부하고 있지만 거의 판단이 끝났고 분석도 끝이나 어느정도의 결과가 도출되었는데 ST는 도무지 이해하기가 불가능해서 끝 없는 단서와 정보들을 조사해서 정제해 데이터를 쌓고 있습니다 가령 제가 발견한 수 많은 차이점의 단서중에는 뇌에대한 논문도 있는데 제가 지난 10개월간 분석해본 자료들에의하면먼지같이 작은 뇌에관한 어떤 정보는 감정적인 면에서의 F성향 결여와 T성향의 관계는 전두엽 혹은 전두엽 피질의 발달과 발달미숙 혹은 장애와 연관성이 있다는 논문들을 여러개 보게 되었습니다 위와같이 논리적이며 과학적으로 큰 차이점 감정결여와 본질을 꿰뚫어보지 못하는 결여능력같은부분을 설명시켜주기에 도움이되는 혹은 신빙성과 연관성이 조금이라도 있는 정보를 참고해 ST를 이해하려고 노력하고 있습니다 마치 아는 친구 부모님이 돌아가셨을때 NF는 여러 이유로 친하지 않더라도 장례식에 가서 위로를 건네는 행위를 통해 최고의 예우를 다 하는 것과는 반대로 ST는 그러지도 않을 뿐더러 어느정도의 지인 혹은 친분이 있는 지인에게 마음을 표현하는것에 돈 10만원을 부조하는것이 최고의 마음표현이라는 이러한 차이점 표본이 부족하지만 매우 흥미로운 차이입니다 NF는 함께 있어주는것슬픔 나누면 반 혹은 힘들때 곁에있어주면 진정한 친구 얻는것에대한 이해 ST는 함께 있어주는것내 입장에서 그냥친구가 그러면 부담 느낌 돈으로 부조하는것으로 예우를 할 수 있음 슬픔을 나눠봐야 슬픈사람만 둘 될뿐 비 효율적 혹은 비실리적임 등등 이런 사고와 판단이 나오는 구조를 파악하기 위해서 그리고 오해하지 않고 이해하기 위해서 제 기준의 옳고 그름을 정하기 위해서 관심사로 두고 있습니다 인프제는 이런거 좋아합니다
519,INFJ,이런 사고와 판단이 나오는 구조를 파악하기 위해서 그리고 오해하지 않고 이해하기 위해서 제 기준의 옳고 그름을 정하기 위해서공감합니다 
520,INFJ, 같은 인프제네요
521,INFJ,22
522,INFJ,실제 있었던 일들을 토대로만 적은 내용입니다 오해는 서로 같은 생각의 틀이 있다는 전제하에 오해가 성립된다고 봐요 서로 생각의 구조 자체가 달라서 서로에게 실례가되는 행동일 수 있기 때문에 오해가 아닌 정확히 이해한것으로 반대성향으로 주장하는것이며 정확한 이해를 토대로 생각의 구조가 왜 그렇게 생겼는지를 찾아가는 분석 단계에서 검증을 끝 없이 하는거죠 힘든걸 나눌 필요가 없다면 슬픔을 나누면 반으로 혹은 조금이라도 줄어든다 의 논리처럼 극명하게 갈리는 생각의 구조는 장례식은 왜 할까요로 시작되서 끝 없이 뿌리에 가까워지는 질문을 반복함을 통해 ST분들의 생각의 구조는 이기적일 수 있다 NF관점에서라고 이해를 할 수 있게 됩니다예시 자신이 그런일을 겪으면 달라지는 모순적인 모습을 보이며끔찍한 불행 자신들만의 방법으로 세상의 논리와 사회적 관습 관념 그리고 보편적인 논리둘을 깨 부수려고 하는것일 뿐 이런것들을 볼때 ST분들의 행동이 결코 옳다고만 볼 수는 없다는 견해도 외면 할 수 없거든요 ST분들의 논리를 뿌리 끝까지 다가가 건들면 NF인 제 입장에선 지극히 이기적이고 개인적이며 미련한 사람일 뿐이라고 확신을 하게되는데 생각의 구조에 대해 이해를 하려고 노력한다면 다른 견해가 나올 수 있기 때문에 오해가 아닌 구조의 이해를 예시와함께 든 것이 맞는것 같습니다 이해없음은 그냥 이기적인 사람들 이라는 부족한 결론과 일반호 이지만 분석을 하며 구체적인 예시를 토대로 바라보는것은 다르다고 봅니다
523,INFJ,머리가 나쁘시다는것을 아신다는것 대단하시네요 동어반복과 말을 뱅뱅 어렵게 꼬아서 하는것은 제대로 적을까 대충 적을까를 고민하다가 댓글 달 가치가 없어보이는 무례한 댓글이라는 생각이 드는 순간 마다 딴생각을 해서 그런것 같습니다 답변해줄 가치가 없다고 느끼면서 답글은 달아주는게 맞는것 같기도 하고 잘못된 소리니 제대로 이해시켜줘야하는데 어차피 이해하지 못할 사람인것같다는 생각에 내가 뭐하나 이런 느낌으로 적다보니 글이 정제되지 못한듯 합니다 어렵게 꼬아 야기한건 그 세세한 내용들이 꼭 필요했던 문구였다는것조차 본인이 이해를 못하신것 같고 무엇보다 가입인사 양식에 답변하나 제대로 달지 않으셔서 본인을 떳떳하게 공개하지도 않고 카페의 룰을 지키지도 않는 사람이 저에게 프레임이니 이해도가 낮니 하기엔 기본도 안된게 아닌가싶어서 무슨 mbti이신지 궁금해졌네요 이해는 부족하지 않습니다 인프제는 이해가 부족한 내용을 10개월이나 분석하지 않고 10개월이나 분석한것에 대한 이해가 부족할정도로 지능이 낮지 않습니다
524,INTP,저도 혹시 쪽지드려도 될까요 직장 내 관계에 대한 질문이에요
525,INFJ,네 주셔요
526,INTP,감사합니다 보내드렸어요 편하실 때 봐주세요
527,INFJ,답장 완
528,INTP,빠른 답장 감사해요 답장드려봤습니다
529,INFJ,완
530,INTP,답장 감사해요 계속 쪽지하시게 해 죄송하구요 덕분에 이해하기 좀더 수월해진 것 같아요
531,INFJ,아닙니다 좋은일들 계속 많이 일어나시길
532,INFJ,네
533,INFJ,완
534,INFJ,답장 드렸어욥
535,INFJ,추가로 제 얘기도 보내드릴게요
536,ESTP,혹시 쪽지로 질문 드려도 될까요
537,INFJ,넵
538,ESTP,쪽지 드렸어요
539,INFJ,완료 
540,ISTP,어렵네여 전 오늘도 인프제가 피곤해 보여서 얼른 먼저 자라고 했더니 자기가 뭘 잘못한 줄 알더라구여 사랑표현에 정말 사랑을 많이 느끼는 인프제 그리고 상대방이 뭐가 좋다고 하면 바로 바꾸는것도 너무 똑같네여 뭔가 저는 안그랬으면 좋겠는데 가스라이팅하는 기분 진짜 똑같아여
541,INFJ,2번 관련해서 궁금한 거 여쭤봐도 괜찮으신가용
542,INFJ,감사합니당 펑
543,INFJ,헉 상세한 답변 감사합니다 펑
544,INFJ,앗 그런 거였군요 감사합니다
545,ESTP,4번 매우 공감
546,ENTP,4번매우공감 첨에는 말로만저러니 신뢰가 가지않았지만 실행력이부족해서 일수도있다고 생각해용 대신 말로표현은 진짜사랑꾼인 infj
547,ISTP,인프제 만나고 있는데 엄청 생각이 많아서 배려적인가방어적이긴해요 그 날 만나면 답이 나올거에여
548,ISTP,선톡 먼저 오는거 보면 항상 이유를 만들어서 연락을 하더라구요 그래서 원래 선톡을 못하는 성격인가 싶다가도남자는 관심 있으면 연락 먼저 하지 않나하는 생각도 들고여만나기 전까지 저도 연락 참아야하는지
549,ISTP,아녀 상관 없어여 먼저 하셔도 될것 같아요 진짜 단정지을수는 없는데 제 상대방은 막 부담될까봐 상대방은 자기한테 호감없을까봐 바쁠까봐 지금 일할까봐 이런저런생각을 다 했더라구요 잇팁하고 생각회로가 좀 달라옄
550,ISTP,당일날 보러간다고 해도 오케이하구 이틀연속 볼정도면 전 호감 같아여 진짜 생각 엄청 많아여 진짜 모두가 그런건 아니지만 전 엄청 단순한 쪽이라서 
551,ISTP,용기내볼게요답변 감사합니다
552,ISTP,제가 용기내서 먼저 연락 해보는게 맞을까요 저한테 관심없는 사람한테 먼저 연락하는 걸까봐 용기가 안나네요 어쩔수없는 i
553,ISTP,아 입장바꿔서 생각하니 그러네요답변 감사합니다 3자의 입장에서 본문만 보실 때 저 친구도 어느정도 관심이 있는것 같아 보이시나요 저는 객관화가 안되서요
554,ISTP,답변 감사합니다 진짜 전문가 포스제가 조금 더 용기 내봐야겠어요
555,ISTP,하나만 더 여쭤봐도 될까요 주말에 이틀 연속 약속을 잡았고평소에 10시면 자는 친구인데 저보고 자기 늦게 들어가도 되니 막차 타고 가라고 했어요 제가 한번은 장난으로 당일에 보러 가겠다고 하니 바로 오케이 하더라구요 그리고 이 친구가 자꾸 부산 오겠다고 했는데 제가 말돌리고 만나서 이야기 하자고 했거든요 이건 어떤 심리인지 궁금해요용기를 내보려 하는데 그래도 어느정도 확신은 필요한지라 
556,ISTP,전문 상담가한테 상담 받는 기분이에요제가 좀더 확신을 줘야겠네요 늦은 시간까지 답변 감사드려요 
557,ESTJ,흐아 좋은 게 좋은 거지 싸움 싫어 엔프제라 그런가 의견 충돌할 때 a에 대해서 물어보고 납득이 되면 안 되면 맞춰가고 싶은데 대답을 안 해주니까 너무 답답해요 자기 생각을 논리정연하게 말해주면 얼마나 좋을지
558,INFP,남친이 엔프제인데요 엔프제찾아보면 장단점 다들어맞는 엔프제틀 제가 불만있어도 묻어뒀다가 한번에 터뜨리는편이고 툭툭 말을 할때가많은편입니다 그럴때마다 조용히 다들어주고 사과 할껀하고 오해할껀 그자리에서 다풀고 다시는 똑같은말안나오게 절대고쳐요 자기자신도 똑같은말 반복해서듣는걸 싫어해서 그런것같은데 엔프제에게 회피성이라니 사바사인가봐요
559,ENFJ,무슨질문을 하셨나요
560,ENFJ,엔프제 은근 상처잘받는 타입이라 정곡을 찌르는 질문하시면 상처받고 뿐만아니라 내가 여기서 받아친다면 사소한게 일이 커질수있으니 미리 알고 피하는거같아요 이거는 회피랑 다른개념같습니다 그리고 말은 잘하는데 논리정연하게 못해요 그때그때 기분이 다 다르기때문
561,ISTP,아닠 두분 너무 귀여운거아닌가여 흥 너무 유죄아닌가여 10대커플 보는것 같아여 가서 바나나라도 까서 먹여주면서 풀어주면 안될까여
562,ISTP,30대에 이러고 놀고 있습니다 오늘의 굿나잇인사가 흥일거라고는 바나나 까주러 가고 싶은데 집을 몰라요 하하하하 내일 치과 가기전에 너무 걱정말라고 전화해야겠네요
563,ISTP,치과 앞에서 베라 아이스크림 사들고 기다리면 안될까여 사랑할때 다시 순수해지면 찐사랑이라는데 어떡하면 좋아여
564,ISTP,저도 참 오랜만에 하는 연애인데 아니 아직 연애는 아니죠 흠흠 어쨌거나 아 인프제분 귀여워서 막 그랬는데 치과 앞에 아이스크림이랑 찜질팩이랑 들고 서 있어야겠네요
565,ISTJ,원숭이냐고 코끼리냐고 
566,ISTJ,
567,ISTP,
568,ISTJ,죄송합니다미성년 유저를 위해 댓글은 삭제 총총
569,ISTP,으므낫 너무 야한거 아닌가여
570,ISTJ,제가 이 순수한 글을 더럽힌거 같네요 썩어빠져 죄송합니다
571,ISTJ,
572,ISTP,바나나 4송이 샀다길래 진짜 이 피터팬은 원숭이냐 코끼리냐 그래서 되돌아온 답이 흥입니다 
573,ISTJ,제 엣팁은 여러모로 실속있는 남자입니다 자랑입니다 유자님 글을 계속 더럽혀서 죄송합니다
574,ISTJ,근데 너무 귀엽지 않나요 바나나만 먹을 각오 잔뜩하고 나름 계획있게 쟁인거잖아요 넘귀
575,INFJ,죄송한데 질문하나제 잇티제 남친도 그런 농담 하는데 왜 그러는거예요반응이 재미있어서
576,ISTP,부러움에 눈물 한사발 훔치고 갑니당
577,ISTJ,남친분은 모르겠고 저는 늙고 병든 변태라 그렇습니다 가끔 인프제 친구에게 언니 제발 추접한 단어좀 쓰지 말라고 질색 당하긴 하는데 남친은 좋아해요 놈같다고
578,INFJ,늙고 병든 변태전 가끔 웃고 가끔 질색하는데 좋아해볼까요
579,ISTJ,맞불 놓아주시면 질색하며 덜 하실지도
580,ISTP, 네 어이가 없는데 귀엽드라구요 흥까지도 귀여워서 혼자 미친이처럼 히죽대고 있습니다 날 밝으면 풀어줘야지요
581,ISTP,처음 보는 모습이라 귀여워서 저도 모르게 그만 일단 날 밝으면 전화 해야겠죠 하하하하하하 세상에 나 삐졌어를 온몸으로 티내는 흥이라니
582,ISTP,네 자고 일어나면 보겠지요 톡 남겨놨습니다 그리고 미안하다고 잘못했다고 꼭 풀어줘야지요
583,INFJ,앜 상상이 갈 수 밖에 없는 글 내용 저는 아까 오후에 치과가서 뭐 좀 여쭤 보려구 갔는데 담당쌤이 안 계셔서 담주에 다시 오라구 하더라구요 그래서 일정만 조율하고 왔어요 이 글 보니 귀여움 다하구 삐진 거 조차 귀엽네욤 이 귀여운 인프제를 품어 줄 줄 아는 유자맛님 부럽슴당 흥칫뿡 같이 흥좀 해 보게요 농담이구 좋은 밤 되세요 담달이면 유치 발치 들어가야 하는데 심란하네욤 유치 다음 목표가 사랑니 생전 첨 임플란트인데 무서워여 교정은 치아 전체를 다 건들어서 더 오래 걸리고 힘들고 하는데 임플란트는 성공률도 높고 관리만 잘 하면 훨씬 자연치로 쓰고 오래 쓰는 게 가장 좋다라고 하더라구요 솔직히 맘 같으믄 울보 되고 싶은데 흘릴 눈물도 없어요 훌쩍 으앙
584,ISTP,30대 초반 남성이 삐졌다고 흥이라고 온몸으로 표현하는데 허허허 보라돌이님 너무 걱정하지 마세요 저도 잇몸이 좋지 않아 치과를 거의 4개월에 한 번씩 가는데요 매번 치료받을 때마다 고통스럽지만 그래 이까짓 거 이것도 이겨내지 못할 만큼 약하지 않다 하고 마음 다잡네요 우리나라 치과 기술력 엄청 좋습니다 임플란트 잘 돼서 삶의 질이 올라갈 것이니 너무 걱정 마세요 좋은 하루 보내세요
585,ENTP,귀엽네요 근데 저 같아도 코끼리 드립 할 것 같음걔 많이 먹고 많이 싼다던데 오늘 화장실 터지는거 아냐이럴거 같음
586,ISTP,바나나 4손 샀다는데 코끼리 드립 말고는 뭐라 할 말이 
587,INFJ,인프제 여성인데 인팁 남성분들하고 잘 맞는다고 느꼈어요 다들 말이 많지 않고 묵묵하게 제 말을 잘 들어주고 공감도 은근히 잘해줌 특별히 조심해야될 거는 굳이 뽑자면 말을 둥글게 하고 당신을 생각하고 있다는 배려심을 보여준다면 좋을 거 같네용
588,INTP,강손님 취직하셨나요
589,INTP,네 메이저 항공사에 붙었더라구요
590,INTP,선남선녀
591,ISTP,강손님께 드리는 선물인가요 뭐든 좋아하실 거 같은데요 
592,INTP,네 그분 맞습니다 그래도 조금 생각해서 줘야 할 것 같아서요
593,ISTP,222 축하하는 마음으로 선물 주는건데 저도 뭐든 좋아하지 않을까요라고 댓글 달라고 했어요
594,INTP,음 마땅한 게 생각이 안 나네요 뭐가 필요할지 물어볼까요
595,ISTJ,
596,INTP,
597,INFP,축하카드도 같이 드리면 좋아하실 것 같아요 
598,ENFJ,22
599,INTP,손 글씨 쓰는 건 아직 조금 어색해서
600,ENFJ,무조건 좋아하죠 챙겨주면 사랑에 빠지는 타입이쥬
601,INTP,받은 게 많아서 주긴 해야 할 거 같은데 무슨 선물이 좋을까 고민이네요
602,ENFJ,취직 선물 당연히 좋죠
603,INTP,실용적인 게 나은가요
604,ENFJ,어떤 것 중에 고민이세요 저는 취직 됐을 때 텀블러 많이 받았어요
605,ENTP,윗분이 말씀히신 것처럼 텀블러핸드크림간단한 메시지가 들어간 편지 정도 괜찮을 것 같네요 날씨 쌀쌀하니까 머플러 같은 것도 좋구요
606,ENFJ,실용적인 선물도 좋고 그냥 그걸 기념하는 선물도 좋아요 근데 저는 개인적으로 손편지를 훨씬 좋아해서 선물이랑 같이 지금 이렇게 고민하는 과정을 담아서 축하한다고 적어서 주시면 좋을 것 같아요
607,INFJ,엔프제는 긍정적인 에너지가 드러나는데 인프제는 좀 더 잔잔하고 초반에는 밖으로 드러나는게 많이 없는 것 같아요 뭔가 비슷한 듯 보이는데 많이 다르다고 느껴집니다 큰 틀은 많이 다른데댓글 잘못써서 수정했어요 세부적인 부분에서 닮은게 많아요
608,ISTP,맞아요 인프제 많이 웃긴하시던대 엔프제처럼 무해한 느낌은 못 받았어요
609,INFJ,솔직히 제 유형이지만 인프제를 완전히 무해하다고는 못하겠습니다만 같이 서로를 알아가다가 마음의 바운더리 안에 들이는 사람한텐 한없이 잘하려고 노력하는 따뜻한 유형이라고 말씀드리고 싶어요 시간 지나서 진전이 있다면 점점 드러내는게 많아질거에요 평소엔 잔잔하다가 가끔씩 내 사람에게만 드러내는 반전 매력을 좋아하시는 분들이 많더라구요 이건 저도 인정합니다 하지만 그만큼 상대방의 성심성의와 노력도 바라는 것 같습니다 서로 노력하는 관계라면 거의 평생 가는 관계를 보장합니다
610,ISTP,소개팅하시고 이제 애프터 잡으셨는데 상대분이 정말 마음에 드셨나 봐요
611,ISTP,넹 미치겠어요머리에서 떠나지를 않네여 
612,ISTP,네 저도 지금 제 상대분이 정말 갑자기 훅 들어와서 이해합니다 전 알고 지낸 지 1년은 넘었는데 지금 이렇게 된 게 신기할 뿐입니다
613,ISTP,잇팁이랑 인프제 궁합은 또 안좋다던데 왜이렇게 끌리는지 모르겟어요 정말 
614,INFJ,와와 행복해지셔서 다행입니다 축하드려요
615,ISTP,일단 고백을 이제 받아야해서 산넘어 산이긴합니다 
616,INFJ,질투 엄청 많고요 커플링 좋아하지만 넘 일찍 하면 거부감이여자인프제보단 남자인프제가 더 거부감 가질지도요
617,ISTP,거부감은 왜요
618,INFJ,넘 좋아해도 사람일은 모르는거니 하는 두려움이 있고 모든게 빨리 진행되는거에 대한 두려움이 있어요첨에 서두르면 빨리 끝나는 연애들이 있잖아요 맘은 넘 좋아도 그런부분에서 좀 경계를 하게되요 넘 설래발치고싶지 않아해요
619,ISTP,그럼 썸 기간도 길어야 좋은걸까요
620,INFJ,아뇨 서로 좋은마음이면 빨리 관계정립하고싶어요 놓치고싶지 않거든요 너무 오래 걸리면 급발진하고저 그래서 잇팁이랑 안된적있는데 그렇게 긴 썸도 아니었는데 상대맘 맘이 그게 아닌걸로 오해해서 끝났어요 갠적으로 잇팁 매력있어요
621,ISTP,잇팁인 저는 빨리 사귀고 싶어하는데 인프제님 잇팁은 그게 아니였나봐요
622,INFJ,그분이 신중하기도했고 주위에서 사람들 말도 많고 그게 걸렸나봐요 언제부터 진지하게 만나자했는데 행동보면 안좋아하는거같아서 그만하자고해버렸죠 후에 알고봤는데 절 좋아했더라는근데 지난인연이라 미련없어요 좋으시면 3번 만남안에 대쉬해보세요 전 넘 좋으면 기준이 3번의 만남이라 그후는 현기증 나요
623,ISTP,음 인티제보다 더 신중했다고요 제가 i랑e가 거의 반반이여서 그런가 네네 저는 거의 맘에들면 빨리 사귀고싶어하고 사귀면서 알아가는 스타일이라서요 후 인프제들은 미련이 잘 없나보네요
624,INFJ,네 저도 신중하지만 꽂히면 불도저라미련은 있지만 순간순간 최선의 선택을 다해요 최대한 후회가 없도록 그래서 헤어짐을 얘기할땐 모든 경우의 수를 생각해서 재회는 안하기도하고 노력으로 그리 되는것같아요
625,INFJ,질투의 화신인데 티는 이악물고 안내요 커플링 같은건 남사스러워서 싫어하져
626,INFJ,여자 인프제인데 커플링 좋아합니다 그리고 질투 엄청 많은 질투의 화신이에요 보편적으로 인프제는 남을 불편하게 만드는걸 싫어해서 티는 절대 안내려고 하는데요 저는 티가 난다고 하더라구요 이건 제 개인적인 성격인 것 같습니다
627,INFJ,1 질투 많음 2 티안낼려고 혼자 끙끙앓음 3 못버티겠으면 말함 4 커플링 좋아함 질투가 많기에 작성자님이 올리신것처럼 커플링끼면 그래도 어느정도 퇴치되니 하고싶어함 먼저 하고싶다해주던지 언지를 주세요 커플링 어떻게생각하냐구 대답하주는 기간에 맞추시면 될듯
628,INFJ,앗 그렇군요 제가 저 말을 한 이유는 누군가와 썸 또는 관계를 이어나가고 있는 줄 알았다 이 이야기를 하기 위함이었어요 이후에 실제로 말을 하기도 했고요 그랬더니 구구절절 변명 을 하더라고요
629,INFJ,저 혹시 실수한 걸까요 괜한 질문을 한 걸까요 인스타 보면 여성분들과의 교류가 많길래 그중 누군가와 뭔가가 있는 줄 알았어라고 했거든요 실제로도 그런 줄 알았어요 하하
630,INFJ,10년 된 남사친이고 제가 짝사랑 중이에요
631,INFJ,가벼운 사람으로 보이려나 마이너스로 작용할까 이 두 개 생각했었어요 저는 굳이 뚝딱거리면서 변명을 한다 제 기준에선 좀 의뭉스러웠거든요 일단 제가 호감 있는 거 알 거고 그 친구도 그냥 여사친으로 대하는 건 아니라고 생각해요 만나는 횟수나 나와서 절 대하는 모습이나 언제 쉬는지도 물어보고요 하지만 워낙 유죄인간 인프제이기에 호의와 호감 그 언저리에 있는 걸 제가 오해하는 게 아닌가 싶어서요 어떻게 더 들이대야 할지도 막막하네요
632,INFJ,맞아요 애매하게 굴면 애매한 관계로 남는다는 거 아는데 겁이 나서 쉽게 행동하지 못하고 있어요 저 말이 그 친구를 힘들게 하거나 생각이 많아지게 할 의도로 한 이야기는 아니었고 단지 제가 비집고 들어갈 틈이 있는지 궁금해서 물어봤던 거였어요 다 만나는 남친이 있는 사람들이고 그런 관계 아니라고 해명하듯이 답을 해서 약간 기대를 한 상태였거든요 또 만날 약속 잡으려고 제가 연락했는데 일정이 안 맞아서 다음을 기약했고 저도 인프제인지라 생각이 넘쳐나는 중입니다 호감이 있다는 신호를 분명하게 주면 좋을 텐데 기대하면 안 되겠죠 직진하고 싶은데 자꾸 멈춰 서게 되네요 
633,INFJ,진짜 겪어 보니까 이렇게 조심스럽다고 싶을 정도로 수동적이고 감정을 잘 이야기하지 않더라고요 만났을 때 뚝딱이는 거 보면 그냥 여사친 대하는 건 아닌 거 같은데 분명 신경도 쓰는 거 같은데 표현은 안 하고 같은 인프제인데도 답답사할 뻔 써 주신 댓글 읽고 보니까 저도 신호를 충분히 안 줬나라는 생각이 드네요 눈 딱 감고 뻔뻔하게 움직여 봐야겠어요 그냥 멈춰서면 제가 많이 아쉬울 것 같아요 언젠가 좋은 소식 전할 수 있으면 좋겠어요 늘 정성스런 댓글 고맙습니다 Arte 님
634,INTP,본인은 순애보다 이사람 저사람 많이 만나기 보다는뭐 이런 의미 같기도요
635,ISTP,저도 장기연애 해본사람으로 처음봤을때 물어본 이유가 정말 사랑이란걸 해본사람인지 연애에 여러 과정이 있는데 극복한적이 있는지 알아가기전에 궁금했던것 같아요
636,ISTP,정말 진심으로 사랑을 해본 사람을 원하시나요
637,ISTP,네 그랬던것 같아요 짧게만 연애해본사람은 또 그런연애를 반복할것 같았어요 최고 길게 사귄게 6개월 이러면 흠칫하게 된것같아요
638,ENTJ,제 남자친구 인프제인데 똑같이 물었어요 전에 사람과 얼마나 만났는지 묻고 자기도 그만큼 만났는데 그만큼 자기는 한 사람만 바라보고 해바라기 스타일이라 너가 걱정하지 않아도 된다는 식으로 말하기 위해 물었던 것 같아요
639,ISTP,아 좋은뜻이군요
640,ISTP,그럼 맘에 안들었으면 이런거 묻지도 않았을까요 요즘 말 한마디에 다 의미부여중인 잇팁이 되었네용
641,ISTP,그럼 단기연애를 한 사람이 인프제랑 장기연애를 하는것이 베스트네요 
642,INFJ,저도 남친에게 물어본 부분인데 장기연애 했다고 하면 아무래도 어느정도는 서로 조율하면서 맞춰갈수있는 상대겠네 생각해요 장기연애했던 분이 좋아요
643,ISTP,와 인프제들은 뇌 주름이 다 같은가봐요 공통 질문인가보네요
644,INFJ,저도 오싹하네요 mbti란게
645,ISTP,또 누구랑 만날때 공통적으로 하는 질문 있으신가요 
646,INFJ,주로 어떤걸로 싸웠냐 싸우면 어떻게 푸냐 내 어디가 좋냐 그 외는 기억이 잘 안나네요
647,ISTP,좋은데 이유가 있나요
648,INFJ,제 잇티제 남친도 그렇게 대답하던데 이유있죠
649,ISTP,악 좋은데 이유가 뭐 있죠 그 자체만으로도 좋은걸요 구체적으로 어떤 답변을 듣고 싶은건가요
650,INFJ,듣고싶은답은 없고 궁긍한거예요 제남친은 너라서 좋다길래 또 물으니 귀엽고 예뻐서라는데 썩 맘에드는 답은 아니고그래요 전 좋아하는 이유가 계속 늘고있거든요
651,ISTP,흠 답변을 좀 준비해봐야겠어요 
652,INFJ,솔직한게 가장 좋아요
653,ENFJ,둘다요 본인이야기해주고 거기에 맞게 저한테 질문도 해주고
654,ENFJ,전 여자지만 둘다에요 
655,ENFJ,둘다요
656,ENFJ,남자인데 둘다입니다
657,ENTP,여러가지 보는 부분들이 있지만 하나로 뭉뚱그려 말하기 어렵고 개인적이면서 복잡하다고 생각해서 전반적인 분위기라고 표현한 것 아닐까요
658,ISTP,텐션은 높은게 더 끌리시나요 
659,INFJ,제생각은 이거입니다 인프제 본인은 호감이 없는상태에서 나를 호감가지고 다가온다면 천천히 다가오다보면 인프제도 호감이 생기고요 인프제가 호감이 있다 그러면 상대가 호감이없다 하면 상대의 눈높이에 맞춰가는데 좋아하기에 잘됫으면해서 결과가 빨리 나왔음 하죠 짝사랑처럼 속앓이 서로 쌍방이다 그러면 빠르게 가야 속앓이가 없어서 좋더라구요 돌직구마냥 저는 7번 연애중에 장기연애가 3번인데 내가 호감없는 상대가 들이댓을때 제일 긴것은 두달 걸려서 제가 맘을 열엇구요 쌍방 일때는 일주일에서 이주 간것같아요 내가 좋아하는상대라는 되본적이 없는 속앓이 심함 1년 해본적도
660,INFJ,길수도있지만 내가 호감있는 상대가 넘 천천히 스며들고있으면 지쳐서 나가떨어져요 쌍방이면 빠르게 가는게 안심됩니다
661,INTP,일단 말부터 놓으시는 건 어떨까요다른분이랑 헷갈렸네요 취소
662,ISTP,인프제에게 애프터도 썸인거죠 스며들기 단어때문에 많이 조심스럽습니다
663,ISTP,그럼 맘에 안들어도 3번은 보나요
664,ISTP,어느부분에 느껴지시나요 전 예의 호감 구분이 안가네요 
665,ISTP,오 식당 골라오셔서 링크 받았어요 어쩜 인프제들은다들 한결같이 같은 마음으로 대답이 나오는걸까요 신기해요 정말
666,INFJ, 그런 상황 너무 싫어요 근데 항상 기싸움과 시기질투는 어딜가든 있더군요
667,INFJ,도대체 1일 언제 찍어용 누구라도 먼저 움직여줘요
668,ISTP, 이번 주 일요일에 만납니다
669,INFJ,헐 드디어 어떡해 이젠 빼도박도 못해요 벌써 느낌은 사귀는사이 같다구여
670,ISTP,사귀자고 서로 말했으니 전하고는 조금 느낌이 달라졌어요 근데 제가 좀 못됐나봐요 좀 안달나는걸 보고싶어서 
671,INFJ,그럴만해요 그동안 본인이 애타게 한 죄죠 머
672,INFJ,해피엔딩은 언제나 행복하네요 
673,ISTP,아직 결말 안 났습니다 
674,INFJ,보이는걸요 
675,ISTJ,인프제 연하남이 안달나기 전에 제가 안달나서 한줌 재가 될거 같
676,ISTP,헙 비타민 다 털고 오겠습니다 
677,ISTP,일요일이네요 왜 이리 시간이 안 갈까요 
678,ISTJ,아아아아아악 쿠키 구워서 선결제 안됩니까 하 존댓말 톡 완전 으른들의 연애같네요 저흰 서로 갈구는 재미러 사는데 히히
679,ISTP,그러고보니 어느 순간 톡이 서로 존대로 바꼈네요
680,ENTP,유자맛에일님 러브로맨스 잘보고 있는데요 저는 답답해서 죽을거 같은데 되게 배려심 많으신분 같아요
681,ISTP,20대였다면 저도 그냥 바이바이 하고 각자 갈 길 갔겠지요 오히려 지금은 저도 어디서 이런 유대감이 생긴 건지는 모르겠으나 서로 신뢰가 엄청납니다 아직 사귀는 사이도 아닌데 웃기죠 은근 안달 나 있는 모습이 귀엽기도 하고 조금 더 놀려주고 싶네요 우리 사귑니다 할 날이 얼마 안 남아서 
682,ENTP,앞으로도 쭉 연재 부탁드려요 정말 잘보고 있습니다 알콩달콩 1일 빨리 하시길
683,ISTP,저에겐 고민이어서 올렸던 글들이 연재물이 됐네요 감사합니다
684,INFJ,작성자님이 4시간후에 답장하셔서 비슷한 템포로 하는것같은데 다시 당겨보심 인프제도 당겨질거같아요
685,INFJ,4시간동안연락 못받아서 삐진거 같아요 시험기간인거 알았으면 이해하고 넘어가지 텀을 늦출거같진 않아요
686,INFJ,시험기간 이여서 4시간 동안 답장 못했다고 미안하다고 이야기는 하셨죠 그랬으면 보통 오해했었구나 하면서 바로 풀리는데 아니면 난 마음이 있다면서 적극적으로 당기셔야죠 여기 다른 글에서도 있지만 상대가 식었다고 느끼면 인프제들은 바로 놔 버리는데 4시간동안 답장 안한게 나에게 마음이 식었구나 생각했을수도 있어요
687,ENFJ,불도저 인프제가 아닌이상 본인이 어떤 마음인지 제대로 확신 못한 인프제를 만나고싶으시면 현타를 이겨내시고 계속 칼답 한번 해보세요 그럼 점점 카톡 텀 줄어들거에요 근데 굳이 현타 이겨내셔야할까 싶네요 하시다가 힘드시면 애태우지마시고 그냥 관두셔요이런 제가 이런말을 하다니
688,ENFJ,와 저랑 똑같은 상황이세여 저는 일부러 쉬라고 금토일 연락 뜨문뜨문햇는데 그 이후로 카톡도 거의 줄고 임티도 거의 안쓰고 말투가 바뀐 상황 땡겨도 잘 안딸려와요 지치네요 
689,ENFJ,전 제가 먼저 이번주주말에 만나자고도 했는데 이에 대한 확실한 답변도 못받았어요 담주 수요일이면 한참 남으셨네여 그 긴시간동안 카톡 답답해서 어떻게하져 진짜 
690,ENFJ,제가 알아본바로는 그리고 제가 연락하고 있는분도 폰붙들고있을때는 칼답인데 뭐 하고있을때 기본 몇시간은 텀이 있더라구요 개인시간이 중요한 사람들이라하구요 전 한번 이 스트레스 즐겨보려고 합니다 잇티제이님도 호감이 많이 있으시면 좀 더 노력해보시고 끊어낼 수 있다 싶으시면 좋은 결정 내리시길
691,INFJ,이성간의 썸 호감 이런걸 생각하면 연락 카톡포함 이런것들이 그사람의 관심이라고 생각해서 연인사이면 이해합니다 바쁘겟지 뭔일없겠지 텀길게하거나 내표현에대한 표현도없거나 잘안하면 스스로 맘닫고 멀어져요
692,INFJ,작성자님이 보내시는거죠 보통 그렇게만 보내시면 아 더이상 연락하지말라는거구나 받아들일거구여 내가 무슨 사정이있어서 정말미안해 못볼것같다 그날 대신 다른날 정확하게 111일 이날은 어때 이런거는 좋아요 정말 미안하기에 중요한 사정이 있구나세세하면 더감사하죠 만나는 날 얘기해주는건 날 싫어하지는 않구나 이렇게 두루뭉실하게 얘기하면 망상커져서 놔버려요결국
693,INFJ,가장 좋은방법은 솔직한사람 예의 배려 있는사람을 인간적으로 매우 좋아합니다 연애상대가 특히나 그런사람이기를 바라죠 아마 솔직하게 물어보시는게 힘드실수도있어요 그런부분도 이해하기에 연락빈도랑 만나는것 그런걸보고 판단하는거죠 애매하게 구는걸 제일싫어하고 밀당도 솔직히 싫어합니다 연락이 이어진다는거는 잠궈놓은 자물쇠가 여러개인데 이제 하나 풀어서 내마음 살짝 보여줬는데 어 다시잠궈놔야겠다 상처받기싫어 이런 뉘앙스라 해야할까요 솔직하게 물어보시면 솔직하게 답해줄거에요 혹시나 거절하더라도 정말 이사람은 좋은사람아구나 생각할겁니다 진심으로 예의 매너 배려 솔직 거절해도 죄송합니다 좋으신분이니 좋은사람 만날거에요 이렇게 딱말해요 원래 혹시나 욘락때문에 오해하실까봐요 저는 님 빨리만나고싶네요 호감있다는걸 보여주면 좋을것같습니다 제생각은
694,ISTP,그런 사람들은 저도 싫
695,INFJ,저는 어설프게 알면서내면적으로는 그 사람 싫어하거나 별로 친하지도 않고 정도 이상으로 친하고 싶지 않은 사람 저를 다 아는 척 하는 게 싫어요 근데 그냥 음 그냥 되게 싫은 사람 많아요 그 사람이 밥 먹듯이 숨 쉬듯이 하는 행동들이 제가 진짜 싫어하는거라서
696,ISTP,인프제는 다 착하지 않아요 다 아는것처럼 말하기
697,INFJ,아닠 개인적으로는 다른 Ni 주기능 유형인 인티제 분들의 의견도 궁금하네요 사실 Ni를 미숙하게 쓰는 사람들이 저런 류의 궁예질을 하는 경우가 종종 있어서요 아무래도 Ni 주기능자 입장에서는 자신의 부정적인 버전을 보는 셈이니 그 때문에 더욱 싫을 수 있고요
698,ISTP,헤헤
699,INFJ,아 맞아요 진짜 싫죠 나도 나를 모르는데
700,INFJ,웃으면서 아네 속으로는 니가뭔데 날알아 거리둬야지 생각
701,ENFJ,엔프제도 그래요 멀리미래를 생각해서 미래에도 괜찮을 사람만나는편
702,ISTP,nfj 분들의 특징인가보네요 제 인프제분은 본인만의 생각 끝냈는지 요즘 참 불도저가 되셨습니다
703,ISTP,사랑의 무게가 똑같을수가 없나봐여 받는 사랑도 행복하지만 주는 사랑도 행복할거라고 생각하면서 연애하고 있어요 
704,ISTP,저는 제가 인프제분을 짝사랑했고 조금씩 두들기다보니 여기까지 왔는데요 흠 요즘 참 생각이 고민이 많아지네요 방긋님의 행복한 연애 응원하겠습니다
705,ISTP,저도 전연애에 상처가 깊어서 가입하게됐었어여 그 이후에 어쩌다보니 만나게 된 상대방이 인프제남이라서 생각보다 사랑이 비등한 연애는 아니예요 방금 정독했어요 인프제남 너무 유죄인데여 왜 그러는거져 대체 진짜 다 알고있으면서 하아 유자님의 해피엔딩 글 올라왔으면 좋겠네여
706,INFJ,ST로선 이해하기 힘들거에요 저렇게 미래 얘기를 하고 상상력을 극대화시켜서 마치 뜬구름잡는 얘기들 지키지못할 약속들 현재와 전혀 연관없는 얘기들이라 흥미도 떨어지고 때론 답답하고 철없다고 느끼는 순간도 올 수 있습니다 지킬 수 없는 약속이며 미래는 변수가 많아 현재 행동이 중요한 ST라고 전 알고 있습니다 인프제는 이상주의자이며 완벽주의자입니다 자신이 뱉은말을 반드시 현실로 실현시킵니다 그 능력을 경험하고 계신겁니다 말을 뱉을때 수백번 고민하고 고뇌하고 말을 뱉은 순간 더 강력해지고 결국에 뱉은말을 반드시 현실로 실현시킵니다 그 미래가 통찰력을 통해 인프제에겐 명확하게 보이고 ST는 듣기 힘들어 할 수도 있습니다 즉 진짜로 3050년뒤 당신과의 계획까지도 이미 수백번 시뮬레이션을 돌려보고 수백번 구조를 설계하고 무너뜨리길 반복할 정도로 진심으로 좋아하는 단계인것같네요 절대 실패하지 않으려고 자는시간 이외에는 잠재의식속에서라도 생각하고 수정하고 보완하고를 반복하고 그 부담감과 마음을 상대에게 숨기기위해 노력합니다 이렇게 당황스러워할걸 미리 예상하거든요 인프제의 사랑입니다
707,ENFJ,근데 케바케인거같아요 제가 사귄 잇팁 전 남친들 두명다 저랑 항상 미래에 결혼하자 얘길했고 저는 아직 그런얘기하기 이르다 식장 들어갈때까지모른다 이런말했거든요 
708,ISTP,댓글 감사합니다 ST와 NF의 차이가 이렇게나 컸던가요 그렇다고 흥미가 떨어지거나 한 건 아니고 전 여전히 인프제분이 너무 좋습니다 저희는 지금 본인의 욕구보다는 상대방의 평안과안녕이 서로에게 우선입니다 내가 좋아하는 걸 하는 거보다 상대방이 싫어하는 걸 안 하기 아직 제대로 사귀기 전인데 이게 맞나 싶지만요 분명 저는 나 혼자 좋아하나 싶어 맘고생 엄청 했습니다 그런데 지금은 어디서 이런 강한 신뢰가 왔는지 모르겠어요 제가 원하던 신뢰를 기반으로 한 사랑을 충족시켜 줄 사람이라 저도 더 소중하게 대할게요
709,INFJ,여러번 상대방이 날 좋아하나 믿을 수 없어하다가 확신이 생기고 신뢰가 생긴 후 보여주는 모습입니다 착하고 순수한 사랑을 하는편예요 인프제인 저를 대입해보면 예쁜사랑하시길 
710,ISTP,제가 인프제분을 좋아하는지 계속 의심을 했었나보네요 지금이 참 편안하고 행복하지만 계속 이렇게 썸만 탈 수는 없으니 다시 확실히 관계 정립하고 지내겠습니다 그리 오래 걸리진 않을 것 같아요 감사합니다
711,INFJ,상대의 행복을 그리며 행복해하고 행복하게 해줄 확신이 있어서 본인의 마음이 커지면 항상 미래를 그리죠 평생 갈 생각을 하며 상대쪽에서도 미래얘기 같이 맞춰주면 더확신할거에요 이런부분에있어서 저희는 신뢰가 바탕이되는 안정된 확신을 가지고 평생갈 인연을 항상 찾는거같아요 그렇기에 마음여는것도 느릴수있고 마음 열었다가 호구처럼 악용당하거나 나랑다르게 시간이 지날수록 미래를 점점 놓아버리는 사람이면 상처를 크게 받고 동굴가듯이 마음의 문이 하나씩 닫혀가는거같어요 대신 문이 많기에 이해도 많이해주지만 다 닫혀버리면 뒤를 돌아보지 않죠 난 행복하게해줄 자신있고 그렇게 노력했으니 후회가 없으니깐요
712,ISTP,댓글 감사해요 이제는 마음에 대한 믿음이 없어 불안한 건 없는 상태입니다 다만 내가 이 사람이 생각하는 미래를 따라갈 수 있을까 하는 고민은 좀 드네요 혹여나 혼자 김칫국 마시는 중이래도 혼자 생각하고 혼자 판단 내리진 않으려고 합니다
713,INFJ,김치국 상대도 똑같을걸여 백프롴 인프제와 잇팁이 비슷헌듯 정반대라 결혼하면 잘살것같아요 화아팅
714,ISTP,죽겟네요 아주 철벽인지 미치겠어욬
715,ISTP,제가 부담스럽나요그럼 왜 선톡 했냐구요으허허허헝 너무 들이되엇나봐요
716,ISTP,저게 저말아닌가요 
717,ISTP,하미치겟네요 증말 
718,ENFP,인프제는 진짜 무슨 생각이 그러케 많은지 그냥 백괴사전 같아여 이 관문 통과하면 저 관문이 기다리고 있고 계속 다가가야 하고 다가올 줄은 몰라 삐걱거리는 유형 중에 원탑이에여 귀엽고 소심한 유형이라 저희가 마음껏 다가가서 마음의 문을 열어야 합니다 부담스럽고 싫으면 싫다고 하는 유형이라 싫은 건 아니고 그냥 다가오는 사람 되게 오래 지켜봐여 제가 이런 식으로 인프제 친구 6개월만에 제 친구로 만드렀어요
719,ISTP,제가 자꾸 들이미니깐 부담스러워서 말 돌린건 아니겟죠
720,ENFP,아녀 그냥 눈치 없어서 나한테 쓴 이모티콘은 아니겠지 그냥 쓴 거겠지 이런 생각 엄청 하고 이쓸걸여 그냥 귀여워서 쓴 건가부다 생각할 수도 있고 
721,ISTP,미치겟네요 증말 좀 받아 먹어라구
722,ENFP,인프제한테는 그런 거 기대하시면 안 대여 그냥 대놓고 말하거나 솔직하게 말하면서 천천히 다가가거나 근데 문제는 말 안 하고 다가가는 것보다 내 감정 미리 이야기하고 천천히 스며드는 걸 좋아해여 제일 철벽 유형 힘내세여
723,ISTP,그럼 먼저 저 오빠 좋아요 이렇게 말하고 스며들어야 좋은거에요이게 잘 먹히는 거에요 저라면 저란 여자 너무 흥미 없어질 거 같은데요 인프제 넘 어렵네여 
724,ENFP,호감이 있고 호기심이 가고 좀 더 친해지고 싶다or다가가고 싶다 이런 식으로 호감을 확실하게 표현하고 천천히 다가갈 것을 말씀드리세여 조금이라도 빨리 다가가면 인프제는 엄청 부담스러워해서 진짜 속도 절제하셔야 해여 
725,ISTP,헐속도 마저넹 와감사합니다 자꾸 치고 들어가려다가 팅겨나올뻔했네요
726,ENFP,힘내세여 그래도 인프제분들 무너뜨리는 것도 재미 있더라구여 화이팅
727,ISTP,감사합니다 꼭 잡아보게씁니다 오기가 이제 생기네요
728,ISFP,저는 8개월째인데 아직도 안읽씹 자주하던데 엔프피 님도 이러셨나요
729,ENFP,저 반 년 넘었어써여 진짜 무슨 계란으로 바위치기 같았는데 마음 열기 위해 부단히도 노력했던 것 가타요 제가 다 약속 잡고 다가가고 주제 만들어 얘기 꺼내고 엄청 힘들었는데 이 단계 지나니까 누구보다도 단단한 관계가 완성돼 있어써요
730,ISFP,안읽씹하는 이유가 뭘까요 심지어 본인이 선톡해놓고 안읽씹할때도 있더라고요 근데 또 보내기에는 부담스러워할까봐 못하겠고 팁 좀 알려주세요 
731,INTP,임티 위에 글자가 눈에 안 띄네요
732,ISTP,네 
733,ISTP,하그래도 오늘 선톡 해주셔서 다시 다가가는중인데 하갑자기 부글부글하네요 
734,ISTP, 인프제가 다가와서 감자님이 고백했는데 바쁘다고 차이셨다구요 속도도 맞춰줘야하나보네요
735,ENFJ,아 임티보고 답장하기까지 많은 생각을 했을 것 같아서 귀엽기도 하고 웃기기도 하고
736,ISTP,네 읽고 칼답 오는 사람인데 바로 읽고 좀 있다 답변 오더라구요 하다음 데이트 날짜 좀 잡자구요
737,INFJ,아 저 이모티콘이 진짜 산책하러가자는 얘긴가요 저같으면 그냥 이모티콘으로만 받아들였을것같은데 텍스트로 직접 써주세요 
738,ISTP,네하 네 다시 시도 기회봐서 해뷸게요 지금 저 부담스러워서 말 돌린건 아니겟죠
739,INFJ,부담스럽다기보단 긴가민가했을것같아요 진짜로 산책가자는건가 아닌가 하면서 고민했을듯해요 
740,ISTP,하갑자기 또 톡 왓는데 분리수거하고 산책하고 왓냐고 물으시네요 오빠랑 산책하고 싶어서 안하고 들어왔다 할까요
741,INFJ,오 좋아요 
742,ISTP,드디어애프터 갑니닷
743,INFJ,축하드려요 곧 남친생기시겠네요 
744,ISTP,근데 저 남자분 뒤에 소개팅분 한분 더 있으시데요 이번 주말인거 같은데 쩝 금요일 잘 하고 와야겠어요 조마조마
745,INFJ,엇 이럴수가 화이팅입니다
746,ISFJ,잇프제이지만 저도 저 임티를 받으면 저게 그냥 임티로 보낸걸까 아니면 진짜 가자는걸까 하고 헷갈려서 전자의 의미로 보고 답할거 같긴 해요 같은 ixfj지만 어려운거 인정
747,ISTP, 위에 글짜로 같이가자 오빠 적혀있잖아요 
748,ISFJ,그냥 이런 임티 귀여우서 쓰는 사람일 수도 있으니 의심에 의심을 거듭하며
749,ISTP,의심에 의심 하이젠 글짜로 무조건 말할거에요
750,INTP,정말 예상 못한 답변 저 분이 부끄러움 많고 신중한 타입인가여
751,ISTP,네 소개팅때도 칭찬 조금만 해줘도 얼굴 빨개지고 생각도 많으시고 그러시더라구요
752,ENFP, 봐도 봐도 너무 웃겨여 귀여우시고 아 인프제분들 매력 덩어링
753,INTP,귀엽네여 근데 연애 초반까지 상당히 답답하시겠어요 님이 리드하시는 건 어때요
754,ISTP,하 저 스샷 나중에 사귀면 추억으로 간직하려구요
755,ISTP,네 선톡만 잘 해주신다면 제가 자꾸 상황보면서 이젠 직접적으로 치고 나가야겟어요
756,INFJ,어디 산책가자고한건지 찾았는데 이모티콘텍스트로 해보세요
757,ISTP,네 이제 무조건 텍 스 트 로 해야겠어요 어질어질하네요 
758,ISTP, 한달전 제가 인프제분과 약속 잡았던 톡 올려드리며 지나가겠습니다
759,ISTP,하이렇게 해야하는군요 감사합니다 
760,ISTP,사랑해 오빠오빠 입니다 
761,ENFP, 제발 이 글 지우지 말아주세여 잇팁님 너무 귀여워여 
762,ISTP,네 
763,INFJ,구매하러갑니다
764,ISTP,약속 잡았습니다 감사합니다 
765,ENFP,뭐야 천천히 다가갈 필요가 없얶네여 축하드려여 제 일처럼 기쁘네여
766,ISTP, 하불도저 성격 어디 안가나보네요 저기서 팅겼으면 그때부터 소심해졌을거 같아여 같이 기뻐해주셔서 감사해용
767,INTP,아 드립치려다 말았습니다 축하드립니다안읽씹 아닌거죠
768,ISTP,네네 메뉴 정하고 있습니다 
769,INTP,아니 산책하자고 해놓고 급 밥약속은 완전 급발진 아닌가요 밥먹고 산책하려 하나요
770,ISTP,네 밥묵고 산책해야졍
771,ISTP,넹넹 이번년도 행운을 여기에 다 쏘아붇고 싶습니다
772,INTP,부디 급 한파가 찾아오길 바랍니다
773,ENFJ,꺄 축제다 맛있는 것도 먹고 즐거운 시간 보내고 오셔요 후기도 슬쩍
774,ISTP,와아 부디 썸 오래 안가고 결론 나시길 
775,ISTP,제발용 응원 감사합니다 
776,ISTJ,님연재 계속 해주세여 넘나 재밌어
777,ISTJ,어우 춥다추워
778,ESTP,글 또 써주세요 infj에게 호감을 느끼는 istp분들이 생각보다 많네요
779,INFJ,축하드립니다 만나서 오늘부터 1일 해요
780,INFJ,인프제는 용기가 잘 없는 것 같아요 동시에 글쓴이님이 부담될까봐 걱정되기도 하구요 직설적으로 드러내주시면 더 잘 받아주실거에요 눈치가 없는 유형은 아니지만 용기가 너무 부족합니다 저도 3년을 짝사랑을 해봤었는데 제가 생각해도 제가 너무 답답하게 굴었었다고 생각합니다 
781,INFJ,할말없어서 그렇게라도 이어나가는거 아닐까요
782,INFJ,네 뭐 친구들 와이프들도 챙기고 그래요 친구들 통해서 하지만요 관심있는 분이라서 가족들도 챙기는거에요 본인스케줄보고는 인프제 플러팅이에요
783,INFJ,잔소리는 편해지신모양이네요 관심이죠 없으면 그런얘기도 안해요
784,INFJ,반갑죠 인프제 선톡은 생각이 많아서 그렇게 쉽게 못해요 어떻게 시작할지 고르느라요
785,INFJ,안 이상하고 고마워해요
786,INFJ,사실 이성적인 호감이 크면 티가 확나요 물어보시지 않아도 알정도로 근데 호감이 생기기시작한 상태나 인간적인 호감이면 저희가 봐도 모르겠어요 본인에게 물어봐야지 알아요 용기가 필요하신거면 나답게 그냥 하세요 인프제가 맘이 커지면 알아서 직진할거에요 뭐 행동한거 없어도
787,INFJ,두분다 정상적으로 보이네요 누가 틀린건 아니고 두분성향이 맞지 않는거 같아요
788,ENFJ,그렇다고 나쁜 친구는 아닌데 대화하면서 저런 사소한게 삐그덕거리니 둘 다 뭔가 꿍해진달까요저 혼자 일수도 뭔가 이것만 맞으면 정말 편하게 대화할수있을것같은데하는 그 지점을 넘을 수 가없네용
789,INFJ,내가 나 해서 예민해 라고 얘기하는거랑 다른 사람이 너 오늘 해서 예민하겠네 혹은 해서 안 예민하겠네 하는거랑 기분 달라요 다른 사람이 날 아는 척 하면 기분 안 좋아요
790,ENFJ,아는 척하려한게 아니라 친구가 준 정보로 대화하자고 말을 건건데 그렇게도 생각하는군요
791,INFJ,그냥 오늘 기분 어때 라고 물어보시는게 젤 좋아요 그렇다고 오늘은 기분 어때 라고 하면 또 기분 안 좋아요 오늘은 왜 오늘은 이라고 하지 내가 어제나 그제 기분 안좋다고 했나 합니다
792,INFJ,와 적어놓고 보니 진짜 무슨 초 예민 덩어리 그냥 친하게 지내지 마세요
793,ENFP,
794,INFJ,진짜 전 누가 저를 파악한 척 저를 아는 척 하는게 싫어요 물론 저를 진짜 아는 사람이면 괜찮은데 직장에서든 사적으로든 나를 이미 정말로 아는 사람 그것도 아니고 어줍잖게 그냥 밥이나 같이 먹는 사이 정도이면서 날 안다고 생각하면 기분 나빠요
795,ENFJ,어렵네요 읽으면서 이해가 되려다가 다시 원점으로 돌아와서 다시 읽어보게 되네요 하 쉽지않당
796,ENFJ,아전 고기나와서 안예민하겠네 였는데 인프제에겐 고기나와서 안예민하겠네 로 예민이란 단어에 초점이 맞춰진걸까요
797,ENFJ,다른 인프제님들 댓글에서 말씀주신 고기나와서 좋겠네의 문장이 오히려 저에겐 제가 짐작하고 판단해서 묻는걸로 생각이 든단말입죠 고기가 안나와서 기분이 예민하다 인프제가 준 정보 고기가 나와서 기분이 좋다 인프제가 준정보를 통해 내가 판단한 정보 이렇게 생각이 드는데 판단 기준을 제가 잘못 정의한걸까용
798,ENFJ,아 진심 마지막 문단에서 인프제 친구가 무슨 생각으로 말한건지 이해 확 됐어요 계속 저는 대화자체에서 문제점과 해결방안을 찾으려 했거든요 감사합니다
799,ENFJ,진짜로 저는 제가 더 잘 파악해서 맞춰야지 생각을 가지고 친구를 대했는데불가능하군요 밑에 적으신 것처럼 불편한거 차라리 말을 해달라고 말해봐야겠네요 저런말안하면 죽어도 스스로 먼저 불편하다고 말안할 친구라서 어렵지만 한번 맞춰나가봐야겠씀니다
800,INFJ,생선구이에 국한해서 예민한거죠 먹는거에 따라 예민 하다 안하다 보다 그냥 생선구이가 먹기싫었던겁니다
801,INFJ,분석할 필요없습니다 그냥 생선구이가 잘못한거에요
802,ENFJ,고기반찬 안나오고 생선만 나왔어 그래서 예민해라고 말을해서 다음날 오늘 고기나와서 안예민하겠네 한거란말이죵 고기반찬나온걸 반겨준거였는데 생선구이가 잘못했네욬
803,INFJ,그냥 고기 나와서 좋겠네 라고 했으면 됩니다 안예민 하겠네에 내포되어 있는 의미가 상대방이 음식으로 예민하고 안하고 결정짓는 걸로 해석될 수 있잖아요 본인은 그냥 생선구이가 싫었던겁니다 다른 음식이 뭐든 예민한게 아니고 그냥 생선하생선구이가 싫은거라구요
804,INFJ,오 맞아여 그냥 고기 반찬 나와서 좋겠넹 하면 됩니다 근데 삔또가 좀 틀어져있으면 물론 그것도 다 싫긴 해요
805,ENFJ,어후 어후 어떤 말씀인지는 이해하겠네요 해석을하지마라그냥생선구이가잘못이다
806,ENFJ,편하게 스몰토크할랬는데 딱 잘라버리듯이 말해서 제가 좀 속상했나봐요
807,ENFJ,예민이란 단어가 문제였군요 무슨 생각으로 말씀하신건지 이해는 되네요 나름 몇년지기라서 전 친하다고 생각했는데신경쓰이는구나
808,ENFJ,본인도 뭔가 아차 싶은 생각에 생선도 고기야같은 답변으로 무마 시키려는 걸까요 인프제 친구가 가끔 그래요 디게 막말처럼 툭툭 뱉어서 제가 너가 하는말이 이런생각으로 꺼낸 말이야 그러면 뭐가 내 말은 얼룩말이였는데 이러면서 진심 어이없게 무마시키려고 하거든요참 알수가 없습니다요
809,ENFJ,당시엔 저딴말로 무마시키는게 짜증나는데 또 생각해보면 귀엽네요애증인가봐요
810,ISTJ,헐 전 기억해주고 신경써쥬는거 같아서 좋을거 같은뎈
811,ENFJ,맞아요 오히려 지난일 기억해서 신경써준건데 역시 생각하는게 모두들 다르니 쉽지않아요
812,ISTJ,저는 저 말씀이 어제는 고기 안나왓는데 오늘은 고기 나외서 좋겠네 라고 들리거든요 그래서 왜 기분이 상하는지 잘 모르겠어요 아님 먼가 평소에도 비슷한 일들로 쌓이신게 잇으셨나봐요
813,INFJ,제 경우엔 Enfj 지인이 한명 있는데 꼰대에 오해를 잘하고 넘겨짚기를 잘해요 그렇다는 전제하에 저에게 저번에 형이 고기 없어서 예민하다했지 이렇게 장난을 치고 나는 예전에 그런말을 했다고 가정하면 그때 바로잡습니다 아닌데 라고요 이유는 의미없이 한 얘기를 확대해석 과대해석해서 남에게 전하고 Enfj스스로 오해해서 넘겨짚은뒤에 왜 그런 생각을 했어 라고 물어보면 그냥 웃으며 넘어갑니다 아님 말고 형 매번 말 바뀌네 이런식으로 그러면 속으로 히틀러가 깨어납니다 그래서 그 이후에 일어나는 모든 잘못된 그 사람의 착각과 판단을 전부 하나하나 세세하게 원인 과정 결과까지 나열해 알려줍니다 그래서 그런것일수도 있습니다 저는 그런 경험을 했어요 말이 바뀌는것이 아닌 가벼운 농담과 그 상황에서의 흐름에 맞는 드립과 그걸 잘못 해석해 넘겨짚은뒤 나를 판단하고 무례하게 넘어가는 Enfj지인의 우둔함이 복합적으로 섞여 있전 제 경험담
814,ENFJ,어떤 상황이고 어떤 생각으로 엔프제 지인분한테 바로잡는 말씀하신건지 어느정도 이해가 가네요 저도 그런상황이 있었는지 곰곰히 생각해봐야겠네여
815,ENFJ,제가 저 이해간다는 말적으면서 부가적으로 적으려했는뎈 이렇게 제가 말했다고 또 너가 뭘이해해 라고 생각하시는건 아니시죠라구요
816,ENFJ,웃겨요 저도 얘가 어제말한거 까먹고 지금 저렇게 대답한걸까봐 어제 니가 그랬잖아 하면서 짚어주는데 참 그냥 아 그랬네하면서 인정을 해줬으면 좋겠는데 죽어도 인정안하고 무마 시키려하네요 본인이 그래도 어느정도 자각이라도 한다면 오히려 다행이네요 헿 오오 까먹지않게좋아요 그렇게도 한번 말해봐야겠어요
817,ENFJ,22제가 인프제는 아니지만 딱 저런거아닌가요 아 아는 여자애가 딱 저런식의 대화했던거 생각나서 스트레스 확올라오네요 그여자앤 그냥 엄청 예민하고 지멋대로라서 어제한말도 아니라고 우기고 자길위해말해도 예민하게 반응하고 진짜 별로였어요 저러는 사람은 걍 관심안주는게 답
818,INTP,어렵다 엔프제들도 어려워하는 인프제 나랑은 어떻게 대체 친구하는거지
819,ISTP,두분 다 생각들이 참 많군요
820,INFJ,아오 상대방이 사회성 0인걸 글쓴이가 속상해하지마요
821,INTP,별 신경 안 쓰일 것 같긴 해요
822,INFJ,네 의견 감사합니다
823,INTP,왜요 뭐가요 인팁이 뭐 어쨌다고요 습관적인 화법은 그냥 흘리는 것이 나을 것 같아요 욕이나 모욕적인 발언은 아니니까요
824,INFJ,선임이자 팀장이라 괴로워요
825,ISTP,썩 좋은 상황에서 들으시는 말은 아닐 것 같아요 다만 저분의 생각과 행동이 일관성있다면 그것대로 괜찮은 사람이고 그러지 못한 사람이어도 보통 다 그렇다고 생각합니다 그래도 그런 식으로 말을 하면 본인에게는 불편하고 조금 신경써주면 감사하겠다고 말씀해보시는건 어떠실까요 무시하기엔 이미 괴롭다고 표현을 하셔서요
826,INFJ,제 생각도 그래요 저런 워딩 저는 너는 이런 기본적인걸 아직도 몰랐니 라고 들린다고 면담요청 해보려구요
827,ISTP,제 경우 업무적으로 이런 상황이 생기면 뻔뻔하게 나갑니다 네 제가 놓치고 있었던것 같습니다 죄송하지만 제가 찾아볼 수는 있겠지만 혹시 직접 가르쳐줄 수 있겠는지요 잘하셨다면 기분이 나쁠것같지가 않은데 뭐가 문제였을까요
828,ISTP,친구든 사회든 어떤 그룹에 속해있으면 각 그룹의 성향이 있습니다 그 구성원 개개인의 특성까지 알게모르게 짬뽕된 혼돈의 카오스 그 자체죠 당연히 라는 말에 대해서는 개선을 요구하실 수 있으나 그만한 능력을 보여주지 못한다면 책임또한 본인의 몫일 뿐이라는 생각입니다
829,INFJ,팀장님이 다른 곳에서 제가 있는 곳으로 배정 받으셨어요 그래서 업무 자체는 1년 정도 제가 먼저 하고 있었고 업무도 제가 이렇게 하는거라 인계 해드렸어요 2018년 데이터는 이런 형식으로 코딩이 되어있는데 2023년 코딩값은 다르다 어떤 코딩값 정의를 따라야 하냐의 질문이었습니다 2023년의 코딩 정의가 바뀐 것이 이러이러한 이유같다라는 저의 코멘트와 함께요 그랬더니 제가 언급한 그 이유 떄문에 코딩값이 2023년 파일이 맞는 상황이었어요 근데 제가 물어본 이유는 팀장님도 2018년에는 아래의 피드백 처럼 데이터를 관리하셔서 저희들이 헷갈려서 제가 대표로 물어본거였는데 다음과 같이 호들갑 떠셔서 황당했거든요 네 당연히 안적죠 파일로 주신 으로 바꿔야죠 했으면 당연히 없어야죠
830,INFJ,팀장님도 저도 배운대로 업무를 하고 있었던거에요 근데 팀장님은 데이터 관리를 하시다 보니 코딩값을 자기가 바꾸어서 입력을 하시고 계셨고 본인도 그렇게 첨엔 입력했는데 아닌것 처럼 저만 바보 만드는 것 같은 코멘트게 화가 났습니다
831,ISTP,이런 비슷한 상황들이라면 면담통해서 충분히 원만한 조율이 될거라고 생각합니다 서로 기분나쁘지 않게 어떤 방향성을 잘 맞춘다면 업무효율도 그만큼 올라가지않을까요
832,INFJ,떡볶이 예시 같은 상황이면 완전 긍정이니 기분이 나쁠 이유는 없는데요 업무에 대한 질문을 하면 당연히 이렇고 저렇고 하니까 당연히 이렇게 처리 하셔야죠 이런식으로 항상 말하세요
833,INFJ,그러니까요 특정 질문에 당연히가 남발 되는것 보면 그 분도 제 질문이 위협적으로 느껴지셨나 싶네요
834,INFJ,기본 값이 좀 부정적인 분인것 같긴해요
835,ISTP,좋게 들으라고 하는 소리는 아니예요 그런 기본 적인 건 말 안해도 당연히 알아야하지않나 라는 의미가 내포되어있는거죠
836,INFJ,그쵸
837,INTJ,22 그 선임도 모든게 처음부터 당연했을지 궁금하네요
838,ISFJ,이거 먼느낌인지 알아요 예를들면 처음 보고를 받은내용이라 알려줄려고 말하면 당연히 이건 이렇게하는게 맞죠 이런식으로 아는척하는데 이런사람 저는 이렇게 대처합니다 이거는 라고하네요 이거알고계시죠 라고말하고 그사람이 예맞아요 이건당연히해서 인거에요 라고 아는척하면 제가 다시말하죠 아 이게아니라 이거에요 이건에요 라고 다시 수정해서말하면 이사람 말버릇 고쳐집니다 이거 한번말고 몇번만 해보시면 싹 고쳐집니다 자기가 뻘쭘해하거든요
839,INFJ,지금 거울 치료를 해볼까 합니다 저는 항상 물어볼때 이전 데이터는 이런데 선생님이 입력하신 데이터는 이럽니다 뭐가 맞는거죠 이런경우가 많아요 근데 데이터가 누적이라 매뉴얼의 정의나 코딩값은 같아야 하는데 이전 데이터를 왜 따르지 않고 당신이 이제 데이터 관리하니까 맘대로 바꾸냐 이런 의미가 내포되어있어서 팀장도 기분이 나쁘셔서 당연히 내 데이터가 맞지 이렇게 반응하시는건가 싶기도 하네요
840,ISFP,개복치인 저는 당연히 죠라고 하면 내가 뭔가 당연한걸 물어봤나하면서 리액션같은거 안하고 대화도 안하게 되는것 같슴다 
841,INFJ,저도 개복치 딱 그 느낌이에요 게다가 제가 질문한것도 아니고 다른 사람이 물어본거 제가 대표로 정리해서 물어보겠다고 한건데 저혼자 똥멍청이 되었어요
842,INTJ,그냥 그 사람이 자주 쓰는 단어일거예요 저 아는 사람은 자체라는 단어를 한 문장에도 여러번 써요
843,INFJ,그 사람 성향이니 냅둬야 할까요
844,ISTJ,저는 내가 당연한것도 모르고 있었구나 이제 알아야겠다 이렇게 생각할거 같아요 상사면 나보다 잘알텐데 그사람 입장에선 당연한거고 난 초년생뽀짝이라 모르는거니까 그걸 귀담아 알게 되면 나도 성장하니까 개이득
845,ISTJ,긍정주의 작용이 어떤 말씀이실까요
846,ISTJ,아아 딱히 긍정적 으로 사고하는 편은 아닌데 엄청넌 걱정쟁이 저는 기본적으로 상사나 선배 나보다 경험치 많음 이 일적으로는 나보다 나은 사람 뭐 일처리 방법이나 성격 이런건 와 같다 이렇게 생각할지라도 일에 대한 데이터베이스 면에서는 나보다 월등한 사람이라 생각 그래서 그 사람이 지적이나 지시를 하면 나보다 더 잘 알겠지 가 디폴트 입니다 그래서 당연한거 아녜요 하면 아 당연한 얘기를 내가 아직 몰라서 물어봤구나 이제 알아야지 이렇게 어지간하면 그냥 받아들이고요 너무 비효율적이거나 비일관적인지시면 의문을 제기하고 다른 대안을 제시합니다 그래도 까라면 까라는 식이면 그래 뭐 니가 책임자지 내가 책임자냐 란 마음으로 하란대로 합니다 단 그 책임이 제 책임 이 될 일은 끝까지 싸웁니다만 제 직종 특성상 그럴일은 별로 없어요 일례로 전 직장 부장이 진짜 일처리 방식도 인성도 모두 쌍욕 심한욕 이었는데 사람 취급도 안하고 쌀쌀맞게 대했지만 하란대론 다 했습니다 긍정적인가요
847,ISTJ,네 상명하복 스타일이란 말 좋아합니다 그리고 잇티제는 보이는 그대로인 스탈인거 같아 머릿속 프로세스를 궁금해해주는 사람이 별로 없어서 신나서 길게 썼네요 세 세바퀴요너무 힘들지 않나요 
848,INFP,진짜 이게 당연한건가 먼저 생각해 보고 당연한것 같으면 열심히 하려고 노력해요
849,INFJ,송금표시없으면 차단입니다 
850,INFJ,아 그럼 본인이 프사바꾸고할때 보여주기 좀 꺼려져서 그런거 같아요 본인이 염탐하려는게 아니라 h님이 보는게 싫어서
851,INFJ,염탐보다는 내거보여주는거 싫어서일가능성이 커요 카톡은 멀티안해도 염탐 가능하니까
852,INFJ,그냥 했을수도 있어요 딱히 뭐 생각하고 한거 아니고
853,ENTP,글 읽어봤는데 두분 다 입장 이해 가는데 굳이 따지자면 남자분 입장에 더 이해가 갑니다 근데 여기서 제가 이해가 간다고 해서 남자분의 급발진 행동이 잘했다고 말하는게 아니라는 점은 알아주셨으면 좋겠어요 저는 글쓴분처럼 말씀하시는 방식을 선호하지 않고 남자분이 글쓴분에게 답답해하는 포인트가 어떤건지 알것 같아서 말씀드리는 것뿐 입니다 제 3자가 보기에 글쓴분 입장에서는 둘이 대화하고 있는 맥락과 관계 없이 갑자기 남친이 급발진해서 감정표출 하는것처럼 보이실거라고 생각합니다 반대로 남자분 입장에서는 글쓴분이 대체 뭘 원하는지 모르겠고 자기 방식과 자기 스타일대로만 말을 시작하고 끝맺는다는 느낌을 받으실거라고 생각해요 남친분이 답답해하는 포인트는 이겁니다 남친분은 여친이 기분 나빠하는것 같으니 전화해서 왜그런지 기분 살펴주려고 물어봤는데 여친분은 회사에 대해서 간략하게 말하고 아냐아냐 기분 나쁘니까 그만 말할래 여보이렇게 말하고 계시잖아요 그러면 남자 입장에서는 이 이야기를 더이상 하고 싶지 않은거라고 생각하거든요 그래서 남친분은 상대방 감정 배려해서 전화를 끊으려고 하는데 거기다 대고 장례식 끝나고 나면 연락할거지라고 얘기하고 계셔서 그동안 남자분이 쌓였던 압박감이 폭발해서 급발진 하신것 같아요 남친분 입장에서는 기분 맞춰주려고 전화했는데 말해주지도 않고 그러면서 통화는 계속 붙잡고 있고 원인은 모르는데 계속 우짜노힘들겠다 이래야되고 이 상황 자체가 힘들고 의무적으로 느껴지시고 나만 여친한테 맞추네 라는 느낌이 드는거죠 차라리 글쓴이님이 말씀 하실때 남친분한테 내가 지금 회사 이야기를 하면 더 기분이 나쁠것 같아서 얘기는 못하겠어 왜 곱씹을수록 힘들잖아 그런데 그냥 자기랑 통화하는것만으로도 많이 풀릴것 같아 마치 옆에서 아무말 안하고 토닥여주는것처럼 자기랑 전화하는 것만으로도 위로가 돼 괜찮다면 더 통화할수 있을까라고 표현을 하셨으면은 남친분은 이해하셨을거에요 그리고 남친분이 미안하다고 말을 했을때도나는 지금 미안하다는 말을 듣고싶은게 아니야라고 말을 하셨는데 남자 입장에서는 사과해야되서 사과하는건데 이걸 왜 또 시비털지 어쩌라는거지라는 생각이 들어서 이해가 안가셨을겁니다 이때는 글쓴이님이 그렇게 미안하다고 말해줘서 고마워라고 먼저 말씀을 해주시고 그 다음에 자기가 알게모르게 나한테 연락의 압박감을 느꼈나봐 내가 미처 알아차리지 못해서 많이 속상했지 다음부터는 그런 마음이 들었을때 바로바로 얘기해줬으면 좋겠어 그래야 우리가 서로 깊은 감정의 골을 만들지 않을것 같아서 부탁하는거야 이렇게 말씀하셨으면 훨씬 남자분이 받아들이기 쉬웠을거에요
854,ENTP,222
855,ISTJ,333
856,INFP,업무로 이동하는 시간에 남자친구분께서는 쓰니님을 생각 해서 연락을 했을거에요 기분이 안 좋다고 해서 받아주려고도 했구요 올리신 카톡에서도 그런 느낌은 들어요 또한 통화는 더 이상 하기 싫어서 끊으려고 하는 것 보다 정말 그럴 때 있잖아요 텐션 낮게 대화를 하면 할 말이 없을 때가 있어요 아무 말없이 둘 다 통화 버튼만 누른 상태로 있는 거랑 다르지 않으니까 그걸 원할 수도 있어요 저도 그냥 내 사람이 내 가까이 있다는 감각을 느끼고 싶어서 별 다른 말이 없어도 통화를 유지해 달라고 부탁할 때가 있거든요 그치만 그게 익숙하지 않으면 끊고 싶을 거에요 어색하고 말 없는 통화가 좀 답답하고 저도 혼자서 생각을 많이 하는 편이다보니 상대방의 대화하는 방식이나 목소리 등으로 지금 이런 상태인 거 아닌가 하는 넘겨짚기를 하고 혼자 걱정할 때가 있는 편이에요 나랑 연락하는 게 싫은 거 아닌가 이런 거 근데 솔직히 상대가 어떻기 때문에 어떠했기 때문에는 그냥 상대에게 책임을 전가 시키는 거고 내가 상대를 어림짐작하고 지금은 아니지만 혹시 그럴까 봐 그게 싫어서가 더 솔직한 마음이라고 생각하거든요 상대 입장에서는 나는 아무런 짓연락을 안 한다거나 등등을 할 생각이 없는데 지레 짐작하고 유도하는 듯한 질문이나 말을 받으면 얘는 나를 뭘로 봐 혹은 나를 못믿어 라는 생각을 할 수 있을 것 같아요 그래서 저는 그런 생각이 들 땐 일단 그걸 말로 바로 꺼내진 않아요 대화가 더 하고 싶었다면 이렇게 말해보는건 어떨까요 늦은 시간에 너도 일로 이동 하는 거라 피곤하겠어 시간 내서 연락해줘 고마워 너랑 좀 더 대화하고 싶은데 일정 끝나면 연락해줄래 그리고 연애관이 안 맞다는 말은 어떻게 조금만 곡해해서 들어버리면 우리가 안 맞다로 들릴 수 있어요 좋게 푸는데 일단 안 맞다는 말 부터 하면 안되지 않을까요 마음은 안 그러신 거 같은데 표현이 쓰니의 기분이 중심이 되고 쎈 거 같아요 제가 제 상대분께 우리 연애관이 안 맞아 혹은 우리는 안 맞는거 같아 라는 말을 들으면 일단 마음이 조금 와르르 할 거 같거든요 상대분도 쓰니님을 좋아하기 때문에 지금의 관계가 생긴 거잖아요 너는 나를 얼마나 좋아해 보다 우리는 서로를 좋아하기에 지금 이렇게 함께하고 있다 를 더 많이 생각하는 게 좋을 것 같아요 정떨어졌니 나랑 해결할 마음이 없어 이건 음 질문을 하신 의도가 만약 상대분이 해결할 마음이 없다고 하면 헤어지실건가요 연락도 안하실건가요 해결할 마음이 없어 라고 답을 받으면 그때 다시 우리 그러지 말고 잘 해결해보자 라고 하실건가요 후자라면 굳이 해결할 마음이 없어 라는 질문이 필요하지 않잖아요 내가 해결을 바라면 상대에게 그걸 질문하고 떠보거나 하는 과정보다는 그냥 그 상황에 대해서 얘기를 하고 풀 시도를 하는게 더 좋은거 같아요 연인이기 때문에 내 상대의 기분을 상태를 무조건 맞춰주거나 풀어줘야 할 이유는 없어요 그렇게 생각하신다면 반대로 이유없이 혹은 쓰니님을 이유로 상대가 기분이 나쁘다면 쓰니님께서도 풀어주려고 노력하셔야죠 또 보듬어 주셔야죠 상대분이 잠수를 탄 경험이 있어서 쓰니님께서 좀 더 예민하실 수는 있지만 음 너 지금 물에 발담그는거 잠수하려고 하는 거지 내가 그럴 줄 알았어 당장 나와 라고 말하면 나한테 명령 하는 거야 왜 네멋대로 생각해 라고 생각해서 물에 발만 담그려고 하다 외려 잠수해 버림 식의 삐뚤어진 행동을 할 확률이 굉장히 높아진다고 생각하거든요 그러니까 안 일어난 상황에 그럴지도 모른다 라는 생각으로 그것을 사전 검열하려는 방식은 쓰니님도 상대분도 지치게 만들거라고 생각이 되어요 마지막으로 글 초반에 남자친구분이 옆에 있었음 좋겠고 평소 의지하라고 하는 분이 바빠서 통화도 못하고 뭐 이런 생각으로 힘들어 하면서 돌아가시는 중이라고 하셨잖아요 어떤 생각을 했는지 혼자 좀 생각해보시는 건 어떠실까요 만약 저 상황에서 내 남친은 의지하래놓고 왜 바빠 통화하고 싶은데 그럴 땐 통화도 못하는 상황이고 내가 이런 상태인데 왜 옆에 있어주지도 못해 이런 생각이 드셨다면 쓰니님께서 오히려 쓰니님의 마음건강에 좀 더 집중을 해야 한다고 생각해요 남에게 의존하지 않은 상태로요 제가 가끔 그래요 너무 힘이 들면 상대에게 당연하게 내 옆을 지켜주길 바랄 때가 있어요 그 사람이 나에게 너무 위안이 되는 사람이라서 그래요 근데 지면에 뿌리 튼튼히 박고 서 있는 나무도 자기보다 무거운 걸 오래 기대놓으면 언젠간 넘어질거거든요 내 마음은 내 것이고 내가 어느 정도는 컨트롤 해야 하는 거지 상대가 있어서 상대의 영향으로 100 회복 시키려 들면 안되는 거 같아요 마지막으로 회사 일도 연인과의 상황도 많이 힘드실텐데 많이많이 힘내세요 
857,INFP,아이구 토닥토닥이에요 저도 제 인티제가 우린 성향이 너무 안 맞는거 같아 라고 말할 때가 있었어요 그럴 때 상처받았거든요 근데 의외로 그냥 안 맞기 때문에 너무 싫어 가 아니라 안 맞다는 사실을 약간의 아쉬움 불만을 섞어 말한 거 같더라구요 그래서 그럴 땐 확실히 얘기해 줬어요 무슨 말을 하고 싶은지 모르지는 않지만 나는 그런 말을 들으면 상처받는 거 같아 우리가 다 맞는 부분만 있을 순 없지만 맞춰야 하는 부분은 그 부분에 집중해서 같이 얘기하고 싶어 이렇게 말하면 보통 무시하진 않을 거 같아요 서로가 서로를 아끼기 위해서 만난 사이니까요 연락부분은 내 연락을 의도적으로 무시할 리가 없잖아 라고 생각을 해요 저도 처음엔 연락 텀이 길기도 하고 잠깐 사이에 사라지기도 해서 오해도 많이 했었어요 지금은 그냥 이런 사람이다 라고 인정하고 나니 하던 일이 끝나면 연락주겠지 이런 여유가 생겼어요 제 생각에 인티제분들이 기본적으로 조금씩은 회피 기질이 내장되어 있다고 생각을 해요 그러니까 그 사람들에게 어떤 현상은 해결이 필요한 부분인데 해결을 위해선 여러 가지를 생각해야 하잖아요 그 생각에는 시간이 걸릴 수도 있구요 특히 감정 부분이 진짜 심하다고 생각했어요 제 인티제도 제가 감정적이면 그 감정을 해석하려고 애를 쓰지만 감정만으로는 제가 뭘 원하는지 제가 어떤 상태인지 명확하게 인지하지 못하기 때문에 그럴 때 시간을 필요로 해요 설령 시간을 가진다 한들 내 감정 그대로를 100 이해하진 못해요 그걸로 서운해하면 끝이 없어지구 그래서 저는 어떤 문제가 생기면 감정을 배제하고 상대에게 전달하기 위해서 제 마음을 돌아보는 시간을 가지게 되었어요 그게 저에게 긍정적인 영향을 주더라구요 일단 제 자신이 조금 차분해지고 불필요한 감정 표출이 줄어들었어요 그러니까 가끔은 상대에게 내 감정을 이기지 못해서 던질 때가 있잖아요 그런 것들이 조금씩 줄어든 거 같아요 최근에는 제 인티제가 아침 일찍 일어나서 듣고 있는 수업이 있는데 그 수업이 끝난 후에야 메시지를 주는 거에요 그게 전 또 내심 서운했구요 제가 생각했을 때 아침에 일어나서 연락 한 번 하는게 어려운 게 절대 아니거든요 아니면 이동하는 시간 중에라도 말해주면 되는데 이게 어려워 라고 생각하니까 서운함만 커지는거에요 그래서 혼자 생각을 했어요 왜 이게 서운해 왜 일어나서 연락을 해 줘야 하는거야 내가 아침에 연락을 받고 싶으니까 일어나서 상대가 내 생각을 해 줬으면 좋겠고 그것이 드러나는 행동이니까 그럼 왜 안한다고 생각해 못하는 건 아닐까 일찍 일어나는 생활을 하지 않다가 일어나면 나갈 준비하느라 바쁘고 정신없이 준비하고 나가면 또 나름대로 한숨 돌릴 시간이 필요할 거 같기도 해 그런 상황에서도 꼭 아침에 연락을 해 주길 바라 대신 수업 끝나면 바로 연락해주니까 괜찮은 거 같기도 해 하지만 해주면 나는 조금 더 기쁠거야 그럼 그것에 대해 얘기하되 상황상 힘들다고 한다면 서운해 하지도 말자 저는 쓰니님의 상황이나 기분을 이해 못하지 않아요 왜냐면 엔프피시면 비슷하잖아요 저도 상대가 싫어하면 어쩌지 이게 무서워서 오히려 그 감정을 못 이길 때가 있다보니 내가 원했던 건 아니지만 상대를 무시하기도 상처 주기도 하더라구요 그냥 내가 너무 소중히 여기는 사람 그리고 내가 소중히 여기는 나 자신이니까 그 둘을 내가 잘 돌볼 수 있어야 해 라고 생각하시면 그래도 마음이 조금 가라앉을 거에요 내가 건강해야 나와 내 사람을 지킬 수 있으니까 저도 마냥 건강한 마음을 가지고 살진 않아서 매일매일 많이 고민하고 생각하고 연습해요 나와 내 사람에게 좀 더 좋은 사람이 되고 싶어서 괜찮아요 다 잘될 거에요 스스로에게도 그렇게 말해주세요
858,INFP,상대가 좋으니까 그만큼 감정이 커지는 거 같아요 긍정부정 양 쪽 모두요 스스로를 싫어하면 결국 그 마음 때문에 상대를 더 죄려 할 수도 있어요 그런 내 모습을 내가 싫어하게 되면 상대도 싫어할지 모른다는 두려움이 생기니까요 저도 매번 생각하고 생각하면서도 그 두려움을 이기는 게 어려워서 마음 다잡기를 작심일일로 계속 다시 다시 반복할 때가 있어요 쓰니님의 오늘 하루가 덜 바쁘고 덜 힘들길 바라요 그리고 소중한 분과도 서로 마음 다치지 않게 잘 얘기하고 해결하시길 진심으로 바랄게요 따뜻한 하루 보내세요
859,INTJ,글 길어도 다 읽어봤는데요 솔직히 제 기준으로는 전화로 찡찡거리는 부분이 어느정도 받아줄 순 있는데 말들이 뭔가 감정쓰레기통마냥 하는 말들 같고 저라면 너무 피곤하고 기분이 안 좋을 것 같아요 이후에 일정이 없는 것도 아니고 장례식장에 가는 상황인데 뭔가 기분이 안 좋아보였다면 우선 시간을 좀 주고 나중에 얘기할 수도 있는건데 계속 질문을 하면서 질질 끄는 느낌 그리고 기분이 안 좋아보여도 혼자 판단해서 질문하지 마시고 일단 생각만 한다음에 스스로 고칠 수도 있는거잖아요 회사에서도 연애에서도 힘든 마음 이해되는데 너무 많은 것들에 의미부여하고 걱정하는 것 같아요 저러면 상대가 지칠 수 밖에 없고 의지하라해서 의지한다고 하시는데 누가 시키는 대로 할 필욘 없어요 그냥 하는 달콤한 말일 수도 있구요 힘들 때 당연히 의지할 수 있지만 그 비중이 너무 커지면 안 되고 스스로를 컨트롤 하는게 최우선 같아요 그리고 싸울 때 당장 전화로 얘기해야한다고 생각하실 수 있는데 감정적인 상태로 더 얘기해봤자 싸움만 더 커져요 상대가 이성적인 대화를 원하는건 싸움을 풀 의향이 있다는건데 그것마저 무시하고 계속 감정적으로 대하면 대화 자체를 그냥 하기 싫겠죠
860,INTJ,상대방 성격을 이해하면 서운하던것도 안 서운해지고 상대방 행동에 대한 이유를 알게 될테니 이해가 될겁니다
861,INFJ,인프제는 싸운 뒤 시간을 안주고 그 순간 풀자고 강요하는순간 히틀러 빙의합니다 싸운 뒤 충분한 시간이 필요한데 그때 감정도 정리할 수 있을 뿐더러 많은 생각을 통해 감정적인 부분을 낮추고 이성적으로 과거부터 싸운순간까지의 연결점을 찾아 되짚어봅니다 미안한 마음도 들고 내 스스로도 반성하고 상대방의 잘못도 다시한번 체크해보고 등등 말이죠 이것때문에 저도 쓴이님과 남친분처럼 엄청 싸웠습니다 더 심하게 싸우게될겁니다 그러니 싸운 후의 개인시간쥬는것을 부디 진지하게 잘 조율하시길 카톡을 보니 남친분이 사랑하시는것같은데 너무 들들볶아서 히틀러가 나온듯해요 남친분이 힘들다고하는것들 화내면서 소리치듯 얘기하는 힘들다는점 이를테면 연락 강요 싸운 뒤 바로 푸는것 등등 이런것 때문에 인프제는 참다 참다 터집니다 절대 그냥 넘겨듣지마세요 글쓴이님이 이직과 회사생활힘든점이 있어 서운한걸 잘 알지만 왜 서운해하는지도 잘 알지만 결국엔 본인이 안좋은일이 있었고 남친이 챙겨주지 못한다고 생각해서 그것때문에 싸우게되는데 그건 결국 본인의 안좋은 일 남친에게 불똥튐 이렇게 보여집니다 그 어떤 남친도 이런일이 반복되면 그 연애가 지치고 힘들것 같아요 지금 글에서 보여지는 전체적인 내용은 남친과 옛 어른들 입장에선 바가지 입니다
862,ENTJ,저는 완전 t인데 남친분은 인티제일것 같아요 반응이 뭐 갑자기 짜증내거나 하는 것 보단 미리 쓴님 기분이 좋지 않다고 말해주는건 나쁘지 않은것 같은데요 눈치보이게 하는건 맞는것 같구요 남친분은 그냥 징징거리는걸 들어주는게 피곤한걸수도 있구요 징징거리는거 자체를 이해 못하는 t들도 좀 봐서요 음 근데 저는 엔프피 겪으면서 감정적으로 많이 힘들긴 하더라구요 무슨 대답을 원하는지도 모르겠고 얘는 남자라 그런가 빙빙 돌려서 말하는 편이라서요 근데 특별한 일 없는데 징징거리고 싶으면 뭐라고 반응해줘야 하는건가요 저라도 그냥 끊자고 나중에 기분 나아지면 말하자고 할것 같아요 진짜 할말이 없어서요 예전에 엔프피가 약속잡을때까진 기분 좋다가 만나러 나와서는 틱틱거리고 짜증내는거에요 기분 나쁘고 삐진 걸 풀어주길 바란것 같은데 제가 든 생각은 뭐하자는거지 내가 자기 감쓰인가 싶어서 딥빡쳐서 담에 보자고 하고 집에 온적도 있어요
863,INFJ,헤헿헤
864,INFJ,인프제뷴이 여자인가요
865,INFJ,너무 정보가 부족해서 뭐라 말씀드리기 어렵지만 님께서 좋아하면 충분히 가능해보입니다 뭐때문에 헤어지자고하는지 대화를 많이 깊게 오래 여러번 해보시는게 필요해보이는데요
866,INFJ,제가 남자라 다를수도 있지만 우선 헤어지자고 해놓고 다시 연락한건 마음이 큰것같아요 여자분께서 연애 초보인것같고 나이도 30대 초반 미만이실 가능성도 높아보입니다아직 덜 성숙한 인프제 그분을 좋아한다면 대화를 최대한 많이하려고 노력하시고 정말 많이 대화를 해보세요 그리고 헤어지자는 말은 쉽게 못하게 혼내시고 단호한 모습 보여주시고 싸워본적도 없고 의견충돌도 없고 자세한 내용을 몰라 조심스럽네요 다른남자가 생긴건지 위의 모든 행동이 강압적인 집착이될테니 그렇다면 놓아주는게 맞을테니까요
867,INFJ,흠 그랬군요 여자분이 마음이 제대로 님에게 확 빠진게 아닌것같습니다 무언가 이유가 있을듯합니다 인프제 헤어지면 끝인경우가 있지만 그건 수도 없이 많은 기회를 준 다음 진절머리가 난 후에 정때문에 어쩔수없이 사귀고 있다가 어떤 계기로 헤어지게되면 수도없이 줬던 기회들로인한 힘들었던 경험때문에 단호해지려는것입니다 끝이라고해도 인프제도 힘들어합니다 근데 여자분이 갈팡질팡 확신이 없는것같아보입니다 전략을 잘 구상해보시고 부족한 부분을 남자답게 묵묵히 쌓아놀리시기바랍니다 몸직업마인드재산인격 자기관리 등등 미련은 조금 있겠지만 여자분 마음에 확신이 없는 상태니까 그게 뭔지를 찾아 남자분이 뭔저 확고한 위치를 얻으셔야할것같습니다 적어도 여성분의 마음이 흔들리지 않을정도로 좋아할 수 있도록 어떤 무언가를 찾아서 어필하셔야하는게 우선같아요
868,INFJ,저도 인프제일뿐 여자의 마음은 어렵네요 남자 인프제인 저는 전 마음 없다는 저런말을 내 연인이 한다 두번다신 평생 안붙잡고 아무리 사랑하는마음이 커도 절대 연락하지 않습니다 나에게 반하지 않은 이성 나에게 확신이 없는 연인에게 매달릴만큼 제가 부족하지 않다는 매우 강력한 확신과 그런 나를 알아보지 못한 연인은 제 사랑을 받을 자격이 없다고 생각해서요 그래서 솔로인듯요 
869,INFJ,운명은 있다고 믿습니다 인프제라서 더 운명같은 사랑을 믿습니다 저는 남자니까 꾸준한 표현응 받으면 진심은 통한다고 그 여성분을 사귈수도 있습니다 다만 외적으로 혹은 성격 취향 등등이 제 이상형에서 멀다면 매우 기준이 엄격하고 높아집니다 마치 첫눈에 반하면 콩깍지가 있어서 단점도 좋아보이지만 콩깍지가 없다면 단점이 다 보이고 신경질적이고 화가나며 짜증도 나겠죠 마치 상대적으로 마음없는 남자가 매달리는 여자친구를 함부로 대하듯 그런 느낌처럼 됩니다 그러면 죄책감이 생기면서도 그런 사랑을 원했던 상대 이성이 책임져야할 부분이라고도 생각합니다 나는 널 완전 좋아하지 않는데 너는 날 너무 좋아해 꼭 사귀고 싶어했고 나는 노력해서 사귀어줬지만 단점이 보이니 고쳐주길바래 이런 복합적인 마음
870,INFJ,잘되길 바랍니다 
871,ISTP,소통에 문제가 있거나 주의를 줄 때 어떻게 말해줘야 괜찮을까요 예를들면 욕을 한다든지 할때요 존나나 미친이라는 단어를 쓸때 방금 비속어 쓴거야 조금 실망스럽네 또 다른 이야기로는 데이트 자리에서까지 회사 이야기를 끌고와서 서로의 업무에 대해서 잘 모르는데 사적인 자리에서까지 해야해 과부화걸려 이런식으로 이야기 하거든요 제가 저런말들을 넌지시던지면 엄청 미안해하는데 제가 말실수를 한건 아닌지 다 너무 미안해하고 괜찮다고 그러거든요 자기 잘못된거 고쳐줘서 고맙다고 이게 진실된 마음이 맞나여
872,INFJ, 반갑네요 요즘 제 최대 관심사인 ST님이시네요 그사람이 멋있다가도 욕을쓰면 멋없어 보여 라고 잘 타이르시면 멋있어지려고 알아서 안쓸거에요 근데 비속어 써서 호감이 식어라는말은 포기를 유발시킬 수 있으니 포인트는 내 연애대상으로서 멋있다가 좀 멋없어진다 너는 안그러지 이런 느낌으로 업무얘기를 한다는것 자체가 ST님을 신뢰하고 편한사람 범주에 넣는겁니다 조잘조잘 자기 일상 얘기를 하는거거든요 만약 그 업무 얘기가 중요한 얘기라면 뭐 계약이나 회사 사활이 걸렸거나 엄청 심오한 얘기면 더더욱 님을 좋아하는겁니다 내 삶은 매우 어려운 선택을 하는 일을 하고 있으며 나는 그 일을 이런 고민과 이런 생각으로 해결하는 멋진 연인이다 따라서 일얘기는 ST님에게 호감의 얘기인데 듣기가 싫은건가요 그사람의 유일한 자기어필을 빼고 데이트때 가벼운 대화만 하거나 대화를 안하면 인프제는 사랑을 느끼지 못합니다 공감이 안되는 사람이라고 느끼며 답답함을 느끼게 될 가능성도 생깁니다 대상분이 남자 인프제러면요 대화가 중요합니다 인프제는 일얘기 말고 다른얘기를 할 수 있도록 공통분모를 찾고 대화을 많이 하시는게 좋습니다 대화가 통하지 않으면 어렵습니다 저는요
873,ISTP,아 그런 생각을 하는거였군여 저한테는 왜 다른 직종에 종사하는 사람이 서로 열심히 사는건 이미 알고 있는데 들어도 알 수 없는 업무이야기를 왜 이렇게 광활하게 진짜 전부 세세하게 해주는건가 싶었는데 저런 마음이 있었구나 이제 열심히 들어줘야겠네여 신기하네여 고맙습니당 정말 하나도 잘 모르는 이야기들인데 듣겠습니당 이제는 큐큐
874,INFJ, 도움이 됐다면 좋네요 일얘기 끝없이 할거에요 더 현명하고 강한 남자일수록 더 힘든일 큰 목표를 갖고 끝 없이 헤쳐나갈테니까요 때로는 너무 일얘기만 하지 않도록 현명하게 다른 방향으로 주제를 돌려도 됩니다 ENFP분들이 잘해요 대화를 많이 해 보시면서 생각이 맞춰보세요 화이팅
875,INFJ,근데 저 얘기는 왜하는거죠 거의 하루일과 얘기하는 수준인듯
876,ISTP,저도 몰라여 저런걸 다 이야기해줘여 그럼 이런식으로 혼내는쪽으로 되는 느낌이예요 그래도 저런 생각을 가지고 해준 이야기라고 생각하니까 한결 듣기 편해질것 같아요 
877,INFJ,그냥 웃으면서 한번 물어봐도 좋을것같아요 아니 왜 일 얘기를 1시단 단위로 보고하듯이 얘기하는고야 정말 궁금해 이렇게 솔직하게 다 얘기해줄겁니다 제 친구중에 선택장애 인프제남자도 있어요 보면 답답해 죽겠는데 그런 유형일수도 읶으니까 저분의 특징일수도 읶으니까
878,ISTP,넵 내일 도전해볼게여 후기댓글 가볼게여 도즈언
879,INFJ,네 
880,INFJ,다투면 좋아했던 감정 차갑게 식습니다 글에도 댓글 남겼어요 서운한게 많으신듯합니다 인프제는 싸운 뒤 절대 건들면 안됩니다 그게 가장 좋아요
881,INFJ,본인이 썸 붕괴시키신거 아닌가요 남자는 적극적으로 연락을 하던 순간에 하루 잠수 그 이유는 댓글쓰신분만 아는 이유고 상대는 전혀 모르고 인프제는 밀당이라고 느끼면 더 밀던가 아예 포기합니다 쉬운 썸을 어려운 밀당으로 만드신것같아요
882,INFJ,연락 못할만큼 바쁜 일이 아니라는걸 인프제가 안다면 저 여자분 마음은 딱 그정도구나 싶어서 차게 식을 수 있어요
883,INFJ,그럼 만나자고 하시고 만나서 대화로 오해를 풀어보시는건 어때요
884,INFJ,부디 설레는 썸타시길
885,ESTJ,인프제 남자와 연락중인데 저에게 질문을 던지거나 물음은 별로 없습니다 다만 대화를 마무리 하려하면 계속 이어가고 본인의 일상을 사진과 함께 알려줍니다 이런 경우 인프제는 어떤 마음인건가요
886,INFJ,호감이 있는겁니다 ST는 질문을 통해 관심을 느끼지만 INFJ는 일상생활 얘기를 하고 카톡을 꾸준히 하는것 부터가 관심을 표현하는겁니다 질문은 상대방이 곤란해할까봐 잘 안합니다 묻는것도 어색한 사이거나 안친하면 질문하는게 실례라고 생각해 궁금한게 많아도 친해질때까지 안합니다 정보가 부족해 이정도
887,ISTJ,썸붕 됐을 때 상대방 여자분 연락처나 카톡 다 바로 지우시나요
888,INFJ,성숙한 인프제는 안그럽니다 대부분 안그러는편 같아요 다만 썸붕 과정에서 상대방에게 상처를 받았거나 다툼이 있다면 그럴수도 있습니다
889,ISTJ,혹시 쪽지도 받아주시나여
890,INFJ,네
891,ISTJ,보냈습니당 회신 기다릴게욧
892,INFJ,회신 완
893,ISTJ,인프제님 심리학박사같아여 쪽지 보냈어요
894,INFJ,회신 완
895,ISTJ,회신 완
896,INFJ, ST와 인프제의 이야기는 언제들어도 흥미롭습니다 회신해 드렸어요
897,ISTJ,재밌어여 회신완
898,INFJ,애석하게도 한번도 인프제여성과 만나본적이 없는데 한명 묘하게 끌리는분이 있었어요 서로 호감만 간다면 잘 될지도
899,INFJ,인프제가 원하는만큼 시간을 주시는게 좋아요 늘 그게 현명합니다 인프제갸 원하는 시간에 대화를 시작하시고
900,INFJ,손을 잡았으니 여자쪽에서 뭔가를 보여줘야 고백까지 갑니다 가령 팔짱을 껴준다던가 등등 상대방의 호감이 확인되고 날 좋아한다는 확신이 생겨야 고백 근처라도 가요
901,ISTP,선톡에 끝나고 같이 가자고 하는건 그린라이트 아닐까요
902,ISTP,네 제가 보기엔 엠비티아이를 떠나서 남자들은 굳이 굳이 관심없는 여자랑 4시간 카톡하고 같이 집에가자고 하고 선물주고 그러는 동물은 아닌것 같아요
903,INFJ,음 저는 그냥 인간적 호감 같아영 친한 동생 느낌
904,INFJ,선톡하고 탐색하고 질문도 많아져요 이상형은 뭐야 이 음식 좋아해 저거 좋아해 등등
905,INFJ,이정도론 잘 모르겠어요
906,ISTP, 사실 요즘 안달나게 하고 싶어서 비타민 안 가져갈까 싶기도 한데요 3개 다 챙길 듯요
907,ISTP, 제가 생각하는 결말이 나오면 외전으로 따로 올려보겠습니다 전 아직 왜 그런 답변을 했을까 모르겠어요 만나서 진솔하게 다 터놓고 얘기하고 싶어요
908,ENTP,이 드라마의 결말이 어찌 될 것인가 궁금한 사람 손
909,ISTP,곧 나겠지요 주말드라마가 아니라 미니시리즈라면 
910,ENTP,우리의 생각대로라면 아마 이번주가 1부의 끝 정도 되겠죠
911,ISTP,워낙 예측불허 인프제분이라 대하드라마가 아니길 바라고 있습니다 
912,INFJ,222
913,ISTJ,너놈새키 고마워요가 정신건강에 제일해롭다 이시키야
914,ISTP,시토님 덕분에 제가 대리만족합니다 
915,ISTJ,진짜 그때 입힌 정신적 손해 배상하려면 앞으로 평생 아주 그냥 평강인프제마냥 잘해야 한다구요
916,ISTP,그거랑 손잡고 걸으면서 어떤 종류 어쩌고 하던 그 x소리랑 휴 그래도 계속 두들겼더니 길이 보이긴 하네요
917,ISTJ,맞아여 평생 유자님의 인간 비타민이 되어 갚도록 하여라
918,ISTP, 본의아니게 시리즈물 연재중입니다 감사합니다
919,ISTP,저도 완결내고싶어요
920,INTP,뜬금없지만 저 여우 이모티콘 이름 뭔지 궁금합니다
921,ISTP,
922,INTP,감사합니다
923,ISTP,아직 사귀는 사이는 아닙니다
924,ISTP,눈치 빠른지는 모르겠어요 제가 생각하지 않는것들까지 혼자 생각을 엄청 많은것들을 하고있다정도
925,ENFP,생각이 많군요
926,INFJ,눈치 없다는 얘기 종종 들어요 아 호감표시 잘 못느껴요 그냥 좋은 사람이다 하고 말아요
927,ENFP,예를 들어 술 취해서 팔짱끼면 호감 표시로 아나요 아님 아 취했구나 하고 마나요
928,INFJ,아 취했구나요 지금은 예전 경험있어서 알지만 예전에는 몰랐네요
929,ENFP,딱 좋아한다고 티를 팍팍 내야 그때부터 알아차리는 편일까요
930,ENFP,허거걱 근데 또 절대 먼저 말하진않죠
931,ENFP,인프제 눈치 빠른거같아요 제가 느끼기에는요
932,ENFP,헉 그렇군여
933,INFJ,눈치 빠른데 모르는척 잘해요
934,ENFP,괜찮은 상대면 모르는척 즐기나요 별로인 상대면 모르는척하고 거리를 두시나요
935,INFJ,어떤걸 모른척 즐기는지 별로면 모르는척 하고 거리를 두긴해요
936,INFJ,눈치 엄청 빠른데 모르는척 잘해요 근데 누가 날 좋아한다는 호감표시는 잘못느낌
937,ENFP,자신을 좋아한다는거에만 눈치가 느린 편인가요
938,INFJ,모든부분에 눈치가 엄청 빨라요 친구놈 사귄다 헤어진다 그런거같다 다알구요 근데 다른사람이 본인을 좋아한다고 대놓고 내눈 앞으로와서 티내지 않는이상은 그냥 대부분이 호의겠거니 생각하고 넘긴다해야하나 그래서 눈치를 못채는것같아요
939,ENFP,아 귀여운 유형이네요
940,INFJ,그냥 한마디로 미련곰탱이같다 생각하면 될것같아요 누가 나를좋아하는부분에서
941,ENFP,인프제 잘모르지만그남자분이 글쓴님을 그만큼 좋아해서 그런거라고생각해요강요한것도 아니구 본인이 그러고 싶어서 한거니 그냥 칭찬만하셔도 좋아할듯해요
942,ISTP,그럴까요 칭찬만 해주면 더 심해지지는 않겠죠 제가 가스라이팅을 심하게 당했어서 자진해서 저렇게 행동하는게 마음이 편하지가 않은가봐요
943,ENFP,너무 힘든 연애 하셨구나저도 나쁜 남자한테 된통당하고난뒤로는 착한사람이 최고라는 생각이 들었거든요 그분에게 호감이 있으신거면 그냥 지금은 해주는대로 온전히 고마워하면 될듯해요 너무 부담스러운건 말하시구요 변할사람이라면 언젠가는 변해요
944,ISTP,맞아요 나쁜사람을 피하고 싶은 마음도 큰것 같아요 말씀 한마디 한마디가 너무 따뜻해서 눈물이 날뻔 했어요 바람이 많이 불어서 다행이네요 엔팁님 고맙습니다
945,INTJ,정신적으로 받는 구도가 일방향일 수록 내가 주는 것과 받는 것의 갭이 커지면서 발생하는 마음의 부채입니다 이런 행동은 무의식적으로 상대에게 덜 감사하거나 덜 존중하거나 무시하거나 혹은 업신여기는 식으로 상대의 행동을 방지하는 식으로 이어질 수 있죠
946,ISTP,말을 좀 더 조심해볼게요 고맙습니다
947,INTJ,말을 조심하는 것은 궁극적으로 해결책은 아닙니다 상대분이 관계를 향상시키려는 욕구 자체에서 비롯된 동기가 그대로며 이를 쓰니님에게 잘해줌이라는 도구를 활용하는 것이란 전제가 지속되는 한 무엇을 요구하는 행위 자체를 줄이는 것은 반대로 상대에게 나에게 관계를 향상시킬 여지를 주지 않음 이라는 인식만 만들 수 있어요 이게 계속되다가 쌓이면 상대는 넌 나에게 아무것도 못해주게 해라는 말이 나오게 하는 식으로 터질겁니다 방치하는 건 상대의 관계개선욕구를 줄이는 식이라 최선이 아닙니다 더 좋은 해결책은 이런 마음의 부채 자체에 부담을 가진다고 말씀해주시고 좀 더 템포를 맞추어가자고 직접적으로 도구에 제동을 걸어주셔야합니다 아니면 오해는 계속될겁니다 아니면 이런 주고 받는 관계에 좀 더 익숙해지셔도 되고요 최선은 양쪽 모두 하시면 좋겠죠 여담으로 잘해줘도 xx하네 라는 말도 있긴 한데 사실 이런 말을 하는 사람들은 결국 잘해줌으로써 도덕적 이점을 취하는 어느정도 이기적인 동기가 존재하는 언행이기도 하죠 먹이를 좋아할 지 말지는 고양이가 정합니다 너무 염려하지마세요
948,ISTP,말을 엄청 조리있게 잘하시네요 두번정도 정독했어요 소통을 통해서 해결해봐야겠네요 어떻게보면 갓잖은 고민내용인데 문제해결 해주시려고 시간내주셔서 머리써주신것 같아서 고마워요
949,INTJ,아니에요 어떤 내용이든 의미가 있습니다 균형은 관계에 사실 매우 중요한 이야기이기도합니다 소통으로 잘 해결되셨으면 좋겠어요 읽어주셔서 감사합니다
950,INFJ,시간 지나면 그렇게 하나하나 맞춰주려고 하지 않을거에요
951,ISTP,다행이네요 이런분을 처음봐서 궁금했는데 차차 나아진다고 하니까 마음 한켠에 짐이 덜어졌어요
952,ISTP,마음껏 고마워해줘라 명언인데여 고맙습니다
953,ISTP,그때 제가 심적으로 너무 힘들었었나봐요 그렇겠죠 그랬으면 좋겠어요
954,ISTP,항상 맞춰가는게 당연한거였는데 장기연애가 끝나고 다시 연애를 시작한거여서 잠시 잊었었나봐요 좋은 이야기 고맙습니다
955,ISTP,아직 연애초이기도 하고 두터운관계도 아니지만 상대방이 저보다 생각을 많이하고 고민이 많다는게 느껴져요 전 단순한 쪽이였거든요 고마워 해주는게 상대방한테는 더 큰 기쁨으로 올 수 있다는 이야기 더 마음에 새겨볼게요 고마워요
956,INFJ,아마 지금은 작성자분을 엄청 좋아하는마음에 다 원하는 스타일대로 바꿀려고 한거일꺼에용 그러고 싶어서 질문도 많이하구요 근데 또 그런게 부담되는부분은 말해주면 고마워해요 왜냐면 하나하나 하는데 많은생각과 고민이 들어가요 상대의 행복한모습을 상상하면서요 이왕이면 아마 나는 이런건 좋고 싫다 많은부뷴을 얘기해주면 다 메모하거나 기억할거에요 부담되는 부분 이런건 이렇게해도 난좋아한다 이런것들이용 정해주시면 편할거에여 이쁜사랑하세요
957,ISTP,제 생각보다 더 섬세하군여 예쁜사랑 하도록 최대한 노력해볼게요 고맙습니당
958,ISTP,감사합니다 따뜻한 댓글이네여
959,INFJ,연락 관련은 인프제 본인이 바빠졌을 수도 있고 상대를 생각해서 맞춰주는 걸 수도 있고 여러가지가 있을 수 있습니당 한데 3개월 이면 긴 시간도 짧은 시간도 아닌 애매하긴 한데요 물론 주관적이긴 하지만요 서운할 게 있으면 처음에 했던 것처럼 서운한 포인트를 이야기 해 주게끔 이끌어 주는 게 인프제 성향이 맞긴 한데 약간의 애교처럼 맛있는 걸루 풀자구 할 수도 있구 이런 저런 경우의 수를 해 보는 거 같아요 자존감이 서로 존중되고 중요해야 오래 가는 연애를 할 가능성이 높은 만큼 너무 받아주지는 않으시구 게 서운했다 라구 솔직하게 귀엽게 표현해 보시는 것도 좋을 거 같아요 맛있는 거 사 준다구 하기 전에 선수 치면 될 거 같아요 그 다음에 반응을 보고 해 보셔요 인프제 입장에서도 내 여자친구가 자존감 떨어져 가면서까지 같이 사귀거나 지내고 싶진 않을 거에요
960,INFJ, 미칠 노릇이네염 
961,INFJ,아저도 올때까지 톡 안하고 전화안하는데 첨엔 기다리다 제가 했는데 지금은 안하는 이유가 약간 패턴화 되기도했고 상대를 파악했으며 어련히 알아서 안할까하는 마음입니다 그런 생각이시면 표현해주세요 저도 상대가 그런생각이려나 첨으로 생각하게 되네요
962,INFJ,안하면 바쁘겠지하는 생각인데아음엔프피시면 서운하실수도 있겠는데 각잡고 얘기하세요 들어줄거예요
963,INFJ,서운한거 얘기하세요 고쳐줄거에요
964,INFJ,잦으면 좀 힘들어할수는 있겠죠 그렇게 잦은가요 왠만해서는 선을 안넘을텐데 선넘는 기준이 높아요
965,INFJ,님이 어느정도 손아귀에 들어오신 것 같습미다 어느정도 파악이되어서 안정적인 상황으로 보이네요
966,ISTJ,저는 인프제 정말 매일 일어나자마자 새벽에 선톡 와잇엇어여
967,ISTP,소개팅하고 다음날부터요 
968,ISTJ,네 그날부터 두달동안 매일 선톡
969,ISTP,후 전 접어야겟군요 
970,ISTJ,근데 사람마다 다를거같은데 그럼월화 연락 안하눈 중이에요
971,ISTP,어제는 제가 했는데오늘도 선톡 안오셔서 그냥 안하고 있어요
972,ISTJ,엇 좀 미지근하네요 소개팅하고 부터는 특히나 더 열심히 와야하는데 
973,ISTP,네 그냥 접어야하는거 같네요 
974,ISTJ,음 첨부터 저렇게 적극적이지 않으면 굳이 저도 안할거같아요 
975,ISTP,먼저 해보시라니까요
976,ISTP,어제 먼저 했어요 근데 오늘 또 안어셔서요
977,ISTP,넹 제가 슬슬 자야겠어요 하니깐 잘자라고 마무리 하셨는데요
978,ISTP,네 인프제들은 톡 순서 그런것까지신경 쓰나요
979,INFJ,222222222222
980,ISTP,그면 그냥 톡 안오시면 그러러니 하고 있으면 알아서 오나요 전 돌격스타일이라 
981,INFJ,돌격스타일이면 계속 돌격하세요 기다리지마시고그정도로 저돌적일 맘이 아닐순있지만 그렇다고 또 호감이 아니라고 할수도 없어요 쓰고보니 좀 어렵네요
982,ISTP,저도 상대 반응 보면서 하는 스타일이라서요 근대 무슨말씀이신지 
983,INFJ,좀 헷갈리게 썼나요 본문처럼 저돌적이 아니라고해서 호감 아니라고 볼순없단거예요 저돌적 아니어도 좋은감정일수 있다고요 물론 꽂히면 앞뒤안보고 전투마처럼 달리지만요 그정돈 아직 아닌듯해요
984,ISTP,첫만남에 꽂히는 일은 드문가요
985,INFJ,네 첫만남에 이성으로 느낌이 오긴하지만 전 대부분 3번 만나기전에 확실히 느낌이 와요 한번보고 오는 경우는 잘없고 두세번정도요
986,ISTP,저도 자꾸 멈칫 하는 이유도소개팅때 남자분이 솔직 신뢰가 중요한사람이라구 본인은 늘 솔직하게 대답하고 그런 관계를 이어갈거다 하시길래 그럼 다음 소개팅녀도 있어요 물으니 한명 더 있다 하시더라구요 하 그말 때문에 한번씩 톡을 열었다가 멈칫하게 되네요
987,INFJ,다른분도 있으니 더욱 신중하게 선톡 못하는걸수도 있겠네요 완전 작성자님께 꽂힌건 아니니 그럴수있어요 그렇다고 철벽 느낌은 아니니 선톡도 하고 해보세요
988,ISTP,아니에요 그분 만나고와서 연락 오시겟죠 후 전 이제 제가 안움직일래요방금 댓글 적다보니 답이 나온거 같아요 
989,INFJ,흠 도움 드리고싶어서 적자면 인프제가 다음 소개팅녀에게 꽂히면 작성자님이 아무리 연락해도 철벽칠거예요 근데 작성자님과 그 소개팅녀 모두 괜찮은 느낌이면 더 적극적인 분을 만날거라는겁니다 작성자님이 그정도 맘이 아니시면 그냥 오겠거니희박하지만 두시고 놓치기싫으심 담 소개팅 있던말던 적극적으로 가보세요 미안해서라도 잇팁님께 더 유리한 상황일거예요 먼저 알았으니
990,ISTP,인프제의 철벽이란 카톡 안읽씹 읽씹 이런건가요 
991,INFJ,다른분께 꽂히면 저라면 사실대로 말하고 연락하지말아달라고 할듯해요
992,ISTP,헉 짤없네요따뜻해보이던 인프제가 저런말을 한다는건 상상이 안됩니다 
993,INFJ,그니까 지금 작성자님께 호감이란거죠
994,INFJ,솔직 예의 배려를 항상 생각하는 인프제라 마음 없으면 예의로 없다고 말해줄거에요 읽씹은 보통 나는 신경써서 노력하는데 상대가 계속 할말없게 읽씹 호감표시x이러면 연락그만하고싶다는 뉘앙스느끼면 할정도 예의가 아니라 생각해서이게 반복되면 마음 접는것같아요 어장이나 짝사랑처럼 느껴져서 저도 그래서 할말없게 두세글자오면 읽씹하구 연락안한다 솔직하게 보내야하나 싶기도해요 안읽씹도 예의가 아니라고 생각 카톡 순서보긴해요 내가 보냈는데 읽고 답장안온다 그럼 내가 또보내야하나 말아야하나이런걸 밀당으로 느껴요 반복시 정떨어짐 100프로 딱 좋아한다는 표시가 있어야할듯해요 하트이모티콘같은거 하나면 단번에 알아차리긴할텐뎈
995,INFJ,확실한건 너무좋아하면 저처럼 읽씹당해도 또보내긴 하는데요 저런 잘자라는 멘트는 좋아하는 사람한테만 햐요 인프제도 나름귀찮아해서 예의선에서 잔다 이러고마는데 님이 하트 눌러주셨다면 오다행이다 했을텐데 답이 없으면 예의상 눌렀다 생각할수도 있어요 
996,ISTP,후전 연락온다면 적극적으로 다시 변할것 같은데굳이 저혼자 자꾸 먼저 보내기가 싫네요 피곤하네요 
997,INFJ,망상의동물이라 시간이 지날수록 혼자 망상하다가 마음정리할수도 있어요 지금 비유를하면 제가볼때 물을틀었는데 수도꼭지를 손가락으로 막고있는거 같아요 손가락만뗄 힘을줘서 떼면 물꼬가 트여서 콸콸콸 막 쏟아질것같아요 근데 그 손가락 힘을 인프제가 혼자 뗄수있지만 상대가 애매하게하면 다시막아요 제일 좋은거는 손가락뗄 힘을 같이 보태주눈 호감표시 한번이면 다시는 막힐일 없다 생각해요 
998,ISTP,카톡 프사에도 반응하나요 제 얼굴 사진으로 바꿔볼까해서요
999,INFJ,앜제가 좋아흐는 잇팁분이 막 바꾸셨는데 프사를 저랑톡하고 다섯번바꾼듯 여러가지 경우의 수를 두기때문에 바꾸시면 나보라고 하는건가 아니지 그냥 바꿀수있지 나말고 다른 사람 보라고 할수도있지 생각했어요 의미부여 할까 말까 고민하는 종족 근데여기서 혹시나싶어 프사 이쁘다 이렇게 보내면 어떻게 답장하실건가요 부담이나 붐그러워서 얼버무리시면 아 나한테 관심없구나 생각들어요 제가 똑같이 그랫어요
